Date,Close
1/1/2013 23:58:00,2.0457
1/2/2013 23:58:00,2.0456
1/3/2013 23:58:00,2.0433
1/4/2013 23:58:00,2.0321
1/5/2013 23:58:00,2.034
1/6/2013 23:58:00,2.0324
1/7/2013 23:58:00,2.0263
1/8/2013 23:58:00,2.0401
1/9/2013 23:58:00,2.0476
1/10/2013 23:58:00,2.0258
1/11/2013 23:58:00,2.0326
1/12/2013 23:58:00,2.0297
1/14/2013 23:58:00,2.0324
1/15/2013 23:58:00,2.0329
1/16/2013 23:58:00,2.0408
1/17/2013 23:58:00,2.0371
1/18/2013 23:58:00,2.0379
1/19/2013 23:58:00,2.0377
1/20/2013 23:58:00,2.0298
1/21/2013 23:58:00,2.0402
1/22/2013 23:58:00,2.0409
1/23/2013 23:58:00,2.0339
1/24/2013 23:58:00,2.0285
1/25/2013 23:58:00,2.0286
1/26/2013 23:58:00,2.025
1/27/2013 23:58:00,2.0285
1/28/2013 23:58:00,1.9942
1/29/2013 23:58:00,1.9865
1/30/2013 23:58:00,1.9883
1/31/2013 23:58:00,1.9905
2/1/2013 23:58:00,1.9717
2/3/2013 23:58:00,1.9864
2/4/2013 23:58:00,1.9932
2/5/2013 23:58:00,1.9829
2/6/2013 23:58:00,1.9859
2/7/2013 23:58:00,1.9639
2/8/2013 23:58:00,1.9711
2/9/2013 23:58:00,1.9701
2/10/2013 23:58:00,1.9701
2/11/2013 23:58:00,1.9707
2/12/2013 23:58:00,1.9673
2/13/2013 23:58:00,1.9641
2/14/2013 23:58:00,1.9562
2/15/2013 23:58:00,1.9666
2/16/2013 23:58:00,1.9651
2/17/2013 23:58:00,1.9652
2/18/2013 23:58:00,1.9596
2/19/2013 23:58:00,1.9539
2/20/2013 23:58:00,1.96
2/21/2013 23:58:00,1.9718
2/22/2013 23:58:00,1.9514
2/23/2013 23:58:00,1.969
2/24/2013 23:58:00,1.9691
2/25/2013 23:58:00,1.9804
2/26/2013 23:58:00,1.9807
2/27/2013 23:58:00,1.9734
2/28/2013 23:58:00,1.9763
3/1/2013 23:58:00,1.9603
3/2/2013 23:58:00,1.9755
3/3/2013 23:58:00,1.9811
3/4/2013 23:58:00,1.971
3/5/2013 23:58:00,1.9625
3/6/2013 23:58:00,1.9707
3/7/2013 23:58:00,1.9595
3/8/2013 23:58:00,1.942
3/9/2013 23:58:00,1.9418
3/10/2013 23:58:00,1.9419
3/11/2013 23:58:00,1.9572
3/12/2013 23:58:00,1.9656
3/13/2013 23:58:00,1.9715
3/14/2013 23:58:00,1.972
3/15/2013 23:58:00,1.9768
3/16/2013 23:58:00,1.9768
3/17/2013 23:58:00,1.9788
3/18/2013 23:58:00,1.9827
3/19/2013 23:58:00,1.9826
3/20/2013 23:58:00,1.9844
3/21/2013 23:58:00,2.0051
3/22/2013 23:58:00,2.0047
3/23/2013 23:58:00,2.0065
3/24/2013 23:58:00,2.0065
3/25/2013 23:58:00,2.006
3/26/2013 23:58:00,2.0147
3/27/2013 23:58:00,2.0102
3/28/2013 23:58:00,2.0192
3/29/2013 23:58:00,2.019
3/30/2013 23:58:00,2.019
3/31/2013 23:58:00,2.019
4/1/2013 23:58:00,2.0151
4/2/2013 23:58:00,2.0198
4/3/2013 23:58:00,2.0232
4/4/2013 23:58:00,2.0133
4/5/2013 23:58:00,1.9937
4/7/2013 23:58:00,1.9832
4/8/2013 23:58:00,1.989
4/9/2013 23:58:00,1.9775
4/10/2013 23:58:00,1.9697
4/11/2013 23:58:00,1.974
4/12/2013 23:58:00,1.9517
4/13/2013 23:58:00,1.9517
4/14/2013 23:58:00,1.9662
4/15/2013 23:58:00,2
4/16/2013 23:58:00,1.9846
4/17/2013 23:58:00,1.9976
4/18/2013 23:58:00,1.9817
4/19/2013 23:58:00,2.0054
4/20/2013 23:58:00,2.0054
4/21/2013 23:58:00,2.0052
4/22/2013 23:58:00,2.0159
4/23/2013 23:58:00,2.0185
4/24/2013 23:58:00,2.0077
4/25/2013 23:58:00,2
4/26/2013 23:58:00,1.9947
4/27/2013 23:58:00,1.9949
4/28/2013 23:58:00,1.9933
4/29/2013 23:58:00,2.0075
4/30/2013 23:58:00,1.9986
5/1/2013 23:58:00,2.0015
5/2/2013 23:58:00,2.007
5/3/2013 23:58:00,2.0054
5/4/2013 23:58:00,2.0053
5/5/2013 23:58:00,2.01
5/6/2013 23:58:00,2.006
5/7/2013 23:58:00,2.0059
5/8/2013 23:58:00,2
5/9/2013 23:58:00,2.011
5/10/2013 23:58:00,2.0178
5/11/2013 23:58:00,2.0138
5/13/2013 23:58:00,2.0064
5/14/2013 23:58:00,2.0187
5/15/2013 23:58:00,2.0188
5/16/2013 23:58:00,2.0227
5/17/2013 23:58:00,2.0317
5/18/2013 23:58:00,2.0111
5/19/2013 23:58:00,2.0312
5/20/2013 23:58:00,2.0357
5/21/2013 23:58:00,2.0378
5/22/2013 23:58:00,2.0457
5/23/2013 23:58:00,2.041
5/24/2013 23:58:00,2.0296
5/25/2013 23:58:00,2.0469
5/27/2013 23:58:00,2.0537
5/28/2013 23:58:00,2.0738
5/29/2013 23:58:00,2.1072
5/30/2013 23:58:00,2.1072
5/31/2013 23:58:00,2.1378
6/2/2013 23:58:00,2.0899
6/3/2013 23:58:00,2.1211
6/4/2013 23:58:00,2.1242
6/5/2013 23:58:00,2.127
6/6/2013 23:58:00,2.1273
6/7/2013 23:58:00,2.1165
6/8/2013 23:58:00,2.1157
6/9/2013 23:58:00,2.1291
6/10/2013 23:58:00,2.1439
6/11/2013 23:58:00,2.1296
6/12/2013 23:58:00,2.1527
6/13/2013 23:58:00,2.1168
6/14/2013 23:58:00,2.1492
6/15/2013 23:58:00,2.0964
6/16/2013 23:58:00,2.0964
6/17/2013 23:58:00,2.168
6/18/2013 23:58:00,2.1776
6/19/2013 23:58:00,2.2242
6/20/2013 23:58:00,2.2557
6/21/2013 23:58:00,2.2391
6/22/2013 23:58:00,2.2385
6/23/2013 23:58:00,2.2385
6/24/2013 23:58:00,2.2255
6/25/2013 23:58:00,2.2102
6/26/2013 23:58:00,2.1862
6/27/2013 23:58:00,2.1959
6/28/2013 23:58:00,2.226
6/29/2013 23:58:00,2.226
6/30/2013 23:58:00,2.1892
7/1/2013 23:58:00,2.2231
7/2/2013 23:58:00,2.2475
7/3/2013 23:58:00,2.2634
7/4/2013 23:58:00,2.246
7/5/2013 23:58:00,2.2493
7/6/2013 23:58:00,2.2493
7/7/2013 23:58:00,2.2475
7/8/2013 23:58:00,2.2615
7/9/2013 23:58:00,2.2541
7/10/2013 23:58:00,2.2691
7/11/2013 23:58:00,2.252
7/12/2013 23:58:00,2.2619
7/13/2013 23:58:00,2.2619
7/14/2013 23:58:00,2.2619
7/15/2013 23:58:00,2.2163
7/16/2013 23:58:00,2.2492
7/17/2013 23:58:00,2.2229
7/18/2013 23:58:00,2.2218
7/19/2013 23:58:00,2.2448
7/20/2013 23:58:00,2.244
7/22/2013 23:58:00,2.2299
7/23/2013 23:58:00,2.2135
7/24/2013 23:58:00,2.2434
7/25/2013 23:58:00,2.2405
7/26/2013 23:58:00,2.2542
7/27/2013 23:58:00,2.2231
7/28/2013 23:58:00,2.2544
7/29/2013 23:58:00,2.2657
7/30/2013 23:58:00,2.2742
7/31/2013 23:58:00,2.2736
8/1/2013 23:58:00,2.3011
8/2/2013 23:58:00,2.2717
8/3/2013 23:58:00,2.2847
8/4/2013 23:58:00,2.284
8/5/2013 23:58:00,2.2963
8/6/2013 23:58:00,2.2954
8/7/2013 23:58:00,2.3022
8/8/2013 23:58:00,2.2788
8/9/2013 23:58:00,2.2686
8/12/2013 23:58:00,2.2845
8/13/2013 23:58:00,2.3107
8/14/2013 23:58:00,2.3214
8/15/2013 23:58:00,2.3378
8/16/2013 23:58:00,2.39
8/17/2013 23:58:00,2.3875
8/18/2013 23:58:00,2.3875
8/19/2013 23:58:00,2.41
8/20/2013 23:58:00,2.3919
8/21/2013 23:58:00,2.4479
8/22/2013 23:58:00,2.4326
8/23/2013 23:58:00,2.3473
8/24/2013 23:58:00,2.3455
8/25/2013 23:58:00,2.412
8/26/2013 23:58:00,2.3797
8/27/2013 23:58:00,2.3682
8/28/2013 23:58:00,2.3437
8/29/2013 23:58:00,2.3563
8/30/2013 23:58:00,2.3809
8/31/2013 23:58:00,2.3807
9/2/2013 23:58:00,2.3745
9/3/2013 23:58:00,2.3558
9/4/2013 23:58:00,2.3578
9/5/2013 23:58:00,2.3204
9/6/2013 23:58:00,2.2917
9/7/2013 23:58:00,2.3006
9/8/2013 23:58:00,2.3006
9/9/2013 23:58:00,2.2738
9/10/2013 23:58:00,2.2817
9/11/2013 23:58:00,2.2721
9/12/2013 23:58:00,2.2725
9/13/2013 23:58:00,2.2773
9/14/2013 23:58:00,2.2767
9/15/2013 23:58:00,2.2547
9/16/2013 23:58:00,2.2805
9/17/2013 23:58:00,2.253
9/18/2013 23:58:00,2.1837
9/19/2013 23:58:00,2.1987
9/20/2013 23:58:00,2.2077
9/21/2013 23:58:00,2.2075
9/22/2013 23:58:00,2.2075
9/23/2013 23:58:00,2.1979
9/24/2013 23:58:00,2.1946
9/25/2013 23:58:00,2.2213
9/26/2013 23:58:00,2.2411
9/27/2013 23:58:00,2.2489
9/29/2013 23:58:00,2.2227
9/30/2013 23:58:00,2.2172
10/1/2013 23:58:00,2.2128
10/2/2013 23:58:00,2.1896
10/3/2013 23:58:00,2.2049
10/4/2013 23:58:00,2.1955
10/5/2013 23:58:00,2.1955
10/6/2013 23:58:00,2.2075
10/7/2013 23:58:00,2.2017
10/8/2013 23:58:00,2.2051
10/9/2013 23:58:00,2.2027
10/10/2013 23:58:00,2.1774
10/11/2013 23:58:00,2.171
10/12/2013 23:58:00,2.166
10/14/2013 23:58:00,2.1754
10/15/2013 23:58:00,2.1796
10/16/2013 23:58:00,2.1776
10/17/2013 23:58:00,2.1566
10/18/2013 23:58:00,2.1661
10/19/2013 23:58:00,2.1661
10/20/2013 23:58:00,2.1661
10/21/2013 23:58:00,2.1705
10/22/2013 23:58:00,2.1674
10/23/2013 23:58:00,2.1863
10/24/2013 23:58:00,2.2007
10/25/2013 23:58:00,2.1828
10/26/2013 23:58:00,2.1828
10/27/2013 23:58:00,2.1844
10/28/2013 23:58:00,2.1775
10/29/2013 23:58:00,2.182
10/30/2013 23:58:00,2.1811
10/31/2013 23:58:00,2.2319
11/1/2013 23:58:00,2.2536
11/2/2013 23:58:00,2.2517
11/4/2013 23:58:00,2.2408
11/5/2013 23:58:00,2.2773
11/6/2013 23:58:00,2.2825
11/7/2013 23:58:00,2.3028
11/8/2013 23:58:00,2.2893
11/10/2013 23:58:00,2.3093
11/11/2013 23:58:00,2.3278
11/12/2013 23:58:00,2.3304
11/13/2013 23:58:00,2.329
11/14/2013 23:58:00,2.3098
11/15/2013 23:58:00,2.314
11/17/2013 23:58:00,2.3159
11/18/2013 23:58:00,2.2604
11/19/2013 23:58:00,2.2688
11/20/2013 23:58:00,2.2687
11/21/2013 23:58:00,2.3021
11/22/2013 23:58:00,2.2757
11/23/2013 23:58:00,2.2738
11/25/2013 23:58:00,2.2808
11/26/2013 23:58:00,2.2938
11/27/2013 23:58:00,2.327
11/28/2013 23:58:00,2.3149
11/29/2013 23:58:00,2.3322
11/30/2013 23:58:00,2.3308
12/1/2013 23:58:00,2.3308
12/2/2013 23:58:00,2.3533
12/3/2013 23:58:00,2.373
12/4/2013 23:58:00,2.388
12/5/2013 23:58:00,2.3562
12/6/2013 23:58:00,2.3218
12/7/2013 23:58:00,2.3233
12/8/2013 23:58:00,2.3218
12/9/2013 23:58:00,2.317
12/10/2013 23:58:00,2.306
12/11/2013 23:58:00,2.3387
12/12/2013 23:58:00,2.332
12/13/2013 23:58:00,2.325
12/14/2013 23:58:00,2.3138
12/15/2013 23:58:00,2.325
12/16/2013 23:58:00,2.3229
12/17/2013 23:58:00,2.3146
12/18/2013 23:58:00,2.3289
12/19/2013 23:58:00,2.3538
12/20/2013 23:58:00,2.3827
12/21/2013 23:58:00,2.3827
12/22/2013 23:58:00,2.3827
12/23/2013 23:58:00,2.354
12/24/2013 23:58:00,2.3552
12/25/2013 23:58:00,2.3545
12/26/2013 23:58:00,2.3523
12/27/2013 23:58:00,2.3335
12/28/2013 23:58:00,2.3335
12/29/2013 23:58:00,2.3335
12/30/2013 23:58:00,2.3593
12/31/2013 23:58:00,2.3592
1/1/2014 23:58:00,2.3571
1/2/2014 23:58:00,2.3847
1/3/2014 23:58:00,2.3735
1/4/2014 23:58:00,2.3735
1/5/2014 23:58:00,2.3715
1/6/2014 23:58:00,2.3712
1/7/2014 23:58:00,2.3687
1/8/2014 23:58:00,2.3923
1/9/2014 23:58:00,2.388
1/10/2014 23:58:00,2.3535
1/11/2014 23:58:00,2.3535
1/12/2014 23:58:00,2.3535
1/13/2014 23:58:00,2.3568
1/14/2014 23:58:00,2.3516
1/15/2014 23:58:00,2.3555
1/16/2014 23:58:00,2.3606
1/17/2014 23:58:00,2.3376
1/18/2014 23:58:00,2.339
1/19/2014 23:58:00,2.3475
1/20/2014 23:58:00,2.3405
1/21/2014 23:58:00,2.3578
1/22/2014 23:58:00,2.3696
1/23/2014 23:58:00,2.3909
1/24/2014 23:58:00,2.3932
1/25/2014 23:58:00,2.4044
1/26/2014 23:58:00,2.3932
1/27/2014 23:58:00,2.4184
1/28/2014 23:58:00,2.4234
1/29/2014 23:58:00,2.4324
1/30/2014 23:58:00,2.4088
1/31/2014 23:58:00,2.4095
2/1/2014 23:58:00,2.4077
2/2/2014 23:58:00,2.4223
2/3/2014 23:58:00,2.4372
2/4/2014 23:58:00,2.4064
2/5/2014 23:58:00,2.3955
2/6/2014 23:58:00,2.3795
2/7/2014 23:58:00,2.3752
2/8/2014 23:58:00,2.3752
2/9/2014 23:58:00,2.3752
2/10/2014 23:58:00,2.4062
2/11/2014 23:58:00,2.4014
2/12/2014 23:58:00,2.417
2/13/2014 23:58:00,2.391
2/14/2014 23:58:00,2.3841
2/15/2014 23:58:00,2.3721
2/16/2014 23:58:00,2.3841
2/17/2014 23:58:00,2.3797
2/18/2014 23:58:00,2.3861
2/19/2014 23:58:00,2.389
2/20/2014 23:58:00,2.3696
2/21/2014 23:58:00,2.3406
2/22/2014 23:58:00,2.3406
2/23/2014 23:58:00,2.3406
2/24/2014 23:58:00,2.3363
2/25/2014 23:58:00,2.3388
2/26/2014 23:58:00,2.348
2/27/2014 23:58:00,2.319
2/28/2014 23:58:00,2.3334
3/1/2014 23:58:00,2.3334
3/2/2014 23:58:00,2.3334
3/3/2014 23:58:00,2.3411
3/4/2014 23:58:00,2.3381
3/5/2014 23:58:00,2.3195
3/6/2014 23:58:00,2.32
3/7/2014 23:58:00,2.3356
3/8/2014 23:58:00,2.3376
3/9/2014 23:58:00,2.3356
3/10/2014 23:58:00,2.3432
3/11/2014 23:58:00,2.3594
3/12/2014 23:58:00,2.3523
3/13/2014 23:58:00,2.3614
3/14/2014 23:58:00,2.3405
3/15/2014 23:58:00,2.3405
3/16/2014 23:58:00,2.3405
3/17/2014 23:58:00,2.3461
3/18/2014 23:58:00,2.3294
3/19/2014 23:58:00,2.3446
3/20/2014 23:58:00,2.3233
3/21/2014 23:58:00,2.3198
3/22/2014 23:58:00,2.3079
3/23/2014 23:58:00,2.3198
3/24/2014 23:58:00,2.3186
3/25/2014 23:58:00,2.3091
3/26/2014 23:58:00,2.2929
3/27/2014 23:58:00,2.2562
3/28/2014 23:58:00,2.2561
3/29/2014 23:58:00,2.2561
3/31/2014 23:58:00,2.2694
4/1/2014 23:58:00,2.258
4/2/2014 23:58:00,2.2641
4/3/2014 23:58:00,2.2766
4/4/2014 23:58:00,2.2335
4/5/2014 23:58:00,2.2308
4/6/2014 23:58:00,2.2607
4/7/2014 23:58:00,2.2163
4/8/2014 23:58:00,2.1988
4/9/2014 23:58:00,2.1833
4/10/2014 23:58:00,2.2038
4/11/2014 23:58:00,2.2139
4/12/2014 23:58:00,2.1898
4/13/2014 23:58:00,2.216
4/14/2014 23:58:00,2.2112
4/15/2014 23:58:00,2.2337
4/16/2014 23:58:00,2.2379
4/17/2014 23:58:00,2.2282
4/18/2014 23:58:00,2.2332
4/19/2014 23:58:00,2.2282
4/20/2014 23:58:00,2.2282
4/21/2014 23:58:00,2.2282
4/22/2014 23:58:00,2.2369
4/23/2014 23:58:00,2.2158
4/24/2014 23:58:00,2.2089
4/25/2014 23:58:00,2.2379
4/27/2014 23:58:00,2.2388
4/28/2014 23:58:00,2.2183
4/29/2014 23:58:00,2.2334
4/30/2014 23:58:00,2.228
5/1/2014 23:58:00,2.2305
5/2/2014 23:58:00,2.2168
5/5/2014 23:58:00,2.24
5/6/2014 23:58:00,2.2269
5/7/2014 23:58:00,2.214
5/8/2014 23:58:00,2.2132
5/9/2014 23:58:00,2.2075
5/10/2014 23:58:00,2.2075
5/11/2014 23:58:00,2.2075
5/12/2014 23:58:00,2.2099
5/13/2014 23:58:00,2.2116
5/14/2014 23:58:00,2.1975
5/15/2014 23:58:00,2.2157
5/16/2014 23:58:00,2.2103
5/17/2014 23:58:00,2.2
5/19/2014 23:58:00,2.2029
5/20/2014 23:58:00,2.2128
5/21/2014 23:58:00,2.205
5/22/2014 23:58:00,2.2129
5/23/2014 23:58:00,2.2203
5/25/2014 23:58:00,2.219
5/26/2014 23:58:00,2.2211
5/27/2014 23:58:00,2.2348
5/28/2014 23:58:00,2.2276
5/29/2014 23:58:00,2.2233
5/30/2014 23:58:00,2.2387
6/2/2014 23:58:00,2.2738
6/3/2014 23:58:00,2.2746
6/4/2014 23:58:00,2.2751
6/5/2014 23:58:00,2.2584
6/6/2014 23:58:00,2.2452
6/7/2014 23:58:00,2.2428
6/8/2014 23:58:00,2.2428
6/9/2014 23:58:00,2.2243
6/10/2014 23:58:00,2.2191
6/11/2014 23:58:00,2.23
6/12/2014 23:58:00,2.225
6/13/2014 23:58:00,2.2196
6/14/2014 23:58:00,2.2196
6/15/2014 23:58:00,2.2196
6/16/2014 23:58:00,2.2298
6/17/2014 23:58:00,2.2568
6/18/2014 23:58:00,2.2199
6/19/2014 23:58:00,2.2175
6/20/2014 23:58:00,2.2253
6/21/2014 23:58:00,2.2253
6/23/2014 23:58:00,2.213
6/24/2014 23:58:00,2.2196
6/25/2014 23:58:00,2.2047
6/26/2014 23:58:00,2.194
6/27/2014 23:58:00,2.1918
6/30/2014 23:58:00,2.2117
7/1/2014 23:58:00,2.2002
7/2/2014 23:58:00,2.2221
7/3/2014 23:58:00,2.2068
7/4/2014 23:58:00,2.2103
7/5/2014 23:58:00,2.2098
7/7/2014 23:58:00,2.2225
7/8/2014 23:58:00,2.2074
7/9/2014 23:58:00,2.2095
7/10/2014 23:58:00,2.2182
7/11/2014 23:58:00,2.2205
7/12/2014 23:58:00,2.2175
7/13/2014 23:58:00,2.2175
7/14/2014 23:58:00,2.2074
7/15/2014 23:58:00,2.2159
7/16/2014 23:58:00,2.2207
7/17/2014 23:58:00,2.2552
7/18/2014 23:58:00,2.2223
7/19/2014 23:58:00,2.2223
7/20/2014 23:58:00,2.2223
7/21/2014 23:58:00,2.218
7/22/2014 23:58:00,2.2104
7/23/2014 23:58:00,2.2159
7/24/2014 23:58:00,2.2173
7/25/2014 23:58:00,2.2221
7/26/2014 23:58:00,2.2221
7/27/2014 23:58:00,2.2221
7/28/2014 23:58:00,2.2193
7/29/2014 23:58:00,2.227
7/30/2014 23:58:00,2.2442
7/31/2014 23:58:00,2.2606
8/1/2014 23:58:00,2.2523
8/2/2014 23:58:00,2.2523
8/3/2014 23:58:00,2.2523
8/4/2014 23:58:00,2.256
8/5/2014 23:58:00,2.2783
8/6/2014 23:58:00,2.2706
8/7/2014 23:58:00,2.2939
8/8/2014 23:58:00,2.279
8/10/2014 23:58:00,2.279
8/11/2014 23:58:00,2.2705
8/12/2014 23:58:00,2.2749
8/13/2014 23:58:00,2.2765
8/14/2014 23:58:00,2.2636
8/15/2014 23:58:00,2.2564
8/17/2014 23:58:00,2.2564
8/18/2014 23:58:00,2.253
8/19/2014 23:58:00,2.2436
8/20/2014 23:58:00,2.2594
8/21/2014 23:58:00,2.2665
8/22/2014 23:58:00,2.2729
8/23/2014 23:58:00,2.2729
8/24/2014 23:58:00,2.2729
8/25/2014 23:58:00,2.2831
8/26/2014 23:58:00,2.2566
8/27/2014 23:58:00,2.2437
8/28/2014 23:58:00,2.2367
8/29/2014 23:58:00,2.2302
8/31/2014 23:58:00,2.2316
9/1/2014 23:58:00,2.243
9/2/2014 23:58:00,2.2378
9/3/2014 23:58:00,2.2341
9/4/2014 23:58:00,2.2391
9/5/2014 23:58:00,2.2237
9/8/2014 23:58:00,2.2651
9/9/2014 23:58:00,2.2832
9/10/2014 23:58:00,2.285
9/11/2014 23:58:00,2.2947
9/12/2014 23:58:00,2.3348
9/13/2014 23:58:00,2.2719
9/15/2014 23:58:00,2.3394
9/16/2014 23:58:00,2.3338
9/17/2014 23:58:00,2.3554
9/18/2014 23:58:00,2.3629
9/19/2014 23:58:00,2.353
9/20/2014 23:58:00,2.365
9/22/2014 23:58:00,2.3957
9/23/2014 23:58:00,2.4097
9/24/2014 23:58:00,2.3778
9/25/2014 23:58:00,2.4251
9/26/2014 23:58:00,2.4131
9/27/2014 23:58:00,2.4198
9/28/2014 23:58:00,2.4198
9/29/2014 23:58:00,2.4439
9/30/2014 23:58:00,2.4356
10/1/2014 23:58:00,2.4785
10/2/2014 23:58:00,2.4921
10/3/2014 23:58:00,2.4549
10/4/2014 23:58:00,2.4549
10/6/2014 23:58:00,2.4257
10/7/2014 23:58:00,2.3932
10/8/2014 23:58:00,2.3741
10/9/2014 23:58:00,2.395
10/10/2014 23:58:00,2.3858
10/11/2014 23:58:00,2.423
10/12/2014 23:58:00,2.386
10/13/2014 23:58:00,2.3905
10/14/2014 23:58:00,2.396
10/15/2014 23:58:00,2.4522
10/16/2014 23:58:00,2.4664
10/17/2014 23:58:00,2.4355
10/18/2014 23:58:00,2.4307
10/19/2014 23:58:00,2.4307
10/20/2014 23:58:00,2.4619
10/21/2014 23:58:00,2.4781
10/22/2014 23:58:00,2.4845
10/23/2014 23:58:00,2.4956
10/24/2014 23:58:00,2.4689
10/25/2014 23:58:00,2.4689
10/27/2014 23:58:00,2.5194
10/28/2014 23:58:00,2.4582
10/29/2014 23:58:00,2.4578
10/30/2014 23:58:00,2.4015
10/31/2014 23:58:00,2.4734
11/1/2014 23:58:00,2.4135
11/2/2014 23:58:00,2.4135
11/3/2014 23:58:00,2.4921
11/4/2014 23:58:00,2.4939
11/5/2014 23:58:00,2.5013
11/6/2014 23:58:00,2.5666
11/7/2014 23:58:00,2.5489
11/10/2014 23:58:00,2.5494
11/11/2014 23:58:00,2.5544
11/12/2014 23:58:00,2.5632
11/13/2014 23:58:00,2.5859
11/14/2014 23:58:00,2.5699
11/15/2014 23:58:00,2.5701
11/16/2014 23:58:00,2.5968
11/17/2014 23:58:00,2.6047
11/18/2014 23:58:00,2.5791
11/19/2014 23:58:00,2.5689
11/20/2014 23:58:00,2.5697
11/21/2014 23:58:00,2.512
11/22/2014 23:58:00,2.512
11/24/2014 23:58:00,2.5425
11/25/2014 23:58:00,2.5263
11/26/2014 23:58:00,2.4979
11/27/2014 23:58:00,2.5272
11/28/2014 23:58:00,2.5315
12/1/2014 23:58:00,2.557
12/2/2014 23:58:00,2.5651
12/3/2014 23:58:00,2.5491
12/4/2014 23:58:00,2.5882
12/5/2014 23:58:00,2.5861
12/6/2014 23:58:00,2.5861
12/8/2014 23:58:00,2.5966
12/9/2014 23:58:00,2.5897
12/10/2014 23:58:00,2.6131
12/11/2014 23:58:00,2.6467
12/12/2014 23:58:00,2.6516
12/13/2014 23:58:00,2.6496
12/14/2014 23:58:00,2.6496
12/15/2014 23:58:00,2.6921
12/16/2014 23:58:00,2.7352
12/17/2014 23:58:00,2.712
12/18/2014 23:58:00,2.6593
12/19/2014 23:58:00,2.6565
12/22/2014 23:58:00,2.6624
12/23/2014 23:58:00,2.6912
12/24/2014 23:58:00,2.6952
12/25/2014 23:58:00,2.6867
12/26/2014 23:58:00,2.6927
12/29/2014 23:58:00,2.6993
12/30/2014 23:58:00,2.6541
12/31/2014 23:58:00,2.6542
1/1/2015 23:58:00,2.6532
1/2/2015 23:58:00,2.6912
1/5/2015 23:58:00,2.7031
1/6/2015 23:58:00,2.6966
1/7/2015 23:58:00,2.6808
1/8/2015 23:58:00,2.6597
1/9/2015 23:58:00,2.6264
1/12/2015 23:58:00,2.6702
1/13/2015 23:58:00,2.6396
1/14/2015 23:58:00,2.6121
1/15/2015 23:58:00,2.6387
1/16/2015 23:58:00,2.6169
1/19/2015 23:58:00,2.6481
1/20/2015 23:58:00,2.611
1/21/2015 23:58:00,2.5971
1/22/2015 23:58:00,2.5707
1/23/2015 23:58:00,2.5778
1/26/2015 23:58:00,2.5799
1/27/2015 23:58:00,2.5693
1/28/2015 23:58:00,2.5731
1/29/2015 23:58:00,2.6002
1/30/2015 23:58:00,2.6792
1/31/2015 23:58:00,2.6788
2/2/2015 23:58:00,2.7236
2/3/2015 23:58:00,2.6911
2/4/2015 23:58:00,2.7383
2/5/2015 23:58:00,2.7416
2/6/2015 23:58:00,2.7796
2/9/2015 23:58:00,2.7663
2/10/2015 23:58:00,2.8311
2/11/2015 23:58:00,2.8655
2/12/2015 23:58:00,2.817
2/13/2015 23:58:00,2.8309
2/15/2015 23:58:00,2.8309
2/16/2015 23:58:00,2.826
2/17/2015 23:58:00,2.8257
2/18/2015 23:58:00,2.834
2/19/2015 23:58:00,2.8633
2/20/2015 23:58:00,2.8641
2/23/2015 23:58:00,2.8747
2/24/2015 23:58:00,2.857
2/25/2015 23:58:00,2.8688
2/26/2015 23:58:00,2.905
2/27/2015 23:58:00,2.8368
3/2/2015 23:58:00,2.8927
3/3/2015 23:58:00,2.9279
3/4/2015 23:58:00,2.9714
3/5/2015 23:58:00,3.0001
3/6/2015 23:58:00,3.057
3/9/2015 23:58:00,3.1227
3/10/2015 23:58:00,3.1016
3/11/2015 23:58:00,3.1269
3/12/2015 23:58:00,3.1631
3/13/2015 23:58:00,3.2432
3/14/2015 23:58:00,3.245
3/16/2015 23:58:00,3.2428
3/17/2015 23:58:00,3.2462
3/18/2015 23:58:00,3.2181
3/19/2015 23:58:00,3.2904
3/20/2015 23:58:00,3.2246
3/23/2015 23:58:00,3.1283
3/24/2015 23:58:00,3.1362
3/25/2015 23:58:00,3.1973
3/26/2015 23:58:00,3.1795
3/27/2015 23:58:00,3.2412
3/30/2015 23:58:00,3.226
3/31/2015 23:58:00,3.1885
4/1/2015 23:58:00,3.1643
4/2/2015 23:58:00,3.1222
4/3/2015 23:58:00,3.1216
4/6/2015 23:58:00,3.1216
4/7/2015 23:58:00,3.1251
4/8/2015 23:58:00,3.0461
4/9/2015 23:58:00,3.0553
4/10/2015 23:58:00,3.0718
4/13/2015 23:58:00,3.1192
4/14/2015 23:58:00,3.0646
4/15/2015 23:58:00,3.0259
4/16/2015 23:58:00,3.0186
4/17/2015 23:58:00,3.0356
4/19/2015 23:58:00,3.0367
4/20/2015 23:58:00,3.0294
4/21/2015 23:58:00,3.026
4/22/2015 23:58:00,3.0052
4/23/2015 23:58:00,2.9685
4/24/2015 23:58:00,2.9468
4/26/2015 23:58:00,2.9483
4/27/2015 23:58:00,2.9131
4/28/2015 23:58:00,2.9348
4/29/2015 23:58:00,2.9527
4/30/2015 23:58:00,3.0111
5/1/2015 23:58:00,3.0111
5/4/2015 23:58:00,3.083
5/5/2015 23:58:00,3.0531
5/6/2015 23:58:00,3.0287
5/7/2015 23:58:00,3.0213
5/8/2015 23:58:00,2.9712
5/11/2015 23:58:00,3.0564
5/12/2015 23:58:00,3.0175
5/13/2015 23:58:00,3.0365
5/14/2015 23:58:00,2.9899
5/15/2015 23:58:00,2.9914
5/18/2015 23:58:00,3.0058
5/19/2015 23:58:00,3.0316
5/20/2015 23:58:00,3.0017
5/21/2015 23:58:00,3.0367
5/22/2015 23:58:00,3.089
5/25/2015 23:58:00,3.0932
5/26/2015 23:58:00,3.148
5/27/2015 23:58:00,3.1379
5/28/2015 23:58:00,3.1584
5/29/2015 23:58:00,3.1733
6/1/2015 23:58:00,3.1695
6/2/2015 23:58:00,3.1286
6/3/2015 23:58:00,3.1332
6/4/2015 23:58:00,3.1402
6/5/2015 23:58:00,3.1396
6/8/2015 23:58:00,3.1099
6/9/2015 23:58:00,3.0955
6/10/2015 23:58:00,3.114
6/11/2015 23:58:00,3.0871
6/12/2015 23:58:00,3.1168
6/15/2015 23:58:00,3.1235
6/16/2015 23:58:00,3.0869
6/17/2015 23:58:00,3.0504
6/18/2015 23:58:00,3.0578
6/19/2015 23:58:00,3.0932
6/22/2015 23:58:00,3.0844
6/23/2015 23:58:00,3.0738
6/24/2015 23:58:00,3.0949
6/25/2015 23:58:00,3.1244
6/26/2015 23:58:00,3.1256
6/29/2015 23:58:00,3.115
6/30/2015 23:58:00,3.108
7/1/2015 23:58:00,3.1455
7/2/2015 23:58:00,3.094
7/3/2015 23:58:00,3.1292
7/6/2015 23:58:00,3.1351
7/7/2015 23:58:00,3.1787
7/8/2015 23:58:00,3.2317
7/9/2015 23:58:00,3.2211
7/10/2015 23:58:00,3.1556
7/13/2015 23:58:00,3.1312
7/14/2015 23:58:00,3.1365
7/15/2015 23:58:00,3.1356
7/16/2015 23:58:00,3.1506
7/17/2015 23:58:00,3.188
7/19/2015 23:58:00,3.1852
7/20/2015 23:58:00,3.1945
7/21/2015 23:58:00,3.1719
7/22/2015 23:58:00,3.2198
7/23/2015 23:58:00,3.2842
7/24/2015 23:58:00,3.356
7/27/2015 23:58:00,3.3617
7/28/2015 23:58:00,3.3545
7/29/2015 23:58:00,3.3239
7/30/2015 23:58:00,3.3708
7/31/2015 23:58:00,3.4194
8/3/2015 23:58:00,3.4488
8/4/2015 23:58:00,3.4663
8/5/2015 23:58:00,3.4838
8/6/2015 23:58:00,3.5316
8/7/2015 23:58:00,3.507
8/10/2015 23:58:00,3.4357
8/11/2015 23:58:00,3.471
8/12/2015 23:58:00,3.4751
8/13/2015 23:58:00,3.5193
8/14/2015 23:58:00,3.479
8/17/2015 23:58:00,3.4766
8/18/2015 23:58:00,3.4649
8/19/2015 23:58:00,3.4883
8/20/2015 23:58:00,3.4578
8/21/2015 23:58:00,3.498
8/24/2015 23:58:00,3.5481
8/25/2015 23:58:00,3.6115
8/26/2015 23:58:00,3.5941
8/27/2015 23:58:00,3.5502
8/28/2015 23:58:00,3.5787
8/31/2015 23:58:00,3.6192
9/1/2015 23:58:00,3.6925
9/2/2015 23:58:00,3.7539
9/3/2015 23:58:00,3.735
9/4/2015 23:58:00,3.8397
9/7/2015 23:58:00,3.835
9/8/2015 23:58:00,3.8159
9/9/2015 23:58:00,3.7787
9/10/2015 23:58:00,3.8481
9/11/2015 23:58:00,3.8682
9/14/2015 23:58:00,3.8107
9/15/2015 23:58:00,3.8597
9/16/2015 23:58:00,3.8286
9/17/2015 23:58:00,3.8914
9/18/2015 23:58:00,3.939
9/21/2015 23:58:00,3.9814
9/22/2015 23:58:00,4.0477
9/23/2015 23:58:00,4.1751
9/24/2015 23:58:00,3.933
9/25/2015 23:58:00,3.9676
9/28/2015 23:58:00,4.1037
9/29/2015 23:58:00,4.0544
9/30/2015 23:58:00,3.9457
10/1/2015 23:58:00,3.9988
10/2/2015 23:58:00,3.9275
10/5/2015 23:58:00,3.9099
10/6/2015 23:58:00,3.849
10/7/2015 23:58:00,3.8803
10/8/2015 23:58:00,3.7819
10/9/2015 23:58:00,3.761
10/11/2015 23:58:00,3.7591
10/12/2015 23:58:00,3.7605
10/13/2015 23:58:00,3.8888
10/14/2015 23:58:00,3.8071
10/15/2015 23:58:00,3.7925
10/16/2015 23:58:00,3.9207
10/19/2015 23:58:00,3.8878
10/20/2015 23:58:00,3.9023
10/21/2015 23:58:00,3.9367
10/22/2015 23:58:00,3.9023
10/23/2015 23:58:00,3.8756
10/26/2015 23:58:00,3.9039
10/27/2015 23:58:00,3.8834
10/28/2015 23:58:00,3.8972
10/29/2015 23:58:00,3.8447
10/30/2015 23:58:00,3.8514
11/2/2015 23:58:00,3.8702
11/3/2015 23:58:00,3.7671
11/4/2015 23:58:00,3.7956
11/5/2015 23:58:00,3.7801
11/6/2015 23:58:00,3.7663
11/9/2015 23:58:00,3.7991
11/10/2015 23:58:00,3.7454
11/11/2015 23:58:00,3.7629
11/12/2015 23:58:00,3.7669
11/13/2015 23:58:00,3.8406
11/16/2015 23:58:00,3.8256
11/17/2015 23:58:00,3.8083
11/18/2015 23:58:00,3.7671
11/19/2015 23:58:00,3.7612
11/20/2015 23:58:00,3.6996
11/23/2015 23:58:00,3.7289
11/24/2015 23:58:00,3.6962
11/25/2015 23:58:00,3.7394
11/26/2015 23:58:00,3.7384
11/27/2015 23:58:00,3.8436
11/30/2015 23:58:00,3.8666
12/1/2015 23:58:00,3.8506
12/2/2015 23:58:00,3.8323
12/3/2015 23:58:00,3.7559
12/4/2015 23:58:00,3.7462
12/7/2015 23:58:00,3.7595
12/8/2015 23:58:00,3.8145
12/9/2015 23:58:00,3.7427
12/10/2015 23:58:00,3.8078
12/11/2015 23:58:00,3.8127
12/14/2015 23:58:00,3.8844
12/15/2015 23:58:00,3.9059
12/16/2015 23:58:00,3.8929
12/17/2015 23:58:00,3.8763
12/18/2015 23:58:00,3.9784
12/21/2015 23:58:00,4.0114
12/22/2015 23:58:00,3.9852
12/23/2015 23:58:00,3.941
12/24/2015 23:58:00,3.913
12/25/2015 23:58:00,3.9082
12/28/2015 23:58:00,3.8551
12/29/2015 23:58:00,3.8641
12/30/2015 23:58:00,3.9567
12/31/2015 23:58:00,3.95
1/1/2016 23:58:00,3.9491
1/4/2016 23:58:00,4.0373
1/5/2016 23:58:00,4.0269
1/6/2016 23:58:00,4.0199
1/7/2016 23:58:00,4.0415
1/8/2016 23:58:00,3.9932
1/11/2016 23:58:00,4.0504
1/12/2016 23:58:00,4.0252
1/13/2016 23:58:00,4.0141
1/14/2016 23:58:00,4.0059
1/15/2016 23:58:00,4.0043
1/18/2016 23:58:00,4.0523
1/19/2016 23:58:00,4.0584
1/20/2016 23:58:00,4.1014
1/21/2016 23:58:00,4.1535
1/22/2016 23:58:00,4.1124
1/23/2016 23:58:00,4.0895
1/25/2016 23:58:00,4.0879
1/26/2016 23:58:00,4.0669
1/27/2016 23:58:00,4.1049
1/28/2016 23:58:00,4.067
1/29/2016 23:58:00,3.9971
2/1/2016 23:58:00,3.9597
2/2/2016 23:58:00,3.9853
2/3/2016 23:58:00,3.8923
2/4/2016 23:58:00,3.8862
2/5/2016 23:58:00,3.8996
2/6/2016 23:58:00,3.8985
2/8/2016 23:58:00,3.8916
2/9/2016 23:58:00,3.8815
2/10/2016 23:58:00,3.9263
2/11/2016 23:58:00,3.9875
2/12/2016 23:58:00,3.9682
2/14/2016 23:58:00,3.9682
2/15/2016 23:58:00,3.995
2/16/2016 23:58:00,4.0625
2/17/2016 23:58:00,3.9809
2/18/2016 23:58:00,4.0246
2/19/2016 23:58:00,4.0076
2/20/2016 23:58:00,4.0164
2/22/2016 23:58:00,3.9428
2/23/2016 23:58:00,3.9535
2/24/2016 23:58:00,3.9544
2/25/2016 23:58:00,3.9519
2/26/2016 23:58:00,3.9647
2/29/2016 23:58:00,4.0129
3/1/2016 23:58:00,3.922
3/2/2016 23:58:00,3.8893
3/3/2016 23:58:00,3.7961
3/4/2016 23:58:00,3.7688
3/7/2016 23:58:00,3.7811
3/8/2016 23:58:00,3.7527
3/9/2016 23:58:00,3.6769
3/10/2016 23:58:00,3.614
3/11/2016 23:58:00,3.5717
3/14/2016 23:58:00,3.655
3/15/2016 23:58:00,3.7623
3/16/2016 23:58:00,3.7366
3/17/2016 23:58:00,3.6206
3/18/2016 23:58:00,3.6211
3/19/2016 23:58:00,3.6211
3/21/2016 23:58:00,3.6126
3/22/2016 23:58:00,3.5778
3/23/2016 23:58:00,3.6801
3/24/2016 23:58:00,3.6772
3/25/2016 23:58:00,3.6835
3/28/2016 23:58:00,3.6772
3/29/2016 23:58:00,3.6349
3/30/2016 23:58:00,3.5961
3/31/2016 23:58:00,3.5865
4/1/2016 23:58:00,3.5508
4/2/2016 23:58:00,3.5508
4/3/2016 23:58:00,3.5486
4/4/2016 23:58:00,3.6172
4/5/2016 23:58:00,3.6737
4/6/2016 23:58:00,3.6364
4/7/2016 23:58:00,3.6826
4/8/2016 23:58:00,3.5862
4/9/2016 23:58:00,3.5862
4/10/2016 23:58:00,3.5862
4/11/2016 23:58:00,3.4885
4/12/2016 23:58:00,3.4825
4/13/2016 23:58:00,3.4935
4/14/2016 23:58:00,3.4725
4/15/2016 23:58:00,3.5281
4/16/2016 23:58:00,3.531
4/18/2016 23:58:00,3.6099
4/19/2016 23:58:00,3.5253
4/20/2016 23:58:00,3.5244
4/21/2016 23:58:00,3.5244
4/22/2016 23:58:00,3.5623
4/25/2016 23:58:00,3.5504
4/26/2016 23:58:00,3.5202
4/27/2016 23:58:00,3.5215
4/28/2016 23:58:00,3.4797
4/29/2016 23:58:00,3.4328
4/30/2016 23:58:00,3.4328
5/2/2016 23:58:00,3.4965
5/3/2016 23:58:00,3.5549
5/4/2016 23:58:00,3.5454
5/5/2016 23:58:00,3.5331
5/6/2016 23:58:00,3.499
5/9/2016 23:58:00,3.513
5/10/2016 23:58:00,3.4704
5/11/2016 23:58:00,3.447
5/12/2016 23:58:00,3.4771
5/13/2016 23:58:00,3.5302
5/16/2016 23:58:00,3.4945
5/17/2016 23:58:00,3.4861
5/18/2016 23:58:00,3.5585
5/19/2016 23:58:00,3.5609
5/20/2016 23:58:00,3.5573
5/22/2016 23:58:00,3.5573
5/23/2016 23:58:00,3.5665
5/24/2016 23:58:00,3.5673
5/25/2016 23:58:00,3.5769
5/26/2016 23:58:00,3.5827
5/27/2016 23:58:00,3.6089
5/29/2016 23:58:00,3.6089
5/30/2016 23:58:00,3.5674
5/31/2016 23:58:00,3.5832
6/1/2016 23:58:00,3.591
6/2/2016 23:58:00,3.5801
6/3/2016 23:58:00,3.5245
6/6/2016 23:58:00,3.4845
6/7/2016 23:58:00,3.4349
6/8/2016 23:58:00,3.3575
6/9/2016 23:58:00,3.3959
6/10/2016 23:58:00,3.4158
6/13/2016 23:58:00,3.4773
6/14/2016 23:58:00,3.4751
6/15/2016 23:58:00,3.4693
6/16/2016 23:58:00,3.4612
6/17/2016 23:58:00,3.4128
6/19/2016 23:58:00,3.4128
6/20/2016 23:58:00,3.3917
6/21/2016 23:58:00,3.4121
6/22/2016 23:58:00,3.3743
6/23/2016 23:58:00,3.337
6/24/2016 23:58:00,3.3677
6/27/2016 23:58:00,3.3893
6/28/2016 23:58:00,3.3025
6/29/2016 23:58:00,3.2376
6/30/2016 23:58:00,3.2059
7/1/2016 23:58:00,3.2332
7/2/2016 23:58:00,3.2306
7/4/2016 23:58:00,3.2885
7/5/2016 23:58:00,3.2991
7/6/2016 23:58:00,3.327
7/7/2016 23:58:00,3.3611
7/8/2016 23:58:00,3.2952
7/9/2016 23:58:00,3.2977
7/11/2016 23:58:00,3.3072
7/12/2016 23:58:00,3.2935
7/13/2016 23:58:00,3.2616
7/14/2016 23:58:00,3.2484
7/15/2016 23:58:00,3.2591
7/16/2016 23:58:00,3.2766
7/18/2016 23:58:00,3.2494
7/19/2016 23:58:00,3.2479
7/20/2016 23:58:00,3.2527
7/21/2016 23:58:00,3.2686
7/22/2016 23:58:00,3.2515
7/25/2016 23:58:00,3.2821
7/26/2016 23:58:00,3.27
7/27/2016 23:58:00,3.2586
7/28/2016 23:58:00,3.2819
7/29/2016 23:58:00,3.2468
7/30/2016 23:58:00,3.2462
8/1/2016 23:58:00,3.2584
8/2/2016 23:58:00,3.2528
8/3/2016 23:58:00,3.2346
8/4/2016 23:58:00,3.1869
8/5/2016 23:58:00,3.1607
8/8/2016 23:58:00,3.1686
8/9/2016 23:58:00,3.1429
8/10/2016 23:58:00,3.1247
8/11/2016 23:58:00,3.139
8/12/2016 23:58:00,3.1884
8/14/2016 23:58:00,3.1905
8/15/2016 23:58:00,3.1848
8/16/2016 23:58:00,3.2012
8/17/2016 23:58:00,3.2048
8/18/2016 23:58:00,3.2379
8/19/2016 23:58:00,3.2055
8/21/2016 23:58:00,3.2045
8/22/2016 23:58:00,3.1987
8/23/2016 23:58:00,3.2355
8/24/2016 23:58:00,3.2233
8/25/2016 23:58:00,3.2283
8/26/2016 23:58:00,3.2612
8/27/2016 23:58:00,3.2596
8/28/2016 23:58:00,3.2641
8/29/2016 23:58:00,3.2276
8/30/2016 23:58:00,3.2368
8/31/2016 23:58:00,3.226
9/1/2016 23:58:00,3.2532
9/2/2016 23:58:00,3.2531
9/3/2016 23:58:00,3.2561
9/4/2016 23:58:00,3.2561
9/5/2016 23:58:00,3.2672
9/6/2016 23:58:00,3.1963
9/7/2016 23:58:00,3.1907
9/8/2016 23:58:00,3.2149
9/9/2016 23:58:00,3.253
9/10/2016 23:58:00,3.2717
9/11/2016 23:58:00,3.2717
9/12/2016 23:58:00,3.2469
9/13/2016 23:58:00,3.3141
9/14/2016 23:58:00,3.3435
9/15/2016 23:58:00,3.2998
9/16/2016 23:58:00,3.2603
9/17/2016 23:58:00,3.2584
9/18/2016 23:58:00,3.2655
9/19/2016 23:58:00,3.2712
9/20/2016 23:58:00,3.2561
9/21/2016 23:58:00,3.2096
9/22/2016 23:58:00,3.217
9/23/2016 23:58:00,3.2401
9/24/2016 23:58:00,3.2432
9/25/2016 23:58:00,3.2432
9/26/2016 23:58:00,3.2406
9/27/2016 23:58:00,3.2326
9/28/2016 23:58:00,3.2178
9/29/2016 23:58:00,3.2593
9/30/2016 23:58:00,3.2595
10/1/2016 23:58:00,3.2596
10/2/2016 23:58:00,3.2598
10/3/2016 23:58:00,3.2087
10/4/2016 23:58:00,3.2545
10/5/2016 23:58:00,3.2185
10/6/2016 23:58:00,3.2272
10/7/2016 23:58:00,3.2178
10/9/2016 23:58:00,3.2193
10/10/2016 23:58:00,3.2027
10/11/2016 23:58:00,3.1959
10/12/2016 23:58:00,3.2007
10/13/2016 23:58:00,3.1773
10/14/2016 23:58:00,3.2026
10/15/2016 23:58:00,3.202
10/16/2016 23:58:00,3.202
10/17/2016 23:58:00,3.2042
10/18/2016 23:58:00,3.1817
10/19/2016 23:58:00,3.1661
10/20/2016 23:58:00,3.1391
10/21/2016 23:58:00,3.1469
10/22/2016 23:58:00,3.1489
10/23/2016 23:58:00,3.1489
10/24/2016 23:58:00,3.1245
10/25/2016 23:58:00,3.1104
10/26/2016 23:58:00,3.1388
10/27/2016 23:58:00,3.1653
10/28/2016 23:58:00,3.2029
10/29/2016 23:58:00,3.2031
10/30/2016 23:58:00,3.2031
10/31/2016 23:58:00,3.1982
11/1/2016 23:58:00,3.2351
11/2/2016 23:58:00,3.2526
11/3/2016 23:58:00,3.2584
11/4/2016 23:58:00,3.2321
11/5/2016 23:58:00,3.2323
11/6/2016 23:58:00,3.2323
11/7/2016 23:58:00,3.2009
11/8/2016 23:58:00,3.1681
11/9/2016 23:58:00,3.233
11/10/2016 23:58:00,3.3956
11/11/2016 23:58:00,3.3873
11/12/2016 23:58:00,3.3865
11/13/2016 23:58:00,3.39
11/14/2016 23:58:00,3.4403
11/15/2016 23:58:00,3.4417
11/16/2016 23:58:00,3.4507
11/17/2016 23:58:00,3.4324
11/18/2016 23:58:00,3.38
11/19/2016 23:58:00,3.38
11/20/2016 23:58:00,3.3823
11/21/2016 23:58:00,3.3874
11/22/2016 23:58:00,3.3636
11/23/2016 23:58:00,3.4311
11/24/2016 23:58:00,3.3907
11/25/2016 23:58:00,3.421
11/26/2016 23:58:00,3.4173
11/27/2016 23:58:00,3.421
11/28/2016 23:58:00,3.4072
11/29/2016 23:58:00,3.4538
11/30/2016 23:58:00,3.4063
12/1/2016 23:58:00,3.573
12/2/2016 23:58:00,3.4724
12/4/2016 23:58:00,3.4747
12/5/2016 23:58:00,3.42
12/6/2016 23:58:00,3.4063
12/7/2016 23:58:00,3.3816
12/8/2016 23:58:00,3.3737
12/9/2016 23:58:00,3.3765
12/10/2016 23:58:00,3.3735
12/11/2016 23:58:00,3.377
12/12/2016 23:58:00,3.3373
12/13/2016 23:58:00,3.3342
12/14/2016 23:58:00,3.369
12/15/2016 23:58:00,3.3657
12/16/2016 23:58:00,3.3904
12/17/2016 23:58:00,3.3904
12/18/2016 23:58:00,3.3904
12/19/2016 23:58:00,3.3639
12/20/2016 23:58:00,3.3531
12/21/2016 23:58:00,3.3254
12/22/2016 23:58:00,3.2863
12/23/2016 23:58:00,3.266
12/24/2016 23:58:00,3.2695
12/25/2016 23:58:00,3.2695
12/26/2016 23:58:00,3.2696
12/27/2016 23:58:00,3.2694
12/28/2016 23:58:00,3.2825
12/29/2016 23:58:00,3.2523
12/30/2016 23:58:00,3.2497
12/31/2016 23:58:00,3.2532
1/1/2017 23:58:00,3.2532
1/2/2017 23:58:00,3.284
1/3/2017 23:58:00,3.2635
1/4/2017 23:58:00,3.2141
1/5/2017 23:58:00,3.1977
1/6/2017 23:58:00,3.2199
1/7/2017 23:58:00,3.2222
1/8/2017 23:58:00,3.2222
1/9/2017 23:58:00,3.1955
1/10/2017 23:58:00,3.1945
1/11/2017 23:58:00,3.1963
1/12/2017 23:58:00,3.1868
1/13/2017 23:58:00,3.2163
1/14/2017 23:58:00,3.2198
1/15/2017 23:58:00,3.1868
1/16/2017 23:58:00,3.2405
1/17/2017 23:58:00,3.2098
1/18/2017 23:58:00,3.2296
1/19/2017 23:58:00,3.1949
1/20/2017 23:58:00,3.164
1/21/2017 23:58:00,3.1675
1/22/2017 23:58:00,3.1423
1/23/2017 23:58:00,3.1617
1/24/2017 23:58:00,3.1687
1/25/2017 23:58:00,3.1685
1/26/2017 23:58:00,3.1761
1/27/2017 23:58:00,3.136
1/28/2017 23:58:00,3.136
1/29/2017 23:58:00,3.1096
1/30/2017 23:58:00,3.1255
1/31/2017 23:58:00,3.1501
2/1/2017 23:58:00,3.128
2/2/2017 23:58:00,3.1225
2/3/2017 23:58:00,3.1138
2/4/2017 23:58:00,3.1127
2/5/2017 23:58:00,3.1195
2/6/2017 23:58:00,3.1137
2/7/2017 23:58:00,3.1167
2/8/2017 23:58:00,3.1159
2/9/2017 23:58:00,3.1288
2/10/2017 23:58:00,3.1108
2/11/2017 23:58:00,3.0959
2/12/2017 23:58:00,3.1071
2/13/2017 23:58:00,3.1101
2/14/2017 23:58:00,3.0812
2/15/2017 23:58:00,3.0561
2/16/2017 23:58:00,3.0875
2/17/2017 23:58:00,3.0998
2/18/2017 23:58:00,3.0998
2/19/2017 23:58:00,3.0955
2/20/2017 23:58:00,3.0855
2/21/2017 23:58:00,3.0939
2/22/2017 23:58:00,3.0623
2/23/2017 23:58:00,3.0603
2/24/2017 23:58:00,3.1095
2/25/2017 23:58:00,3.1095
2/26/2017 23:58:00,3.0946
2/27/2017 23:58:00,3.1053
2/28/2017 23:58:00,3.108
3/1/2017 23:58:00,3.0882
3/2/2017 23:58:00,3.1546
3/3/2017 23:58:00,3.1146
3/4/2017 23:58:00,3.1123
3/5/2017 23:58:00,3.12
3/6/2017 23:58:00,3.1372
3/7/2017 23:58:00,3.1159
3/8/2017 23:58:00,3.1593
3/9/2017 23:58:00,3.1913
3/10/2017 23:58:00,3.1346
3/12/2017 23:58:00,3.1475
3/13/2017 23:58:00,3.1524
3/14/2017 23:58:00,3.1637
3/15/2017 23:58:00,3.0999
3/16/2017 23:58:00,3.1193
3/17/2017 23:58:00,3.0896
3/18/2017 23:58:00,3.0903
3/19/2017 23:58:00,3.0866
3/20/2017 23:58:00,3.071
3/21/2017 23:58:00,3.0868
3/22/2017 23:58:00,3.0848
3/23/2017 23:58:00,3.1381
3/24/2017 23:58:00,3.1043
3/25/2017 23:58:00,3.1065
3/26/2017 23:58:00,3.1097
3/27/2017 23:58:00,3.1252
3/28/2017 23:58:00,3.1384
3/29/2017 23:58:00,3.1221
3/30/2017 23:58:00,3.1477
3/31/2017 23:58:00,3.1179
4/2/2017 23:58:00,3.1218
4/3/2017 23:58:00,3.113
4/4/2017 23:58:00,3.0956
4/5/2017 23:58:00,3.1196
4/6/2017 23:58:00,3.1415
4/7/2017 23:58:00,3.1446
4/8/2017 23:58:00,3.1421
4/9/2017 23:58:00,3.1447
4/10/2017 23:58:00,3.1318
4/11/2017 23:58:00,3.1368
4/12/2017 23:58:00,3.1235
4/13/2017 23:58:00,3.1424
4/14/2017 23:58:00,3.1407
4/15/2017 23:58:00,3.1431
4/16/2017 23:58:00,3.1437
4/17/2017 23:58:00,3.1303
4/18/2017 23:58:00,3.1065
4/19/2017 23:58:00,3.1483
4/20/2017 23:58:00,3.1471
4/21/2017 23:58:00,3.1441
4/23/2017 23:58:00,3.1468
4/24/2017 23:58:00,3.127
4/25/2017 23:58:00,3.1472
4/26/2017 23:58:00,3.1711
4/27/2017 23:58:00,3.1811
4/28/2017 23:58:00,3.1724
4/29/2017 23:58:00,3.1724
4/30/2017 23:58:00,3.1761
5/1/2017 23:58:00,3.1751
5/2/2017 23:58:00,3.1502
5/3/2017 23:58:00,3.1621
5/4/2017 23:58:00,3.1849
5/5/2017 23:58:00,3.1737
5/7/2017 23:58:00,3.1777
5/8/2017 23:58:00,3.1964
5/9/2017 23:58:00,3.1868
5/10/2017 23:58:00,3.1657
5/11/2017 23:58:00,3.139
5/12/2017 23:58:00,3.1016
5/14/2017 23:58:00,3.1777
5/15/2017 23:58:00,3.1082
5/16/2017 23:58:00,3.0958
5/17/2017 23:58:00,3.1334
5/18/2017 23:58:00,3.369
5/19/2017 23:58:00,3.2524
5/20/2017 23:58:00,3.2524
5/21/2017 23:58:00,3.2533
5/22/2017 23:58:00,3.2654
5/23/2017 23:58:00,3.2686
5/24/2017 23:58:00,3.2742
5/25/2017 23:58:00,3.2735
5/26/2017 23:58:00,3.2546
5/27/2017 23:58:00,3.2589
5/28/2017 23:58:00,3.1777
5/29/2017 23:58:00,3.2554
5/30/2017 23:58:00,3.2562
5/31/2017 23:58:00,3.2251
6/1/2017 23:58:00,3.249
6/2/2017 23:58:00,3.2434
6/3/2017 23:58:00,3.2472
6/4/2017 23:58:00,3.2492
6/5/2017 23:58:00,3.2961
6/6/2017 23:58:00,3.276
6/7/2017 23:58:00,3.2673
6/8/2017 23:58:00,3.2596
6/9/2017 23:58:00,3.2934
6/10/2017 23:58:00,3.2943
6/11/2017 23:58:00,3.1777
6/12/2017 23:58:00,3.3167
6/13/2017 23:58:00,3.3144
6/14/2017 23:58:00,3.2726
6/15/2017 23:58:00,3.2736
6/16/2017 23:58:00,3.2914
6/17/2017 23:58:00,3.2901
6/18/2017 23:58:00,3.2886
6/19/2017 23:58:00,3.2811
6/20/2017 23:58:00,3.3255
6/21/2017 23:58:00,3.3334
6/22/2017 23:58:00,3.3397
6/23/2017 23:58:00,3.311
6/24/2017 23:58:00,3.311
6/25/2017 23:58:00,3.3415
6/26/2017 23:58:00,3.2948
6/27/2017 23:58:00,3.312
6/28/2017 23:58:00,3.2795
6/29/2017 23:58:00,3.3027
6/30/2017 23:58:00,3.2761
7/1/2017 23:58:00,3.3014
7/2/2017 23:58:00,3.1777
7/3/2017 23:58:00,3.3005
7/4/2017 23:58:00,3.3092
7/5/2017 23:58:00,3.287
7/6/2017 23:58:00,3.2973
7/7/2017 23:58:00,3.2788
7/8/2017 23:58:00,3.2764
7/9/2017 23:58:00,3.1777
7/10/2017 23:58:00,3.2537
7/11/2017 23:58:00,3.2531
7/12/2017 23:58:00,3.2068
7/13/2017 23:58:00,3.21
7/14/2017 23:58:00,3.178
7/16/2017 23:58:00,3.1777
7/17/2017 23:58:00,3.1812
7/18/2017 23:58:00,3.1527
7/19/2017 23:58:00,3.1477
7/20/2017 23:58:00,3.1184
7/21/2017 23:58:00,3.136
7/22/2017 23:58:00,3.1402
7/23/2017 23:58:00,3.1777
7/24/2017 23:58:00,3.1444
7/25/2017 23:58:00,3.1712
7/26/2017 23:58:00,3.1375
7/27/2017 23:58:00,3.1526
7/28/2017 23:58:00,3.1269
7/29/2017 23:58:00,3.1311
7/30/2017 23:58:00,3.1777
7/31/2017 23:58:00,3.1258
8/1/2017 23:58:00,3.1228
8/2/2017 23:58:00,3.1122
8/3/2017 23:58:00,3.1115
8/4/2017 23:58:00,3.1175
8/6/2017 23:58:00,3.1293
8/7/2017 23:58:00,3.1242
8/8/2017 23:58:00,3.1259
8/9/2017 23:58:00,3.1523
8/10/2017 23:58:00,3.1736
8/11/2017 23:58:00,3.1888
8/12/2017 23:58:00,3.191
8/13/2017 23:58:00,3.1777
8/14/2017 23:58:00,3.1872
8/15/2017 23:58:00,3.1676
8/16/2017 23:58:00,3.1514
8/17/2017 23:58:00,3.1733
8/18/2017 23:58:00,3.1414
8/19/2017 23:58:00,3.1453
8/20/2017 23:58:00,3.1777
8/21/2017 23:58:00,3.163
8/22/2017 23:58:00,3.1605
8/23/2017 23:58:00,3.1393
8/24/2017 23:58:00,3.1465
8/25/2017 23:58:00,3.1561
8/26/2017 23:58:00,3.1571
8/27/2017 23:58:00,3.1587
8/28/2017 23:58:00,3.1658
8/29/2017 23:58:00,3.1642
8/30/2017 23:58:00,3.1588
8/31/2017 23:58:00,3.146
9/1/2017 23:58:00,3.1358
9/2/2017 23:58:00,3.1405
9/3/2017 23:58:00,3.1777
9/4/2017 23:58:00,3.1394
9/5/2017 23:58:00,3.1158
9/6/2017 23:58:00,3.0979
9/7/2017 23:58:00,3.0976
9/8/2017 23:58:00,3.0829
9/9/2017 23:58:00,3.0853
9/10/2017 23:58:00,3.1777
9/11/2017 23:58:00,3.0997
9/12/2017 23:58:00,3.1219
9/13/2017 23:58:00,3.1316
9/14/2017 23:58:00,3.1181
9/15/2017 23:58:00,3.1062
9/17/2017 23:58:00,3.1097
9/18/2017 23:58:00,3.1349
9/19/2017 23:58:00,3.1328
9/20/2017 23:58:00,3.1306
9/21/2017 23:58:00,3.1345
9/22/2017 23:58:00,3.1172
9/24/2017 23:58:00,3.1235
9/25/2017 23:58:00,3.1573
9/26/2017 23:58:00,3.1639
9/27/2017 23:58:00,3.1919
9/28/2017 23:58:00,3.1809
9/29/2017 23:58:00,3.1587
10/1/2017 23:58:00,3.1634
10/2/2017 23:58:00,3.1529
10/3/2017 23:58:00,3.1408
10/4/2017 23:58:00,3.1332
10/5/2017 23:58:00,3.1524
10/6/2017 23:58:00,3.1516
10/7/2017 23:58:00,3.1257
10/8/2017 23:58:00,3.1555
10/9/2017 23:58:00,3.1868
10/10/2017 23:58:00,3.1778
10/11/2017 23:58:00,3.1697
10/12/2017 23:58:00,3.169
10/13/2017 23:58:00,3.1408
10/14/2017 23:58:00,3.1435
10/15/2017 23:58:00,3.1462
10/16/2017 23:58:00,3.1703
10/17/2017 23:58:00,3.1561
10/18/2017 23:58:00,3.1701
10/19/2017 23:58:00,3.1649
10/20/2017 23:58:00,3.1876
10/21/2017 23:58:00,3.1922
10/22/2017 23:58:00,3.1909
10/23/2017 23:58:00,3.2344
10/24/2017 23:58:00,3.2426
10/25/2017 23:58:00,3.2312
10/26/2017 23:58:00,3.2865
10/27/2017 23:58:00,3.2313
10/29/2017 23:58:00,3.2348
10/30/2017 23:58:00,3.2873
10/31/2017 23:58:00,3.2696
11/1/2017 23:58:00,3.2662
11/2/2017 23:58:00,3.2646
11/3/2017 23:58:00,3.3094
11/4/2017 23:58:00,3.3129
11/5/2017 23:58:00,3.2926
11/6/2017 23:58:00,3.2479
11/7/2017 23:58:00,3.2701
11/8/2017 23:58:00,3.2513
11/9/2017 23:58:00,3.2487
11/10/2017 23:58:00,3.2729
11/11/2017 23:58:00,3.2729
11/12/2017 23:58:00,3.2764
11/13/2017 23:58:00,3.2759
11/14/2017 23:58:00,3.3119
11/15/2017 23:58:00,3.31
11/16/2017 23:58:00,3.2706
11/17/2017 23:58:00,3.2524
11/18/2017 23:58:00,3.2524
11/19/2017 23:58:00,3.2545
11/20/2017 23:58:00,3.254
11/21/2017 23:58:00,3.2573
11/22/2017 23:58:00,3.2229
11/23/2017 23:58:00,3.2203
11/24/2017 23:58:00,3.228
11/25/2017 23:58:00,3.2315
11/26/2017 23:58:00,3.2329
11/27/2017 23:58:00,3.2264
11/28/2017 23:58:00,3.2097
11/29/2017 23:58:00,3.2448
11/30/2017 23:58:00,3.2712
12/1/2017 23:58:00,3.2531
12/2/2017 23:58:00,3.253
12/3/2017 23:58:00,3.2574
12/4/2017 23:58:00,3.2426
12/5/2017 23:58:00,3.2403
12/6/2017 23:58:00,3.2343
12/7/2017 23:58:00,3.2872
12/8/2017 23:58:00,3.2859
12/9/2017 23:58:00,3.2878
12/10/2017 23:58:00,3.2878
12/11/2017 23:58:00,3.3033
12/12/2017 23:58:00,3.3031
12/13/2017 23:58:00,3.3086
12/14/2017 23:58:00,3.3404
12/15/2017 23:58:00,3.2897
12/17/2017 23:58:00,3.292
12/18/2017 23:58:00,3.2905
12/19/2017 23:58:00,3.2885
12/20/2017 23:58:00,3.2965
12/21/2017 23:58:00,3.3068
12/22/2017 23:58:00,3.332
12/23/2017 23:58:00,3.3355
12/24/2017 23:58:00,3.338
12/25/2017 23:58:00,3.3355
12/26/2017 23:58:00,3.3097
12/27/2017 23:58:00,3.3133
12/28/2017 23:58:00,3.3111
12/29/2017 23:58:00,3.3075
12/30/2017 23:58:00,3.311
12/31/2017 23:58:00,3.3076
1/1/2018 23:58:00,3.311
1/2/2018 23:58:00,3.2578
1/3/2018 23:58:00,3.2355
1/4/2018 23:58:00,3.2331
1/5/2018 23:58:00,3.2259
1/7/2018 23:58:00,3.2266
1/8/2018 23:58:00,3.239
1/9/2018 23:58:00,3.2468
1/10/2018 23:58:00,3.2264
1/11/2018 23:58:00,3.2142
1/12/2018 23:58:00,3.1989
1/13/2018 23:58:00,3.2007
1/14/2018 23:58:00,3.2007
1/15/2018 23:58:00,3.2132
1/16/2018 23:58:00,3.2227
1/17/2018 23:58:00,3.2222
1/18/2018 23:58:00,3.2051
1/19/2018 23:58:00,3.1912
1/20/2018 23:58:00,3.1912
1/21/2018 23:58:00,3.1947
1/22/2018 23:58:00,3.2007
1/23/2018 23:58:00,3.2355
1/24/2018 23:58:00,3.1451
1/25/2018 23:58:00,3.1469
1/26/2018 23:58:00,3.1509
1/28/2018 23:58:00,3.151
1/29/2018 23:58:00,3.1536
1/30/2018 23:58:00,3.1795
1/31/2018 23:58:00,3.1847
2/1/2018 23:58:00,3.1637
2/2/2018 23:58:00,3.2169
2/3/2018 23:58:00,3.2169
2/4/2018 23:58:00,3.2154
2/5/2018 23:58:00,3.2611
2/6/2018 23:58:00,3.2334
2/7/2018 23:58:00,3.2699
2/8/2018 23:58:00,3.2846
2/9/2018 23:58:00,3.2928
2/10/2018 23:58:00,3.2928
2/11/2018 23:58:00,3.2908
2/12/2018 23:58:00,3.294
2/13/2018 23:58:00,3.2942
2/14/2018 23:58:00,3.2162
2/15/2018 23:58:00,3.2264
2/16/2018 23:58:00,3.2298
2/17/2018 23:58:00,3.2298
2/18/2018 23:58:00,3.2282
2/19/2018 23:58:00,3.2331
2/20/2018 23:58:00,3.2543
2/21/2018 23:58:00,3.2676
2/22/2018 23:58:00,3.2487
2/23/2018 23:58:00,3.2366
2/24/2018 23:58:00,3.2329
2/25/2018 23:58:00,3.2372
2/26/2018 23:58:00,3.2225
2/27/2018 23:58:00,3.2485
2/28/2018 23:58:00,3.2448
3/1/2018 23:58:00,3.25
3/2/2018 23:58:00,3.2505
3/3/2018 23:58:00,3.2505
3/4/2018 23:58:00,3.2496
3/5/2018 23:58:00,3.241
3/6/2018 23:58:00,3.208
3/7/2018 23:58:00,3.2429
3/8/2018 23:58:00,3.2661
3/9/2018 23:58:00,3.2573
3/11/2018 23:58:00,3.2561
3/12/2018 23:58:00,3.2603
3/13/2018 23:58:00,3.2587
3/14/2018 23:58:00,3.2585
3/15/2018 23:58:00,3.2821
3/16/2018 23:58:00,3.279
3/18/2018 23:58:00,3.2801
3/19/2018 23:58:00,3.2841
3/20/2018 23:58:00,3.3087
3/21/2018 23:58:00,3.2727
3/22/2018 23:58:00,3.3141
3/23/2018 23:58:00,3.3105
3/24/2018 23:58:00,3.3105
3/25/2018 23:58:00,3.3145
3/26/2018 23:58:00,3.3103
3/27/2018 23:58:00,3.3229
3/28/2018 23:58:00,3.3193
3/29/2018 23:58:00,3.3035
3/30/2018 23:58:00,3.3036
3/31/2018 23:58:00,3.3036
4/1/2018 23:58:00,3.302
4/2/2018 23:58:00,3.3094
4/3/2018 23:58:00,3.3394
4/4/2018 23:58:00,3.3277
4/5/2018 23:58:00,3.3416
4/6/2018 23:58:00,3.3678
4/7/2018 23:58:00,3.3665
4/8/2018 23:58:00,3.3675
4/9/2018 23:58:00,3.421
4/10/2018 23:58:00,3.4073
4/11/2018 23:58:00,3.3731
4/12/2018 23:58:00,3.411
4/13/2018 23:58:00,3.4212
4/15/2018 23:58:00,3.4243
4/16/2018 23:58:00,3.4161
4/17/2018 23:58:00,3.4058
4/18/2018 23:58:00,3.3771
4/19/2018 23:58:00,3.3827
4/20/2018 23:58:00,3.4114
4/21/2018 23:58:00,3.4103
4/22/2018 23:58:00,3.4137
4/23/2018 23:58:00,3.4489
4/24/2018 23:58:00,3.4715
4/25/2018 23:58:00,3.4809
4/26/2018 23:58:00,3.4742
4/27/2018 23:58:00,3.4559
4/29/2018 23:58:00,3.4581
4/30/2018 23:58:00,3.5058
5/1/2018 23:58:00,3.5061
5/2/2018 23:58:00,3.5496
5/3/2018 23:58:00,3.5266
5/4/2018 23:58:00,3.5284
5/5/2018 23:58:00,3.5046
5/6/2018 23:58:00,3.5255
5/7/2018 23:58:00,3.5492
5/8/2018 23:58:00,3.5619
5/9/2018 23:58:00,3.5903
5/10/2018 23:58:00,3.5495
5/11/2018 23:58:00,3.5977
5/12/2018 23:58:00,3.5995
5/13/2018 23:58:00,3.6029
5/14/2018 23:58:00,3.6216
5/15/2018 23:58:00,3.6487
5/16/2018 23:58:00,3.6744
5/17/2018 23:58:00,3.6951
5/18/2018 23:58:00,3.7365
5/19/2018 23:58:00,3.736
5/20/2018 23:58:00,3.7384
5/21/2018 23:58:00,3.6757
5/22/2018 23:58:00,3.646
5/23/2018 23:58:00,3.6256
5/24/2018 23:58:00,3.6481
5/25/2018 23:58:00,3.6524
5/26/2018 23:58:00,3.6731
5/27/2018 23:58:00,3.6262
5/28/2018 23:58:00,3.7342
5/29/2018 23:58:00,3.7241
5/30/2018 23:58:00,3.7221
5/31/2018 23:58:00,3.722
6/1/2018 23:58:00,3.7643
6/2/2018 23:58:00,3.7587
6/3/2018 23:58:00,3.7616
6/4/2018 23:58:00,3.7445
6/5/2018 23:58:00,3.8043
6/6/2018 23:58:00,3.8434
6/7/2018 23:58:00,3.9007
6/8/2018 23:58:00,3.7074
6/9/2018 23:58:00,3.7035
6/10/2018 23:58:00,3.7049
6/11/2018 23:58:00,3.7088
6/12/2018 23:58:00,3.715
6/13/2018 23:58:00,3.7188
6/14/2018 23:58:00,3.804
6/15/2018 23:58:00,3.7284
6/17/2018 23:58:00,3.7287
6/18/2018 23:58:00,3.7462
6/19/2018 23:58:00,3.745
6/20/2018 23:58:00,3.7691
6/21/2018 23:58:00,3.7651
6/22/2018 23:58:00,3.7851
6/24/2018 23:58:00,3.7863
6/25/2018 23:58:00,3.7751
6/26/2018 23:58:00,3.7958
6/27/2018 23:58:00,3.8601
6/28/2018 23:58:00,3.8595
6/29/2018 23:58:00,3.8756
6/30/2018 23:58:00,3.8755
7/1/2018 23:58:00,3.8756
7/2/2018 23:58:00,3.9126
7/3/2018 23:58:00,3.8963
7/4/2018 23:58:00,3.911
7/5/2018 23:58:00,3.9313
7/6/2018 23:58:00,3.8618
7/7/2018 23:58:00,3.8615
7/8/2018 23:58:00,3.8659
7/9/2018 23:58:00,3.8713
7/10/2018 23:58:00,3.8151
7/11/2018 23:58:00,3.8761
7/12/2018 23:58:00,3.8807
7/13/2018 23:58:00,3.8497
7/14/2018 23:58:00,3.8489
7/15/2018 23:58:00,3.8494
7/16/2018 23:58:00,3.856
7/17/2018 23:58:00,3.8359
7/18/2018 23:58:00,3.8492
7/19/2018 23:58:00,3.8285
7/20/2018 23:58:00,3.7655
7/21/2018 23:58:00,3.7622
7/22/2018 23:58:00,3.7708
7/23/2018 23:58:00,3.7804
7/24/2018 23:58:00,3.7461
7/25/2018 23:58:00,3.6864
7/26/2018 23:58:00,3.7443
7/27/2018 23:58:00,3.7118
7/29/2018 23:58:00,3.7111
7/30/2018 23:58:00,3.7281
7/31/2018 23:58:00,3.753
8/1/2018 23:58:00,3.747
8/2/2018 23:58:00,3.7484
8/3/2018 23:58:00,3.7055
8/5/2018 23:58:00,3.7023
8/6/2018 23:58:00,3.7345
8/7/2018 23:58:00,3.7505
8/8/2018 23:58:00,3.7701
8/9/2018 23:58:00,3.7996
8/10/2018 23:58:00,3.8596
8/12/2018 23:58:00,3.8654
8/13/2018 23:58:00,3.882
8/14/2018 23:58:00,3.8644
8/15/2018 23:58:00,3.9006
8/16/2018 23:58:00,3.9039
8/17/2018 23:58:00,3.9091
8/19/2018 23:58:00,3.9098
8/20/2018 23:58:00,3.966
8/21/2018 23:58:00,4.0485
8/22/2018 23:58:00,4.0369
8/23/2018 23:58:00,4.1123
8/24/2018 23:58:00,4.1039
8/26/2018 23:58:00,4.1028
8/27/2018 23:58:00,4.0775
8/28/2018 23:58:00,4.1339
8/29/2018 23:58:00,4.1055
8/30/2018 23:58:00,4.1486
8/31/2018 23:58:00,4.054
9/1/2018 23:58:00,4.0538
9/2/2018 23:58:00,4.0537
9/3/2018 23:58:00,4.1548
9/4/2018 23:58:00,4.1537
9/5/2018 23:58:00,4.1431
9/6/2018 23:58:00,4.0573
9/7/2018 23:58:00,4.0581
9/8/2018 23:58:00,4.0581
9/9/2018 23:58:00,4.0438
9/10/2018 23:58:00,4.0846
9/11/2018 23:58:00,4.1516
9/12/2018 23:58:00,4.1598
9/13/2018 23:58:00,4.205
9/14/2018 23:58:00,4.1721
9/16/2018 23:58:00,4.172
9/17/2018 23:58:00,4.1321
9/18/2018 23:58:00,4.1584
9/19/2018 23:58:00,4.1303
9/20/2018 23:58:00,4.076
9/21/2018 23:58:00,4.0493
9/22/2018 23:58:00,4.0493
9/23/2018 23:58:00,4.05
9/24/2018 23:58:00,4.0913
9/25/2018 23:58:00,4.0736
9/26/2018 23:58:00,4.0308
9/27/2018 23:58:00,4.012
9/28/2018 23:58:00,4.048
9/30/2018 23:58:00,4.0527
10/1/2018 23:58:00,4.0164
10/2/2018 23:58:00,3.9395
10/3/2018 23:58:00,3.9004
10/4/2018 23:58:00,3.8739
10/5/2018 23:58:00,3.8358
10/6/2018 23:58:00,3.8343
10/7/2018 23:58:00,3.8358
10/8/2018 23:58:00,3.7772
10/9/2018 23:58:00,3.7148
10/10/2018 23:58:00,3.7548
10/11/2018 23:58:00,3.7815
10/12/2018 23:58:00,3.7816
10/14/2018 23:58:00,3.7816
10/15/2018 23:58:00,3.7339
10/16/2018 23:58:00,3.7236
10/17/2018 23:58:00,3.6862
10/18/2018 23:58:00,3.7203
10/19/2018 23:58:00,3.7114
10/21/2018 23:58:00,3.7109
10/22/2018 23:58:00,3.6823
10/23/2018 23:58:00,3.6924
10/24/2018 23:58:00,3.7311
10/25/2018 23:58:00,3.7049
10/26/2018 23:58:00,3.6413
10/27/2018 23:58:00,3.6415
10/28/2018 23:58:00,3.6416
10/29/2018 23:58:00,3.7158
10/30/2018 23:58:00,3.6946
10/31/2018 23:58:00,3.7207
11/1/2018 23:58:00,3.6949
11/2/2018 23:58:00,3.6938
11/4/2018 23:58:00,3.7
11/5/2018 23:58:00,3.7246
11/6/2018 23:58:00,3.7599
11/7/2018 23:58:00,3.7304
11/8/2018 23:58:00,3.7592
11/9/2018 23:58:00,3.7323
11/10/2018 23:58:00,3.7323
11/11/2018 23:58:00,3.7294
11/12/2018 23:58:00,3.7664
11/13/2018 23:58:00,3.8014
11/14/2018 23:58:00,3.7824
11/15/2018 23:58:00,3.7824
11/16/2018 23:58:00,3.7441
11/17/2018 23:58:00,3.7385
11/18/2018 23:58:00,3.7425
11/19/2018 23:58:00,3.7544
11/20/2018 23:58:00,3.7557
11/21/2018 23:58:00,3.7961
11/22/2018 23:58:00,3.8031
11/23/2018 23:58:00,3.8298
11/24/2018 23:58:00,3.8233
11/25/2018 23:58:00,3.673
11/26/2018 23:58:00,3.9397
11/27/2018 23:58:00,3.8735
11/28/2018 23:58:00,3.8492
11/29/2018 23:58:00,3.851
11/30/2018 23:58:00,3.8652
12/1/2018 23:58:00,3.8619
12/2/2018 23:58:00,3.8652
12/3/2018 23:58:00,3.8408
12/4/2018 23:58:00,3.8511
12/5/2018 23:58:00,3.8674
12/6/2018 23:58:00,3.8778
12/7/2018 23:58:00,3.9058
12/9/2018 23:58:00,3.9058
12/10/2018 23:58:00,3.9167
12/11/2018 23:58:00,3.9026
12/12/2018 23:58:00,3.8541
12/13/2018 23:58:00,3.8907
12/14/2018 23:58:00,3.9165
12/16/2018 23:58:00,3.9155
12/17/2018 23:58:00,3.8976
12/18/2018 23:58:00,3.9109
12/19/2018 23:58:00,3.8962
12/20/2018 23:58:00,3.8389
12/21/2018 23:58:00,3.9027
12/22/2018 23:58:00,3.9027
12/23/2018 23:58:00,3.8434
12/24/2018 23:58:00,3.9026
12/25/2018 23:58:00,3.9028
12/26/2018 23:58:00,3.9206
12/27/2018 23:58:00,3.8715
12/28/2018 23:58:00,3.8799
12/30/2018 23:58:00,3.8742
12/31/2018 23:58:00,3.88
1/1/2019 23:58:00,3.8799
1/2/2019 23:58:00,3.7863
1/3/2019 23:58:00,3.7551
1/4/2019 23:58:00,3.7117
1/5/2019 23:58:00,3.7138
1/6/2019 23:58:00,3.6612
1/7/2019 23:58:00,3.7341
1/8/2019 23:58:00,3.7124
1/9/2019 23:58:00,3.68
1/10/2019 23:58:00,3.7079
1/11/2019 23:58:00,3.7099
1/12/2019 23:58:00,3.7099
1/13/2019 23:58:00,3.6596
1/14/2019 23:58:00,3.6975
1/15/2019 23:58:00,3.7164
1/16/2019 23:58:00,3.7343
1/17/2019 23:58:00,3.7489
1/18/2019 23:58:00,3.7495
1/20/2019 23:58:00,3.7502
1/21/2019 23:58:00,3.7514
1/22/2019 23:58:00,3.812
1/23/2019 23:58:00,3.7623
1/24/2019 23:58:00,3.7698
1/25/2019 23:58:00,3.7696
1/26/2019 23:58:00,3.7719
1/27/2019 23:58:00,3.7696
1/28/2019 23:58:00,3.7596
1/29/2019 23:58:00,3.7185
1/30/2019 23:58:00,3.6814
1/31/2019 23:58:00,3.6428
2/1/2019 23:58:00,3.6583
2/3/2019 23:58:00,3.6573
2/4/2019 23:58:00,3.667
2/5/2019 23:58:00,3.6683
2/6/2019 23:58:00,3.6947
2/7/2019 23:58:00,3.7149
2/8/2019 23:58:00,3.7286
2/9/2019 23:58:00,3.7243
2/10/2019 23:58:00,3.7286
2/11/2019 23:58:00,3.7552
2/12/2019 23:58:00,3.708
2/13/2019 23:58:00,3.7532
2/14/2019 23:58:00,3.722
2/15/2019 23:58:00,3.699
2/16/2019 23:58:00,3.699
2/17/2019 23:58:00,3.6468
2/18/2019 23:58:00,3.7317
2/19/2019 23:58:00,3.722
2/20/2019 23:58:00,3.724
2/21/2019 23:58:00,3.7665
2/22/2019 23:58:00,3.7467
2/23/2019 23:58:00,3.7435
2/24/2019 23:58:00,3.7463
2/25/2019 23:58:00,3.7504
2/26/2019 23:58:00,3.7471
2/27/2019 23:58:00,3.7273
2/28/2019 23:58:00,3.7475
3/1/2019 23:58:00,3.7749
3/2/2019 23:58:00,3.7727
3/3/2019 23:58:00,3.77415
3/4/2019 23:58:00,3.7756
3/5/2019 23:58:00,3.7759
3/6/2019 23:58:00,3.84035
3/7/2019 23:58:00,3.8708
3/8/2019 23:58:00,3.8696
3/9/2019 23:58:00,3.8696
3/10/2019 23:58:00,3.86655
3/11/2019 23:58:00,3.8388
3/12/2019 23:58:00,3.8131
3/13/2019 23:58:00,3.8148
3/14/2019 23:58:00,3.842
3/15/2019 23:58:00,3.8145
3/16/2019 23:58:00,3.8145
3/17/2019 23:58:00,3.8145
3/18/2019 23:58:00,3.7915
3/19/2019 23:58:00,3.7892
3/20/2019 23:58:00,3.7757
3/21/2019 23:58:00,3.7926
3/22/2019 23:58:00,3.9075
3/23/2019 23:58:00,3.9055
3/24/2019 23:58:00,3.9075
3/25/2019 23:58:00,3.8551
3/26/2019 23:58:00,3.8764
3/27/2019 23:58:00,3.99245
3/28/2019 23:58:00,3.9013
3/29/2019 23:58:00,3.9231
3/30/2019 23:58:00,3.9231
3/31/2019 23:58:00,3.92545
4/1/2019 23:58:00,3.85205
4/2/2019 23:58:00,3.8538
4/3/2019 23:58:00,3.8698
4/4/2019 23:58:00,3.8574
4/5/2019 23:58:00,3.8753
4/6/2019 23:58:00,3.8753
4/7/2019 23:58:00,3.8755
4/8/2019 23:58:00,3.8497
4/9/2019 23:58:00,3.8497
4/10/2019 23:58:00,3.8255
4/11/2019 23:58:00,3.8573
4/12/2019 23:58:00,3.8818
4/13/2019 23:58:00,3.8758
4/14/2019 23:58:00,3.881
4/15/2019 23:58:00,3.8719
4/16/2019 23:58:00,3.9053
4/17/2019 23:58:00,3.9382
4/18/2019 23:58:00,3.9282
4/19/2019 23:58:00,3.936
4/20/2019 23:58:00,3.936
4/21/2019 23:58:00,3.936
4/22/2019 23:58:00,3.9356
4/23/2019 23:58:00,3.9198
4/24/2019 23:58:00,3.9911
4/25/2019 23:58:00,3.9542
4/26/2019 23:58:00,3.9299
4/27/2019 23:58:00,3.925
4/28/2019 23:58:00,3.9307
4/29/2019 23:58:00,3.9458
4/30/2019 23:58:00,3.9184
5/1/2019 23:58:00,3.9208
5/2/2019 23:58:00,3.9677
5/3/2019 23:58:00,3.9396
5/4/2019 23:58:00,3.939
5/5/2019 23:58:00,3.9381
5/6/2019 23:58:00,3.9697
5/7/2019 23:58:00,3.9702
5/8/2019 23:58:00,3.9278
5/9/2019 23:58:00,3.9469
5/10/2019 23:58:00,3.9572
5/11/2019 23:58:00,3.9572
5/12/2019 23:58:00,3.9612
5/13/2019 23:58:00,3.99405
5/14/2019 23:58:00,3.9766
5/15/2019 23:58:00,4.0014
5/16/2019 23:58:00,4.0477
5/17/2019 23:58:00,4.0992
5/18/2019 23:58:00,4.0992
5/19/2019 23:58:00,4.0989
5/20/2019 23:58:00,4.0964
5/21/2019 23:58:00,4.0395
5/22/2019 23:58:00,4.0404
5/23/2019 23:58:00,4.0423
5/24/2019 23:58:00,4.0225
5/25/2019 23:58:00,4.0223
5/26/2019 23:58:00,4.0227
5/27/2019 23:58:00,4.0436
5/28/2019 23:58:00,4.0249
5/29/2019 23:58:00,3.9749
5/30/2019 23:58:00,3.9815
5/31/2019 23:58:00,3.925
6/1/2019 23:58:00,3.925
6/2/2019 23:58:00,3.9257
6/3/2019 23:58:00,3.8856
6/4/2019 23:58:00,3.8551
6/5/2019 23:58:00,3.8809
6/6/2019 23:58:00,3.8799
6/7/2019 23:58:00,3.8775
6/8/2019 23:58:00,3.8775
6/9/2019 23:58:00,3.878
6/10/2019 23:58:00,3.886
6/11/2019 23:58:00,3.8566
6/12/2019 23:58:00,3.8674
6/13/2019 23:58:00,3.8497
6/14/2019 23:58:00,3.8965
6/15/2019 23:58:00,3.8877
6/16/2019 23:58:00,3.896
6/17/2019 23:58:00,3.8885
6/18/2019 23:58:00,3.861
6/19/2019 23:58:00,3.83895
6/20/2019 23:58:00,3.8393
6/21/2019 23:58:00,3.8222
6/22/2019 23:58:00,3.822
6/23/2019 23:58:00,3.822
6/24/2019 23:58:00,3.8271
6/25/2019 23:58:00,3.847
6/26/2019 23:58:00,3.8444
6/27/2019 23:58:00,3.8195
6/28/2019 23:58:00,3.8498
6/29/2019 23:58:00,3.851
6/30/2019 23:58:00,3.851
7/1/2019 23:58:00,3.8411
7/2/2019 23:58:00,3.8454
7/3/2019 23:58:00,3.8265
7/4/2019 23:58:00,3.8023
7/5/2019 23:58:00,3.822
7/6/2019 23:58:00,3.822
7/7/2019 23:58:00,3.8193
7/8/2019 23:58:00,3.8027
7/9/2019 23:58:00,3.8005
7/10/2019 23:58:00,3.75385
7/11/2019 23:58:00,3.7563
7/12/2019 23:58:00,3.7386
7/13/2019 23:58:00,3.7384
7/14/2019 23:58:00,3.7359
7/15/2019 23:58:00,3.7552
7/16/2019 23:58:00,3.7687
7/17/2019 23:58:00,3.7633
7/18/2019 23:58:00,3.7189
7/19/2019 23:58:00,3.7482
7/20/2019 23:58:00,3.74395
7/21/2019 23:58:00,3.7474
7/22/2019 23:58:00,3.7413
7/23/2019 23:58:00,3.7739
7/24/2019 23:58:00,3.7728
7/25/2019 23:58:00,3.7788
7/26/2019 23:58:00,3.7774
7/27/2019 23:58:00,3.7762
7/28/2019 23:58:00,3.775
7/29/2019 23:58:00,3.7816
7/30/2019 23:58:00,3.7908
7/31/2019 23:58:00,3.8132
8/1/2019 23:58:00,3.8388
8/2/2019 23:58:00,3.8873
8/3/2019 23:58:00,3.8873
8/4/2019 23:58:00,3.8854
8/5/2019 23:58:00,3.9746
8/6/2019 23:58:00,3.9602
8/7/2019 23:58:00,3.9689
8/8/2019 23:58:00,3.9191
8/9/2019 23:58:00,3.9417
8/10/2019 23:58:00,3.9417
8/11/2019 23:58:00,3.9417
8/12/2019 23:58:00,3.9854
8/13/2019 23:58:00,3.9639
8/14/2019 23:58:00,4.0518
8/15/2019 23:58:00,3.9916
8/16/2019 23:58:00,4.0059
8/17/2019 23:58:00,4.0059
8/18/2019 23:58:00,4.0061
8/19/2019 23:58:00,4.0453
8/20/2019 23:58:00,4.0532
8/21/2019 23:58:00,4.0255
8/22/2019 23:58:00,4.0695
8/23/2019 23:58:00,4.1202
8/24/2019 23:58:00,4.08735
8/25/2019 23:58:00,4.1277
8/26/2019 23:58:00,4.1551
8/27/2019 23:58:00,4.12645
8/28/2019 23:58:00,4.1692
8/29/2019 23:58:00,4.1696
8/30/2019 23:58:00,4.1454
8/31/2019 23:58:00,4.1454
9/1/2019 23:58:00,4.1454
9/2/2019 23:58:00,4.1859
9/3/2019 23:58:00,4.1666
9/4/2019 23:58:00,4.0947
9/5/2019 23:58:00,4.1075
9/6/2019 23:58:00,4.0619
9/7/2019 23:58:00,4.06995
9/8/2019 23:58:00,4.0628
9/9/2019 23:58:00,4.0949
9/10/2019 23:58:00,4.0811
9/11/2019 23:58:00,4.06785
9/12/2019 23:58:00,4.0604
9/13/2019 23:58:00,4.0851
9/14/2019 23:58:00,4.0851
9/15/2019 23:58:00,4.0857
9/16/2019 23:58:00,4.0808
9/17/2019 23:58:00,4.0775
9/18/2019 23:58:00,4.1109
9/19/2019 23:58:00,4.1681
9/20/2019 23:58:00,4.1472
9/21/2019 23:58:00,4.1472
9/22/2019 23:58:00,4.1498
9/23/2019 23:58:00,4.163
9/24/2019 23:58:00,4.1632
9/25/2019 23:58:00,4.1486
9/26/2019 23:58:00,4.1703
9/27/2019 23:58:00,4.1587
9/28/2019 23:58:00,4.17005
9/29/2019 23:58:00,4.1586
9/30/2019 23:58:00,4.1563
10/1/2019 23:58:00,4.1561
10/2/2019 23:58:00,4.12805
10/3/2019 23:58:00,4.0844
10/4/2019 23:58:00,4.0571
10/5/2019 23:58:00,4.0574
10/6/2019 23:58:00,4.0561
10/7/2019 23:58:00,4.1066
10/8/2019 23:58:00,4.09455
10/9/2019 23:58:00,4.1098
10/10/2019 23:58:00,4.1099
10/11/2019 23:58:00,4.1096
10/12/2019 23:58:00,4.1133
10/13/2019 23:58:00,4.11
10/14/2019 23:58:00,4.1252
10/15/2019 23:58:00,4.1801
10/16/2019 23:58:00,4.1501
10/17/2019 23:58:00,4.1626
10/18/2019 23:58:00,4.1127
10/19/2019 23:58:00,4.1127
10/20/2019 23:58:00,4.1126
10/21/2019 23:58:00,4.128351
10/22/2019 23:58:00,4.0799
10/23/2019 23:58:00,4.0346
10/24/2019 23:58:00,4.0408
10/25/2019 23:58:00,4.0046
10/26/2019 23:58:00,4.0045
10/27/2019 23:58:00,4.0031
10/28/2019 23:58:00,3.9903
10/29/2019 23:58:00,3.9982
10/30/2019 23:58:00,3.9877
10/31/2019 23:58:00,4.01748
11/1/2019 23:58:00,3.9903
11/2/2019 23:58:00,3.9896
11/3/2019 23:58:00,3.9896
11/4/2019 23:58:00,4.012384
11/5/2019 23:58:00,3.9937
11/6/2019 23:58:00,4.083779
11/7/2019 23:58:00,4.101
11/8/2019 23:58:00,4.1635
11/9/2019 23:58:00,4.1635
11/10/2019 23:58:00,4.16335
11/11/2019 23:58:00,4.1528
11/12/2019 23:58:00,4.1694
11/13/2019 23:58:00,4.1701
11/14/2019 23:58:00,4.1958
11/15/2019 23:58:00,4.1962
11/16/2019 23:58:00,4.197291
11/17/2019 23:58:00,4.19525
11/18/2019 23:58:00,4.2179
11/19/2019 23:58:00,4.1932
11/20/2019 23:58:00,4.1964
11/21/2019 23:58:00,4.1932
11/22/2019 23:58:00,4.1965
11/23/2019 23:58:00,4.1965
11/24/2019 23:58:00,4.1965
11/25/2019 23:58:00,4.2269
11/26/2019 23:58:00,4.2333
11/27/2019 23:58:00,4.2642
11/28/2019 23:58:00,4.1895
11/29/2019 23:58:00,4.24025
11/30/2019 23:58:00,4.239845
12/1/2019 23:58:00,4.2366
12/2/2019 23:58:00,4.2238
12/3/2019 23:58:00,4.2058
12/4/2019 23:58:00,4.2077
12/5/2019 23:58:00,4.1861
12/6/2019 23:58:00,4.1414
12/7/2019 23:58:00,4.1414
12/8/2019 23:58:00,4.14135
12/9/2019 23:58:00,4.1427
12/10/2019 23:58:00,4.1461
12/11/2019 23:58:00,4.1252
12/12/2019 23:58:00,4.0908
12/13/2019 23:58:00,4.1084
12/14/2019 23:58:00,4.1084
12/15/2019 23:58:00,4.10825
12/16/2019 23:58:00,4.0634
12/17/2019 23:58:00,4.0722
12/18/2019 23:58:00,4.063262
12/19/2019 23:58:00,4.0704
12/20/2019 23:58:00,4.100474
12/21/2019 23:58:00,4.100474
12/22/2019 23:58:00,4.10235
12/23/2019 23:58:00,4.0835
12/24/2019 23:58:00,4.0843
12/25/2019 23:58:00,4.08445
12/26/2019 23:58:00,4.0549
12/27/2019 23:58:00,4.046632
12/28/2019 23:58:00,4.046632
12/29/2019 23:58:00,4.04475
12/30/2019 23:58:00,4.019168
12/31/2019 23:58:00,4.019969
1/1/2020 23:58:00,4.019699
1/2/2020 23:58:00,4.0249
1/3/2020 23:58:00,4.0668
1/4/2020 23:58:00,4.0668
1/5/2020 23:58:00,4.0572
1/6/2020 23:58:00,4.0619
1/7/2020 23:58:00,4.0677
1/8/2020 23:58:00,4.0644
1/9/2020 23:58:00,4.0936
1/10/2020 23:58:00,4.0958
1/11/2020 23:58:00,4.080666
1/12/2020 23:58:00,4.09295
1/13/2020 23:58:00,4.1473
1/14/2020 23:58:00,4.1329
1/15/2020 23:58:00,4.1757
1/16/2020 23:58:00,4.1848
1/17/2020 23:58:00,4.1619
1/18/2020 23:58:00,4.1619
1/19/2020 23:58:00,4.1618
1/20/2020 23:58:00,4.19
1/21/2020 23:58:00,4.2124
1/22/2020 23:58:00,4.1828
1/23/2020 23:58:00,4.1706
1/24/2020 23:58:00,4.1814
1/25/2020 23:58:00,4.1814
1/26/2020 23:58:00,4.18195
1/27/2020 23:58:00,4.2077
1/28/2020 23:58:00,4.1949
1/29/2020 23:58:00,4.2304
1/30/2020 23:58:00,4.2437
1/31/2020 23:58:00,4.2825
2/1/2020 23:58:00,4.2825
2/2/2020 23:58:00,4.2828
2/3/2020 23:58:00,4.2483
2/4/2020 23:58:00,4.2552
2/5/2020 23:58:00,4.2352
2/6/2020 23:58:00,4.2823
2/7/2020 23:58:00,4.3206
2/8/2020 23:58:00,4.3206
2/9/2020 23:58:00,4.3206
2/10/2020 23:58:00,4.3245
2/11/2020 23:58:00,4.331442
2/12/2020 23:58:00,4.356
2/13/2020 23:58:00,4.350457
2/14/2020 23:58:00,4.2976
2/15/2020 23:58:00,4.2976
2/16/2020 23:58:00,4.2977
2/17/2020 23:58:00,4.328
2/18/2020 23:58:00,4.3563
2/19/2020 23:58:00,4.3655
2/20/2020 23:58:00,4.3938
2/21/2020 23:58:00,4.3896
2/22/2020 23:58:00,4.3896
2/23/2020 23:58:00,4.39025
2/24/2020 23:58:00,4.3881
2/25/2020 23:58:00,4.3883
2/26/2020 23:58:00,4.4508
2/27/2020 23:58:00,4.4863
2/28/2020 23:58:00,4.473054
2/29/2020 23:58:00,4.473054
3/1/2020 23:58:00,4.4788
3/2/2020 23:58:00,4.4739
3/3/2020 23:58:00,4.5147
3/4/2020 23:58:00,4.5849
3/5/2020 23:58:00,4.6077
3/6/2020 23:58:00,4.62665
3/7/2020 23:58:00,4.6273
3/8/2020 23:58:00,4.6273
3/9/2020 23:58:00,4.724288
3/10/2020 23:58:00,4.6441
3/11/2020 23:58:00,4.8153
3/12/2020 23:58:00,4.7919
3/13/2020 23:58:00,4.8596
3/14/2020 23:58:00,4.8596
3/15/2020 23:58:00,4.8596
3/16/2020 23:58:00,5.0006
3/17/2020 23:58:00,5.0112
3/18/2020 23:58:00,5.107612
3/19/2020 23:58:00,5.0957
3/20/2020 23:58:00,5.0639
3/21/2020 23:58:00,5.0639
3/22/2020 23:58:00,5.05425
3/23/2020 23:58:00,5.1432
3/24/2020 23:58:00,5.0996
3/25/2020 23:58:00,5.0352
3/26/2020 23:58:00,5.0241
3/27/2020 23:58:00,5.1005
3/28/2020 23:58:00,5.1005
3/29/2020 23:58:00,5.108225
3/30/2020 23:58:00,5.1942
3/31/2020 23:58:00,5.2051
4/1/2020 23:58:00,5.2496
4/2/2020 23:58:00,5.2568
4/3/2020 23:58:00,5.346768
4/4/2020 23:58:00,5.346768
4/5/2020 23:58:00,5.35
4/6/2020 23:58:00,5.2869
4/7/2020 23:58:00,5.2232
4/8/2020 23:58:00,5.125
4/9/2020 23:58:00,5.1073
4/10/2020 23:58:00,5.107
4/11/2020 23:58:00,5.107
4/12/2020 23:58:00,5.107
4/13/2020 23:58:00,5.2
4/14/2020 23:58:00,5.1635
4/15/2020 23:58:00,5.2385
4/16/2020 23:58:00,5.2324
4/17/2020 23:58:00,5.2342
4/18/2020 23:58:00,5.236922
4/19/2020 23:58:00,5.2342
4/20/2020 23:58:00,5.3169
4/21/2020 23:58:00,5.3165
4/22/2020 23:58:00,5.4584
4/23/2020 23:58:00,5.5346
4/24/2020 23:58:00,5.59345
4/25/2020 23:58:00,5.59345
4/26/2020 23:58:00,5.58185
4/27/2020 23:58:00,5.6534
4/28/2020 23:58:00,5.4989
4/29/2020 23:58:00,5.3363
4/30/2020 23:58:00,5.4875
5/1/2020 23:58:00,5.4873
5/2/2020 23:58:00,5.4874
5/3/2020 23:58:00,5.481
5/4/2020 23:58:00,5.5421
5/5/2020 23:58:00,5.5796
