Date,Open,High,Low,Close,Volume,Dolar_Close
1/2/2013,19.99,20.21,19.69,19.69,30182600,2.0456
1/3/2013,19.81,20.4,19.7,20.4,30552600,2.0433
1/4/2013,20.33,20.62,20.17,20.43,36141000,2.0321
1/7/2013,20.48,20.67,19.95,20.08,28069600,2.0263
1/8/2013,20.11,20.23,19.46,19.5,29091300,2.0401
1/9/2013,19.64,19.87,19.46,19.68,24361100,2.0476
1/10/2013,19.77,20.05,19.54,19.83,17526200,2.0258
1/11/2013,19.85,20.04,19.7,19.88,18223600,2.0326
1/14/2013,20.01,20.24,19.69,19.72,28302400,2.0324
1/15/2013,20.01,20.24,19.69,19.82,29633900,2.0329
1/16/2013,19.89,19.89,19.6,19.84,16787800,2.0408
1/17/2013,19.86,19.93,19.6,19.71,19719600,2.0371
1/18/2013,19.8,19.89,19.54,19.58,18913900,2.0379
1/21/2013,19.57,19.6,19.27,19.39,18086200,2.0402
1/22/2013,19.42,19.61,19.23,19.58,23535100,2.0409
1/23/2013,19.42,19.63,19.23,19.55,17200800,2.0339
1/24/2013,19.37,19.75,19.37,19.61,19612600,2.0285
1/28/2013,19.73,19.81,19.27,19.37,20122600,1.9942
1/29/2013,19.35,19.37,18.84,19.11,27097900,1.9865
1/30/2013,18.99,18.99,18.17,18.2,66985800,1.9883
1/31/2013,18.26,18.33,17.9,18.08,33246400,1.9905
2/1/2013,18.14,18.65,18.12,18.46,28860400,1.9717
2/4/2013,18.16,18.35,17.89,18.0,32294300,1.9932
2/5/2013,17.28,18.29,17.26,18.08,77332896,1.9829
2/6/2013,17.93,18.0,17.53,17.6,30886100,1.9859
2/7/2013,17.75,17.98,17.32,17.5,37066400,1.9639
2/8/2013,17.55,17.78,17.38,17.74,31068100,1.9711
2/13/2013,17.95,18.0,17.73,17.8,22328200,1.9641
2/14/2013,17.79,17.9,17.58,17.67,25902900,1.9562
2/15/2013,17.61,17.79,17.53,17.63,25001600,1.9666
2/18/2013,17.64,17.95,17.52,17.9,20291600,1.9596
2/19/2013,17.91,18.18,17.89,18.1,28822000,1.9539
2/20/2013,18.1,18.1,17.55,17.62,25939500,1.96
2/21/2013,17.47,17.57,17.2,17.32,30382300,1.9718
2/22/2013,17.51,17.51,17.01,17.15,30901800,1.9514
2/25/2013,17.05,17.1,16.85,16.95,30504000,1.9804
2/26/2013,16.78,16.86,16.53,16.74,33405100,1.9807
2/27/2013,16.79,16.98,16.64,16.81,28607500,1.9734
2/28/2013,16.76,16.85,16.55,16.61,27829200,1.9763
3/1/2013,16.5,17.02,16.4,16.9,31519900,1.9603
3/4/2013,16.82,17.1,16.48,16.5,35543300,1.9709999999999999
3/5/2013,16.63,16.76,16.47,16.56,31669900,1.9625
3/6/2013,17.6,18.27,17.22,18.05,73898000,1.9707
3/7/2013,18.31,19.58,18.31,18.95,62419400,1.9595
3/8/2013,18.79,19.32,18.16,18.37,30589700,1.942
3/11/2013,18.29,18.97,17.92,18.93,25088800,1.9572
3/12/2013,18.85,19.14,18.63,18.74,26135700,1.9656
3/13/2013,18.81,19.2,18.73,18.75,31665300,1.9715
3/14/2013,18.98,19.38,18.6,19.29,27172500,1.972
3/15/2013,19.4,19.55,19.01,19.09,43819400,1.9768
3/18/2013,18.9,19.35,18.84,19.2,40451100,1.9827
3/19/2013,18.9,19.35,18.83,19.1,33822900,1.9826
3/20/2013,19.05,19.16,18.68,18.85,27636600,1.9844
3/21/2013,18.72,18.86,18.49,18.53,21978600,2.0051
3/22/2013,18.55,18.71,18.46,18.63,16137700,2.0047
3/25/2013,18.73,18.82,18.42,18.59,24340200,2.006
3/26/2013,18.73,18.88,18.48,18.59,15781800,2.0147
3/27/2013,18.6,18.61,18.35,18.42,13305100,2.0102
3/28/2013,18.41,18.53,18.22,18.35,15709100,2.0192
4/1/2013,18.27,18.38,18.02,18.03,15544900,2.0151
4/2/2013,18.27,18.38,17.67,17.7,20565900,2.0198
4/3/2013,17.68,18.02,17.68,18.0,15685100,2.0232
4/4/2013,17.95,18.21,17.7,17.71,19446600,2.0133
4/5/2013,17.58,17.91,17.55,17.8,17060000,1.9937
4/8/2013,17.86,17.91,17.34,17.37,21977500,1.989
4/9/2013,17.48,18.25,17.48,18.15,30757500,1.9775
4/10/2013,18.21,18.65,18.17,18.42,31780200,1.9697
4/11/2013,18.47,18.53,17.87,17.99,22207700,1.974
4/12/2013,17.94,18.08,17.53,17.96,27398100,1.9517
4/15/2013,17.7,17.83,17.12,17.23,35788600,2.0
4/16/2013,17.47,17.75,17.43,17.7,23747400,1.9846
4/17/2013,17.44,17.6,16.98,17.17,39388400,1.9976
4/18/2013,17.32,17.94,17.12,17.82,28503000,1.9817
4/19/2013,18.15,18.48,17.95,18.39,38352400,2.0054
4/22/2013,18.37,18.79,18.17,18.79,24193100,2.0159
4/23/2013,18.71,19.52,18.66,19.12,34735500,2.0185
4/24/2013,19.06,19.66,19.01,19.44,33313000,2.0077
4/25/2013,19.47,19.69,19.14,19.17,35164600,2.0
4/26/2013,19.1,19.65,19.1,19.56,27492600,1.9947
4/29/2013,20.0,20.58,19.94,20.42,70739800,2.0075
4/30/2013,19.65,20.1,19.44,20.09,45900400,1.9986
5/2/2013,19.85,20.63,19.85,20.25,33746700,2.0069999999999997
5/3/2013,20.49,20.66,19.89,19.97,43006300,2.0054
5/6/2013,20.01,20.37,19.82,20.33,31141800,2.006
5/7/2013,20.4,20.74,20.28,20.62,26392200,2.0059
5/8/2013,20.75,20.82,20.22,20.29,24409000,2.0
5/9/2013,20.25,20.52,20.09,20.3,22864300,2.011
5/10/2013,20.16,20.39,19.71,19.96,22031200,2.0178
5/13/2013,19.81,19.85,19.38,19.49,21577600,2.0064
5/14/2013,19.53,19.68,19.25,19.55,30643700,2.0187
5/15/2013,19.5,19.64,19.33,19.57,21869300,2.0188
5/16/2013,19.52,20.08,19.46,19.75,25067200,2.0227
5/17/2013,19.91,20.05,19.79,19.89,19040100,2.0317
5/20/2013,19.91,20.25,19.56,20.2,30571700,2.0357
5/21/2013,20.19,20.38,19.98,20.25,23442000,2.0378
5/22/2013,20.27,20.4,19.68,19.92,35008900,2.0457
5/23/2013,19.55,19.86,19.48,19.86,33324000,2.041
5/24/2013,19.89,20.16,19.79,20.09,37019600,2.0296
5/27/2013,20.01,20.15,19.92,19.93,5829800,2.0537
5/28/2013,20.16,20.34,20.01,20.04,27705200,2.0738
5/29/2013,19.92,20.07,19.8,19.85,24961000,2.1072
5/31/2013,19.87,20.36,19.8,20.06,35298900,2.1378
6/3/2013,20.11,20.44,19.94,20.29,30659400,2.1211
6/4/2013,20.46,20.47,19.96,20.07,24447600,2.1242
6/5/2013,20.0,20.13,19.32,19.42,32247700,2.127
6/6/2013,19.46,19.55,19.08,19.46,27173200,2.1273
6/7/2013,18.95,19.27,18.72,18.84,38700300,2.1165
6/10/2013,18.84,19.12,18.83,18.88,20083800,2.1439
6/11/2013,18.65,18.79,18.23,18.53,32153800,2.1296
6/12/2013,18.67,18.8,18.06,18.12,37220900,2.1527
6/13/2013,18.1,19.02,17.94,18.8,31233400,2.1168
6/14/2013,18.65,18.86,18.0,18.35,38201000,2.1492
6/17/2013,18.45,18.53,17.96,18.09,24946300,2.168
6/18/2013,17.95,18.08,17.62,17.83,31790400,2.1776
6/19/2013,17.89,17.95,17.15,17.2,39085200,2.2242
6/20/2013,16.9,17.27,16.5,16.89,63934700,2.2557
6/21/2013,16.93,16.93,16.4,16.41,42577100,2.2391
6/24/2013,15.97,16.25,15.57,15.91,40535500,2.2255
6/25/2013,16.1,16.39,15.87,16.1,32074100,2.2102
6/26/2013,16.14,16.44,16.08,16.15,29858400,2.1862
6/27/2013,16.22,16.6,16.17,16.38,26451400,2.1959
6/28/2013,16.35,16.35,15.94,16.17,33968700,2.226
7/1/2013,16.35,16.35,15.94,16.12,22732600,2.2231
7/2/2013,16.05,16.25,15.11,15.39,55953200,2.2475
7/3/2013,15.24,15.98,15.15,15.9,50191800,2.2634
7/4/2013,16.1,16.17,15.88,15.96,23818500,2.246
7/5/2013,15.81,15.82,14.94,15.15,49067400,2.2493
7/8/2013,15.2,15.35,14.97,15.0,22430900,2.2615
7/10/2013,15.18,15.44,15.06,15.25,20890800,2.2691
7/11/2013,15.52,15.83,15.25,15.76,34049700,2.252
7/12/2013,15.66,15.92,15.27,15.43,23796600,2.2619
7/15/2013,15.45,15.69,15.35,15.5,20392700,2.2163
7/16/2013,15.64,15.8,15.47,15.75,21047000,2.2492
7/17/2013,15.91,16.2,15.87,16.06,29311200,2.2229
7/18/2013,16.0,16.29,15.91,16.1,23440300,2.2218
7/19/2013,16.07,16.1,15.85,15.98,18711400,2.2448
7/22/2013,15.97,16.49,15.9,16.3,25517000,2.2299
7/23/2013,16.41,16.66,16.38,16.41,25271000,2.2135
7/24/2013,16.37,16.55,16.15,16.39,24012400,2.2434
7/25/2013,16.24,16.88,16.21,16.84,37212500,2.2405
7/26/2013,16.74,17.09,16.71,16.95,22419200,2.2542
7/29/2013,16.99,17.06,16.63,16.68,17729600,2.2657
7/30/2013,16.78,16.82,16.36,16.46,22635200,2.2742
7/31/2013,16.33,16.5,16.17,16.29,23703200,2.2736
8/1/2013,16.7,17.04,16.6,16.94,31759700,2.3011
8/2/2013,16.87,17.04,16.69,16.81,17726400,2.2717
8/5/2013,16.77,16.87,16.54,16.65,15018300,2.2963
8/6/2013,16.68,16.7,16.1,16.28,25592100,2.2954
8/7/2013,16.27,16.46,16.1,16.25,17681900,2.3022
8/8/2013,16.35,16.85,16.2,16.65,25830400,2.2788
8/9/2013,16.74,17.12,16.52,17.08,31884100,2.2686
8/12/2013,17.3,17.66,16.47,16.6,54624200,2.2845
8/13/2013,16.65,16.66,16.17,16.37,34946200,2.3107
8/14/2013,16.36,17.0,16.29,16.95,53853000,2.3214
8/15/2013,16.7,17.96,16.67,17.83,81143696,2.3378
8/16/2013,17.76,18.06,17.42,17.78,37711200,2.39
8/19/2013,17.45,18.03,17.36,17.83,49861800,2.41
8/20/2013,17.71,17.85,17.11,17.13,30368900,2.3919
8/21/2013,17.07,17.78,17.04,17.34,43315900,2.4479
8/22/2013,17.8,18.37,17.63,18.26,52679300,2.4326
8/23/2013,18.12,18.59,18.12,18.55,32500500,2.3473
8/26/2013,18.5,18.69,18.17,18.19,17906800,2.3797
8/27/2013,17.95,18.05,17.45,17.45,29023800,2.3682
8/28/2013,17.51,17.75,17.09,17.16,30051100,2.3437
8/29/2013,17.32,17.48,16.85,16.9,24162000,2.3563
8/30/2013,17.32,17.48,16.52,16.99,38933500,2.3809
9/2/2013,17.15,17.23,16.86,16.9,19051300,2.3745
9/3/2013,16.89,17.13,16.68,16.78,31474500,2.3558
9/4/2013,16.63,16.94,16.56,16.85,36993600,2.3578
9/5/2013,16.86,17.81,16.84,17.54,47992900,2.3204
9/6/2013,17.8,18.0,17.46,17.76,30863700,2.2917
9/9/2013,17.77,18.22,17.77,18.17,29932300,2.2738
9/10/2013,18.25,18.54,18.17,18.34,29063300,2.2817
9/11/2013,18.29,18.54,18.07,18.25,27324600,2.2721
9/12/2013,18.17,18.4,17.75,17.85,47880700,2.2725
9/13/2013,17.85,18.27,17.8,18.13,18359900,2.2773
9/16/2013,18.43,18.72,18.17,18.45,33961100,2.2805
9/17/2013,18.59,18.6,18.3,18.53,18948400,2.253
9/18/2013,18.41,19.0,18.16,18.9,30957700,2.1837
9/19/2013,18.96,19.31,18.76,19.16,24470200,2.1987
9/20/2013,19.09,19.18,18.78,18.94,18955300,2.2077
9/23/2013,19.09,19.22,18.78,19.15,13990200,2.1979
9/24/2013,19.09,19.22,18.75,18.77,18969200,2.1946
9/25/2013,18.73,18.92,18.62,18.8,17152400,2.2213
9/26/2013,18.82,18.82,18.52,18.59,18168900,2.2411
9/27/2013,18.57,18.82,18.44,18.48,19065700,2.2489
9/30/2013,18.57,19.04,18.34,18.36,32326800,2.2172
10/1/2013,18.53,18.69,18.37,18.66,15455100,2.2128
10/2/2013,18.58,18.84,18.54,18.78,10870500,2.1896
10/3/2013,18.8,18.83,18.43,18.54,18453900,2.2049
10/4/2013,18.39,18.68,18.07,18.67,27996700,2.1955
10/7/2013,18.57,18.83,18.5,18.62,18500000,2.2017
10/8/2013,18.66,18.77,18.2,18.31,23379200,2.2051
10/9/2013,18.4,18.46,17.97,18.07,19516400,2.2027
10/10/2013,18.26,18.35,18.01,18.15,22821900,2.1774
10/11/2013,18.15,18.31,17.99,18.1,18833200,2.171
10/14/2013,18.06,18.32,17.94,18.27,21569300,2.1754
10/15/2013,18.34,18.48,18.18,18.42,27224300,2.1796
10/16/2013,18.47,18.65,18.16,18.35,35018800,2.1776
10/17/2013,18.27,18.53,18.16,18.21,26905100,2.1566
10/18/2013,18.22,18.39,17.83,17.94,28111800,2.1661
10/21/2013,17.99,18.98,17.71,18.88,51907400,2.1705
10/22/2013,18.96,19.06,18.51,18.55,32733500,2.1674
10/23/2013,18.55,18.85,18.21,18.33,21433300,2.1863
10/24/2013,18.36,18.57,18.04,18.24,22513200,2.2007
10/25/2013,18.23,18.73,18.2,18.49,30298000,2.1828
10/28/2013,19.42,19.9,19.01,19.89,73626096,2.1775
10/29/2013,19.71,19.96,19.33,19.7,33394100,2.182
10/30/2013,19.83,20.11,19.16,19.95,54345800,2.1811
10/31/2013,19.96,20.56,19.85,20.29,41785200,2.2319
11/1/2013,20.12,20.35,19.82,19.86,43494000,2.2536
11/4/2013,19.99,20.28,19.95,20.22,20508100,2.2408
11/5/2013,20.29,20.41,20.05,20.25,30093900,2.2773
11/6/2013,20.29,20.41,20.08,20.41,21824900,2.2825
11/7/2013,20.27,20.63,19.91,20.0,20998800,2.3028
11/8/2013,19.95,20.07,19.6,19.64,28408100,2.2893
11/11/2013,19.66,20.12,19.5,20.09,22190300,2.3278
11/12/2013,20.06,20.25,19.45,19.55,24586900,2.3304
11/13/2013,19.55,19.99,19.25,19.94,31361100,2.329
11/14/2013,20.0,20.5,19.96,20.45,24679800,2.3098
11/18/2013,20.5,21.44,20.46,21.44,45214900,2.2604
11/19/2013,21.3,21.37,20.86,21.11,42654300,2.2688
11/21/2013,20.5,21.13,20.39,20.9,35845800,2.3021
11/22/2013,20.75,21.2,20.64,20.67,23810600,2.2757
11/25/2013,20.83,20.95,20.31,20.36,17132300,2.2808
11/26/2013,19.9,20.04,19.08,19.08,38515500,2.2938
11/27/2013,19.21,19.36,18.81,18.97,29298900,2.327
11/28/2013,18.95,19.22,18.55,18.66,28872500,2.3149
11/29/2013,18.89,19.39,18.77,19.12,37804300,2.3322
12/2/2013,17.86,18.07,17.35,17.36,78353000,2.3533
12/3/2013,17.45,17.88,17.05,17.51,45735400,2.373
12/4/2013,17.76,17.76,17.37,17.46,27512500,2.388
12/5/2013,17.76,17.83,17.37,17.63,25337400,2.3562
12/6/2013,17.73,17.78,17.18,17.23,32578300,2.3218
12/9/2013,17.32,17.47,17.12,17.45,13696800,2.3169999999999997
12/10/2013,17.36,17.46,17.26,17.3,14608900,2.306
12/11/2013,17.28,17.34,16.72,16.78,21615100,2.3387
12/12/2013,16.85,17.02,16.69,16.86,21980300,2.332
12/13/2013,16.99,17.24,16.91,17.22,28058000,2.325
12/16/2013,17.25,17.5,17.08,17.34,32498700,2.3229
12/17/2013,17.21,17.35,16.8,16.8,29001000,2.3146
12/18/2013,16.95,17.17,16.83,16.84,22817200,2.3289
12/19/2013,17.12,17.29,16.87,17.25,17906300,2.3538
12/20/2013,17.25,17.29,16.8,16.91,26875500,2.3827
12/23/2013,17.02,17.17,16.87,17.06,11520400,2.354
12/26/2013,17.15,17.19,16.89,16.92,15294800,2.3523
12/27/2013,17.0,17.02,16.82,16.93,15114200,2.3335
12/30/2013,16.95,17.25,16.95,17.08,10598500,2.3593
1/2/2014,17.15,17.2,16.65,16.75,17284800,2.3847
1/3/2014,16.74,16.78,16.41,16.5,17837600,2.3735
1/6/2014,16.45,16.64,16.16,16.62,20526500,2.3712
1/7/2014,16.65,16.83,16.12,16.16,19052500,2.3687
1/8/2014,16.27,16.39,16.14,16.19,15874600,2.3923
1/9/2014,16.19,16.29,15.65,15.7,25871700,2.388
1/10/2014,15.76,16.3,15.66,15.97,30221300,2.3535
1/13/2014,16.01,16.11,15.64,15.77,21660900,2.3568
1/14/2014,15.71,15.87,15.62,15.7,16339200,2.3516
1/15/2014,15.79,16.15,15.69,16.04,25748600,2.3555
1/16/2014,16.04,16.19,15.57,15.59,32946000,2.3606
1/17/2014,15.72,15.77,15.45,15.51,22865900,2.3376
1/20/2014,15.45,15.61,15.14,15.18,17725000,2.3405
1/21/2014,15.34,15.34,15.31,15.34,19893400,2.3578
1/22/2014,15.42,15.9,15.27,15.84,44870600,2.3696
1/23/2014,15.67,15.91,15.46,15.47,24150400,2.3909
1/24/2014,15.38,15.44,14.98,15.1,27964100,2.3932
1/27/2014,15.21,15.29,15.04,15.11,20818700,2.4184
1/28/2014,15.36,15.44,15.02,15.05,22373700,2.4234
1/29/2014,15.06,15.14,14.7,14.8,25561100,2.4324
1/30/2014,14.88,15.1,14.63,14.7,25607800,2.4088
1/31/2014,14.64,15.07,14.55,14.7,49314200,2.4095
2/3/2014,14.59,14.63,13.8,13.85,51667600,2.4372
2/4/2014,14.04,14.22,13.77,14.09,36400300,2.4064
2/5/2014,14.15,14.28,13.56,13.83,39232600,2.3955
2/6/2014,13.94,14.36,13.88,14.21,32126900,2.3795
2/7/2014,14.27,14.55,14.16,14.45,34263100,2.3752
2/10/2014,14.36,14.7,14.33,14.61,29123100,2.4062
2/11/2014,14.71,15.07,14.64,14.96,28992000,2.4014
2/12/2014,15.08,15.1,14.78,14.96,23713700,2.417
2/13/2014,14.78,14.83,14.44,14.61,28201900,2.391
2/14/2014,14.71,14.71,14.47,14.58,27084100,2.3841
2/17/2014,14.65,14.7,14.31,14.43,13181700,2.3797
2/18/2014,14.42,14.58,14.11,14.11,31555400,2.3861
2/19/2014,14.02,14.2,13.88,14.2,28362700,2.3890000000000002
2/20/2014,14.06,14.34,13.98,14.16,24473700,2.3696
2/21/2014,14.2,14.32,14.07,14.15,18689200,2.3406
2/24/2014,14.11,14.57,14.01,14.5,20993900,2.3363
2/25/2014,14.45,14.67,14.11,14.18,35828100,2.3388
2/26/2014,14.2,14.25,13.68,13.7,45181500,2.3480000000000003
2/27/2014,13.82,14.1,13.65,14.04,23575900,2.319
2/28/2014,14.1,14.15,13.58,13.59,28318200,2.3334
3/5/2014,13.7,13.73,13.28,13.29,15287200,2.3195
3/6/2014,13.42,13.72,13.31,13.43,29223600,2.32
3/7/2014,13.43,13.62,13.21,13.32,33482800,2.3356
3/10/2014,13.27,13.37,12.9,13.01,39540700,2.3432
3/11/2014,13.06,13.17,12.96,13.11,37605100,2.3594
3/12/2014,13.11,13.46,13.08,13.32,42963100,2.3523
3/13/2014,13.39,13.48,13.03,13.03,22769800,2.3614
3/14/2014,13.08,13.12,12.77,12.78,34674800,2.3405
3/17/2014,12.88,12.96,12.55,12.57,39457400,2.3461
3/18/2014,12.64,13.05,12.57,12.97,45126500,2.3294
3/19/2014,12.95,13.53,12.93,13.34,51670900,2.3446
3/20/2014,13.23,14.04,13.16,13.99,58253000,2.3233
3/21/2014,13.45,14.15,13.45,14.02,49269400,2.3198
3/24/2014,14.17,14.43,13.87,14.42,34293400,2.3186
3/25/2014,14.26,14.6,14.13,14.48,40256700,2.3091
3/26/2014,14.55,14.69,14.35,14.4,29664700,2.2929
3/27/2014,14.39,15.58,14.32,15.57,77808096,2.2562
3/28/2014,15.57,15.77,15.2,15.66,42344400,2.2561
3/31/2014,15.71,15.79,15.5,15.78,28288900,2.2694
4/1/2014,15.72,15.85,15.48,15.81,36206100,2.258
4/2/2014,15.71,16.6,15.7,15.56,66007000,2.2641
4/3/2014,15.53,15.65,15.12,15.4,56189100,2.2766
4/4/2014,15.62,15.71,15.35,15.44,33173500,2.2335
4/7/2014,15.7,16.46,15.7,16.46,50400200,2.2163
4/8/2014,16.8,17.07,15.72,15.99,69307600,2.1988
4/9/2014,15.91,15.94,15.42,15.85,41775400,2.1833
4/10/2014,15.66,16.05,15.55,15.68,27907900,2.2038
4/11/2014,15.53,16.2,15.41,16.19,42898300,2.2139
4/14/2014,16.28,16.36,15.83,15.93,26799700,2.2112
4/15/2014,15.76,16.09,15.13,15.32,35870400,2.2337
4/16/2014,15.59,15.78,15.24,15.78,28674000,2.2379
4/17/2014,15.9,16.6,15.54,16.38,44689200,2.2282
4/22/2014,16.31,16.67,15.84,15.96,44896500,2.2369
4/23/2014,15.97,16.07,15.75,16.04,22259300,2.2158
4/24/2014,16.2,16.33,15.87,16.13,30473600,2.2089
4/25/2014,15.95,16.06,15.65,16.03,31426800,2.2379
4/28/2014,15.95,16.57,15.77,16.56,31782200,2.2183
4/29/2014,16.68,17.1,16.51,16.69,42027100,2.2334
4/30/2014,16.6,16.74,16.39,16.56,27166100,2.228
5/2/2014,16.55,17.73,16.51,17.7,52627500,2.2168
5/5/2014,17.65,17.77,17.31,17.57,35540000,2.24
5/6/2014,17.43,18.48,17.31,18.24,48256400,2.2269
5/7/2014,18.14,18.85,18.07,18.58,44239500,2.214
5/8/2014,18.6,18.8,17.75,17.88,53471600,2.2132
5/9/2014,18.05,18.24,17.6,17.67,34395600,2.2075
5/12/2014,17.95,18.1,17.77,18.03,20657400,2.2099
5/13/2014,18.0,18.4,17.86,17.96,27465400,2.2116
5/14/2014,17.96,18.34,17.85,18.29,23462900,2.1975
5/15/2014,18.17,18.23,17.93,18.03,20492100,2.2157
5/16/2014,18.0,18.37,17.91,18.01,26139800,2.2103
5/19/2014,17.98,18.04,17.82,17.94,25935900,2.2029
5/20/2014,17.9,18.38,17.1,17.3,54506300,2.2128
5/21/2014,17.46,17.82,17.1,17.46,40672100,2.205
5/22/2014,17.51,17.77,17.34,17.68,32321300,2.2129
5/23/2014,17.58,17.83,17.55,17.7,18155800,2.2203
5/26/2014,17.8,17.91,17.71,17.86,7387500,2.2211
5/27/2014,17.93,18.03,17.41,17.49,23285500,2.2348
5/28/2014,17.55,17.79,17.26,17.7,22457200,2.2276
5/29/2014,17.75,17.8,17.29,17.3,19559700,2.2233
5/30/2014,17.18,17.25,16.62,16.69,25975000,2.2387
6/2/2014,16.8,16.87,16.38,16.55,26475500,2.2738
6/3/2014,16.53,16.96,16.47,16.9,20600300,2.2746
6/4/2014,16.85,16.93,16.52,16.6,20905900,2.2751
6/5/2014,16.71,16.83,16.29,16.32,23391100,2.2584
6/6/2014,17.38,17.68,17.11,17.68,55365700,2.2452
6/9/2014,17.57,18.24,17.38,18.07,47362400,2.2243
6/10/2014,18.04,18.67,17.81,18.67,35832900,2.2191
6/11/2014,18.7,18.96,18.3,18.88,48370800,2.23
6/13/2014,18.63,19.07,18.61,18.99,28004000,2.2196
6/16/2014,19.0,19.13,18.64,18.74,30910300,2.2298
6/17/2014,18.65,18.68,18.2,18.32,18040600,2.2568
6/18/2014,18.41,19.03,18.25,19.0,43019700,2.2199
6/20/2014,18.65,18.99,18.58,18.7,22486300,2.2253
6/23/2014,18.75,18.75,18.3,18.3,14243200,2.213
6/24/2014,18.29,18.89,17.49,17.64,53971000,2.2196
6/25/2014,17.2,17.77,17.13,17.29,48346300,2.2047
6/26/2014,17.47,17.57,17.01,17.32,23470100,2.194
6/27/2014,17.25,17.39,17.1,17.2,16716300,2.1918
6/30/2014,17.36,17.55,17.04,17.29,20962900,2.2117
7/1/2014,17.35,17.45,16.92,17.19,22945200,2.2002
7/2/2014,17.19,17.33,16.97,17.12,28670600,2.2221
7/3/2014,16.9,17.53,16.85,17.52,26634700,2.2068
7/4/2014,17.43,17.55,17.35,17.5,9431900,2.2103
7/7/2014,17.41,17.44,17.14,17.32,18701200,2.2225
7/8/2014,17.36,17.42,17.17,17.33,11504900,2.2074
7/10/2014,17.78,18.17,17.62,18.11,35913600,2.2182
7/11/2014,18.07,18.32,17.8,18.24,20928900,2.2205
7/14/2014,18.48,19.18,18.42,19.1,70399104,2.2074
7/15/2014,19.1,19.37,18.83,19.26,43433200,2.2159
7/16/2014,19.35,19.39,19.08,19.31,27591400,2.2207
7/17/2014,19.2,19.92,19.12,19.56,57411200,2.2552
7/18/2014,20.81,20.87,20.15,20.52,90435000,2.2223
7/21/2014,20.43,21.02,20.26,20.94,44723800,2.218
7/22/2014,20.9,21.23,20.56,21.05,62443400,2.2104
7/23/2014,20.56,20.74,20.17,20.25,42981200,2.2159
7/24/2014,20.36,20.44,19.95,20.31,37644700,2.2173
7/25/2014,20.41,20.57,20.28,20.49,25149900,2.2221
7/28/2014,20.57,20.6,20.09,20.15,24552600,2.2193
7/29/2014,20.1,20.12,19.56,19.62,38234000,2.227
7/30/2014,19.7,20.05,19.63,19.85,28062900,2.2442
7/31/2014,19.6,19.65,19.01,19.1,36467700,2.2606
8/1/2014,19.01,19.21,18.72,19.0,30658500,2.2523
8/4/2014,19.15,19.56,18.87,19.55,22501200,2.256
8/5/2014,19.46,20.09,19.3,19.7,53674100,2.2783
8/6/2014,19.84,20.54,19.67,20.31,72879400,2.2706
8/7/2014,20.6,20.69,19.88,20.15,54256300,2.2939
8/8/2014,19.8,19.86,19.25,19.31,41930500,2.279
8/11/2014,19.37,20.2,19.22,20.14,35596700,2.2705
8/12/2014,20.09,20.29,19.57,19.67,30507300,2.2749
8/13/2014,19.75,19.93,18.5,18.69,100212704,2.2765
8/14/2014,18.68,19.05,18.33,18.6,45332400,2.2636
8/15/2014,18.9,20.1,18.9,20.06,63042700,2.2564
8/18/2014,20.55,20.73,19.82,20.4,66860700,2.253
8/19/2014,20.21,20.99,20.17,20.91,43132900,2.2436
8/20/2014,20.8,21.49,20.71,21.36,54453400,2.2594
8/21/2014,21.25,21.67,21.07,21.3,40823700,2.2665
8/22/2014,21.14,21.32,20.73,20.92,34438300,2.2729
8/25/2014,21.22,22.07,21.12,22.04,45475600,2.2831
8/26/2014,22.03,22.52,21.78,21.84,52291300,2.2566
8/27/2014,22.15,23.21,21.9,22.84,73536496,2.2437
8/28/2014,22.69,23.33,22.55,22.84,57631800,2.2367
8/29/2014,23.15,23.59,22.6,23.36,56848900,2.2302
9/1/2014,23.95,24.59,23.66,23.83,40238800,2.2430000000000003
9/2/2014,24.0,24.9,23.4,24.56,67713104,2.2378
9/3/2014,24.84,24.88,23.6,23.95,60151400,2.2341
9/4/2014,23.09,24.0,22.7,22.79,66914600,2.2391
9/5/2014,22.75,23.3,22.43,22.82,54256100,2.2237
9/8/2014,23.42,23.68,21.5,21.7,79759296,2.2651
9/9/2014,21.51,22.19,21.12,21.48,71764400,2.2832
9/10/2014,21.16,21.48,20.6,20.95,61903500,2.285
9/11/2014,21.18,21.73,21.0,21.21,51526700,2.2947
9/12/2014,20.87,21.0,19.85,20.14,82475400,2.3348
9/15/2014,20.25,20.66,20.06,20.58,53328400,2.3394
9/16/2014,20.76,22.38,20.7,21.55,99328896,2.3338
9/17/2014,22.33,22.53,21.86,22.12,54823000,2.3554
9/18/2014,21.85,22.12,21.18,21.29,57148100,2.3629
9/19/2014,21.0,21.38,20.69,20.91,37077100,2.353
9/22/2014,20.45,20.6,19.68,20.59,66535200,2.3957
9/23/2014,20.1,21.0,19.9,20.13,54737800,2.4097
9/24/2014,19.95,20.61,19.84,20.23,38247100,2.3778
9/25/2014,20.29,20.4,19.83,19.84,26626600,2.4251
9/26/2014,19.9,21.24,19.8,20.94,43234500,2.4131
9/29/2014,19.02,19.25,18.54,18.6,94418600,2.4439
9/30/2014,18.49,18.65,17.75,18.09,81971800,2.4356
10/1/2014,17.7,17.86,17.01,17.09,79170704,2.4785
10/2/2014,17.4,17.72,16.86,17.3,65399500,2.4921
10/3/2014,17.6,18.52,17.24,18.35,61990800,2.4549
10/6/2014,21.5,21.5,20.09,20.39,114738800,2.4257
10/7/2014,20.85,21.79,20.64,21.21,87446800,2.3932
10/8/2014,21.8,21.85,20.01,20.85,104638496,2.3741
10/9/2014,21.29,21.9,21.14,21.2,82449696,2.395
10/10/2014,20.05,20.05,20.05,20.05,64882800,2.3858
10/13/2014,21.36,22.42,21.11,22.13,85183400,2.3905
10/14/2014,21.6,21.6,21.6,21.6,80844400,2.396
10/15/2014,20.6,20.88,19.62,20.15,120546304,2.4522
10/16/2014,19.01,19.5,18.56,18.65,97275600,2.4664
10/17/2014,19.37,19.53,18.65,19.09,69545696,2.4355
10/20/2014,18.92,18.99,17.87,17.92,70794896,2.4619
10/21/2014,16.9,16.9,16.9,16.9,105185600,2.4781
10/22/2014,16.81,17.25,16.38,16.61,62049400,2.4845
10/23/2014,16.37,16.45,15.41,15.51,110386000,2.4956
10/24/2014,15.8,16.89,15.52,16.62,100322000,2.4689
10/27/2014,14.0,14.59,13.76,14.52,215365600,2.5194
10/28/2014,14.9,15.08,14.63,15.03,95132896,2.4582
10/29/2014,14.77,14.79,14.0,14.02,89851000,2.4578
10/30/2014,14.6,14.69,14.01,14.32,75048896,2.4015
10/31/2014,14.58,15.28,14.37,15.28,47932400,2.4734
11/3/2014,14.96,15.1,14.55,14.85,44102700,2.4921
11/4/2014,15.0,15.03,14.37,14.82,45408900,2.4939
11/5/2014,14.5,14.62,14.33,14.4,37011900,2.5013
11/6/2014,14.28,14.28,13.78,14.06,55337600,2.5666
11/7/2014,14.25,14.63,13.52,14.27,77503904,2.5489
11/10/2014,14.3,14.37,13.92,13.98,35611800,2.5494
11/11/2014,13.81,14.08,13.67,14.0,24268300,2.5544
11/12/2014,13.97,14.49,13.83,14.11,30597500,2.5632
11/13/2014,14.32,14.37,13.59,13.6,36046700,2.5859
11/14/2014,12.9,13.33,12.85,13.2,52848800,2.5699
11/17/2014,13.07,13.25,12.52,12.6,47504600,2.6047
11/18/2014,12.76,12.85,12.0,12.45,60893000,2.5791
11/19/2014,12.4,12.97,12.31,12.78,48829400,2.5689
11/21/2014,13.01,14.43,13.01,14.3,66584900,2.512
11/24/2014,14.62,15.26,14.08,14.21,70349104,2.5425
11/25/2014,14.44,14.93,13.85,14.15,82863904,2.5263
11/26/2014,14.17,14.17,14.17,14.17,35604600,2.4979
11/27/2014,14.2,14.62,13.33,13.44,54672700,2.5272
11/28/2014,13.45,13.56,12.8,12.84,46109000,2.5315
12/1/2014,12.45,12.54,12.21,12.32,100447904,2.557
12/2/2014,12.5,12.56,12.09,12.17,41047100,2.5651
12/3/2014,12.26,12.8,12.21,12.71,39791800,2.5491
12/4/2014,12.79,12.79,12.17,12.27,36498300,2.5882
12/5/2014,12.32,12.37,12.05,12.18,60072900,2.5861
12/8/2014,12.15,12.15,11.41,11.51,44385600,2.5966
12/9/2014,11.1,11.43,10.81,11.42,69233104,2.5897
12/10/2014,11.35,11.36,10.82,10.88,51653800,2.6131
12/11/2014,10.9,11.04,10.32,10.63,64604800,2.6467
12/12/2014,10.65,10.69,10.11,10.19,46321800,2.6516
12/15/2014,10.21,10.29,9.01,9.06,100442600,2.6921
12/16/2014,8.6,9.92,8.56,9.37,92073400,2.7352
12/17/2014,9.5,9.86,9.37,9.47,90951200,2.7119999999999997
12/18/2014,9.89,10.35,9.38,9.57,88693200,2.6593
12/19/2014,9.95,9.98,9.57,9.83,65110400,2.6565
12/22/2014,9.9,10.37,9.71,10.37,53678500,2.6624
12/23/2014,10.37,10.99,10.19,10.91,45011000,2.6912
12/26/2014,10.87,10.88,10.21,10.32,27059500,2.6927
12/29/2014,10.15,10.54,10.06,10.28,24575700,2.6993
12/30/2014,10.16,10.35,10.01,10.03,27623700,2.6541
1/2/2015,9.99,9.99,9.35,9.36,49559500,2.6912
1/5/2015,9.14,9.19,8.53,8.56,78385100,2.7031
1/6/2015,8.71,8.83,8.04,8.28,84723300,2.6966
1/7/2015,8.56,8.73,8.36,8.67,86429300,2.6808
1/8/2015,8.79,9.39,8.74,9.23,83306300,2.6597
1/9/2015,9.2,9.51,8.93,9.51,50813100,2.6264
1/12/2015,9.27,9.58,8.79,8.84,58728900,2.6702
1/13/2015,8.9,9.39,8.85,9.09,65834800,2.6396
1/14/2015,8.88,8.96,8.64,8.91,55736500,2.6121
1/15/2015,9.0,9.39,8.87,9.31,80907800,2.6387
1/16/2015,9.46,9.63,9.24,9.44,57624300,2.6169
1/19/2015,9.35,9.54,9.15,9.17,30873100,2.6481
1/20/2015,9.6,9.85,9.15,9.31,72842900,2.611
1/21/2015,9.45,9.92,9.32,9.9,48003500,2.5971
1/22/2015,10.1,10.46,9.97,10.23,74782400,2.5707
1/23/2015,10.11,10.41,9.88,9.98,43659400,2.5778
1/26/2015,9.79,9.97,9.66,9.83,33202100,2.5799
1/27/2015,9.72,10.37,9.53,10.14,58750400,2.5693
1/28/2015,9.43,9.54,8.95,9.11,106337900,2.5731
1/29/2015,9.05,9.08,8.34,8.67,111506300,2.6002
1/30/2015,8.2,8.34,8.08,8.3,87497200,2.6792
2/2/2015,8.46,8.79,8.13,8.79,57585100,2.7236
2/3/2015,9.01,10.0,9.01,9.97,98061700,2.6911
2/4/2015,10.3,10.78,9.56,10.02,118830800,2.7383
2/5/2015,9.86,10.29,9.7,9.83,78992700,2.7416
2/6/2015,9.8,9.81,8.87,9.12,118645000,2.7796
2/9/2015,8.8,9.47,8.72,9.4,72534200,2.7663
2/10/2015,9.22,9.8,8.89,8.91,75478700,2.8311
2/11/2015,8.94,9.19,8.81,9.08,48681100,2.8655
2/12/2015,9.35,9.54,9.27,9.45,61706000,2.8169999999999997
2/13/2015,9.68,10.1,9.66,10.03,72282500,2.8309
2/18/2015,10.16,10.34,10.01,10.04,42896700,2.8339999999999996
2/19/2015,9.96,9.97,9.65,9.71,38492400,2.8633
2/20/2015,9.82,9.9,9.53,9.64,35272700,2.8641
2/23/2015,9.55,9.59,9.39,9.5,41168500,2.8747
2/24/2015,9.65,9.9,9.59,9.9,48578000,2.8569999999999998
2/25/2015,9.1,9.4,9.0,9.4,96303900,2.8688
2/26/2015,9.4,9.52,9.16,9.23,44179900,2.905
2/27/2015,9.3,9.64,9.1,9.55,46969600,2.8368
3/2/2015,9.44,9.71,9.27,9.42,38009000,2.8927
3/3/2015,9.69,9.8,9.52,9.57,42133600,2.9279
3/4/2015,9.41,9.45,9.21,9.27,48308500,2.9714
3/5/2015,9.31,9.38,9.16,9.24,52913800,3.0001
3/6/2015,9.2,9.35,9.17,9.25,27181900,3.057
3/9/2015,9.13,9.18,8.9,8.92,37625700,3.1227
3/10/2015,8.83,8.98,8.51,8.52,72090500,3.1016
3/11/2015,8.67,8.83,8.58,8.74,44035300,3.1269
3/12/2015,8.97,9.08,8.44,8.47,63029900,3.1631
3/13/2015,8.25,8.39,8.16,8.34,72933500,3.2432
3/16/2015,8.49,8.5,8.19,8.39,53380500,3.2428
3/17/2015,8.35,8.93,8.32,8.86,63896300,3.2462
3/18/2015,8.85,9.29,8.67,9.2,65324600,3.2181
3/19/2015,9.18,9.23,8.85,8.92,42857200,3.2904
3/20/2015,9.08,9.35,8.96,9.22,65339300,3.2246
3/23/2015,9.3,9.44,9.2,9.33,34124600,3.1283
3/24/2015,9.37,9.45,9.22,9.42,36392400,3.1362
3/25/2015,9.65,9.89,9.53,9.8,84659600,3.1973
3/26/2015,9.92,9.96,9.31,9.33,58862000,3.1795
3/27/2015,9.3,9.61,9.17,9.36,51152500,3.2412
3/30/2015,9.5,9.75,9.42,9.71,33372200,3.2260000000000004
3/31/2015,9.58,9.92,9.47,9.66,46908300,3.1885
4/1/2015,9.93,10.37,9.87,10.26,59374600,3.1643
4/2/2015,10.17,10.72,10.17,10.69,69001800,3.1222
4/6/2015,10.8,10.99,10.68,10.71,45227600,3.1216
4/7/2015,10.6,10.96,10.46,10.92,61721500,3.1251
4/8/2015,11.1,11.33,10.49,10.57,73904600,3.0461
4/9/2015,10.7,11.6,10.58,11.58,79280800,3.0553
4/10/2015,11.52,11.93,11.27,11.81,70021600,3.0718
4/13/2015,11.97,12.75,11.9,12.27,106242100,3.1192
4/14/2015,12.67,12.74,11.97,12.46,87127100,3.0646
4/15/2015,12.7,13.38,12.47,13.34,103042800,3.0259
4/16/2015,13.25,13.33,12.52,12.98,109852700,3.0186
4/17/2015,12.61,13.24,12.52,12.95,71274400,3.0356
4/20/2015,13.23,13.38,13.02,13.07,52514600,3.0294
4/22/2015,13.19,13.29,12.66,13.0,65914800,3.0052
4/23/2015,12.3,13.26,11.89,12.87,182613700,2.9685
4/24/2015,13.19,13.78,13.16,13.22,106143700,2.9468
4/27/2015,12.95,13.12,12.51,12.52,53111300,2.9131
4/28/2015,12.76,12.87,12.25,12.77,60884300,2.9348
4/29/2015,12.58,12.93,12.53,12.82,36442500,2.9527
4/30/2015,12.83,13.15,12.8,13.06,48515300,3.0111
5/4/2015,13.31,13.85,13.3,13.79,55651100,3.083
5/5/2015,13.7,14.61,13.67,14.43,76329800,3.0531
5/6/2015,14.75,14.95,13.57,13.79,72197500,3.0287
5/7/2015,13.8,14.05,13.33,13.66,44978900,3.0213
5/8/2015,14.04,14.09,13.36,13.51,43687900,2.9712
5/11/2015,13.68,13.83,13.43,13.77,28040500,3.0564
5/12/2015,13.7,14.06,13.63,13.73,30765100,3.0175
5/13/2015,13.87,14.13,13.75,13.98,45346800,3.0365
5/14/2015,14.1,14.23,13.76,13.9,49457700,2.9899
5/15/2015,13.92,14.12,13.61,14.04,54224100,2.9914
5/18/2015,14.64,14.65,13.52,13.7,82200400,3.0058
5/19/2015,13.55,13.59,12.79,12.89,70521100,3.0316
5/20/2015,12.76,13.12,12.63,12.84,43164900,3.0017
5/21/2015,12.86,13.52,12.86,13.48,53682900,3.0367
5/22/2015,13.52,13.65,12.92,13.07,53753700,3.089
5/25/2015,12.98,13.01,12.72,12.83,24377600,3.0932
5/26/2015,12.8,12.86,12.36,12.39,44844200,3.148
5/27/2015,12.5,12.66,12.29,12.54,47223300,3.1379
5/28/2015,12.47,12.82,12.4,12.65,96419400,3.1584
5/29/2015,12.71,12.78,12.3,12.33,75971600,3.1733
6/1/2015,12.43,12.65,12.25,12.36,40498000,3.1695
6/2/2015,12.55,12.95,12.47,12.88,47041600,3.1286
6/3/2015,12.96,13.1,12.72,12.79,90062100,3.1332
6/5/2015,12.58,12.78,12.42,12.57,36719100,3.1396
6/8/2015,12.61,12.77,12.47,12.57,39522700,3.1099
6/9/2015,12.61,13.17,12.57,13.0,88228800,3.0955
6/10/2015,13.3,13.44,12.92,13.08,45583600,3.114
6/11/2015,13.13,13.14,12.85,13.1,35341600,3.0871
6/12/2015,12.86,13.04,12.83,13.02,60257900,3.1168
6/15/2015,12.97,13.09,12.9,13.01,31713200,3.1235
6/16/2015,13.04,13.48,12.91,13.38,49988000,3.0869
6/17/2015,13.5,13.59,13.12,13.14,40920200,3.0504
6/18/2015,13.28,13.45,13.15,13.45,26832100,3.0578
6/19/2015,13.31,13.44,13.1,13.15,36247800,3.0932
6/22/2015,13.3,13.37,13.13,13.17,22567300,3.0844
6/23/2015,13.27,13.43,12.95,12.97,53057500,3.0738
6/24/2015,13.06,13.35,13.05,13.22,39613200,3.0949
6/25/2015,13.23,13.24,12.52,12.6,49474000,3.1244
6/26/2015,12.66,13.21,12.64,13.21,35210100,3.1256
6/29/2015,13.0,13.59,12.62,12.85,63175500,3.115
6/30/2015,12.9,12.99,12.65,12.69,32876500,3.108
7/1/2015,12.8,12.85,12.01,12.16,62627200,3.1455
7/2/2015,12.35,12.53,12.16,12.35,37421500,3.094
7/3/2015,12.25,12.31,11.68,11.76,31574500,3.1292
7/6/2015,11.51,11.73,11.28,11.51,51206800,3.1351
7/7/2015,11.36,11.85,10.82,11.77,72452800,3.1787
7/8/2015,11.62,11.99,11.33,11.46,44001500,3.2317
7/10/2015,11.9,11.98,11.75,11.81,30885900,3.1556
7/13/2015,11.87,11.93,11.58,11.79,29585400,3.1312
7/14/2015,11.69,12.08,11.58,11.99,37058500,3.1365
7/15/2015,11.96,12.06,11.72,11.78,33375100,3.1356
7/16/2015,11.89,11.99,11.82,11.99,26442500,3.1506
7/17/2015,11.82,11.9,11.39,11.41,39929900,3.188
7/20/2015,11.46,11.54,10.75,10.79,49668500,3.1945
7/21/2015,10.91,11.24,10.6,10.73,40357600,3.1719
7/22/2015,10.61,10.72,10.33,10.36,31050200,3.2198
7/23/2015,10.22,10.56,10.12,10.12,50696500,3.2842
7/24/2015,10.17,10.23,9.76,10.03,45143700,3.3560000000000003
7/27/2015,9.96,9.99,9.5,9.5,54768800,3.3617
7/28/2015,9.69,10.22,9.61,10.02,72306100,3.3545
7/29/2015,10.01,10.77,9.91,10.7,88194700,3.3239
7/30/2015,10.83,10.93,10.24,10.42,47498400,3.3708
7/31/2015,10.48,10.7,10.32,10.49,37462200,3.4194
8/3/2015,10.36,10.41,9.95,10.03,41499600,3.4488
8/4/2015,10.14,10.45,10.1,10.16,30786900,3.4663
8/5/2015,10.41,10.55,10.01,10.01,44421800,3.4838
8/6/2015,9.86,10.39,9.74,10.34,60293400,3.5316
8/7/2015,10.25,10.55,9.68,9.69,65832700,3.5069999999999997
8/10/2015,9.81,10.03,9.57,9.99,51017800,3.4357
8/11/2015,9.79,9.98,9.47,9.98,45648700,3.471
8/12/2015,9.8,10.01,9.67,9.82,40039100,3.4751
8/13/2015,9.91,9.97,9.5,9.5,31405700,3.5193
8/14/2015,9.61,9.68,9.3,9.3,28405100,3.4789999999999996
8/17/2015,9.2,9.36,9.12,9.15,33125100,3.4766
8/18/2015,9.06,9.2,8.82,8.99,38013600,3.4649
8/19/2015,8.95,9.05,8.63,8.74,37036000,3.4883
8/20/2015,8.64,8.96,8.56,8.69,38857700,3.4578
8/21/2015,8.6,8.64,8.29,8.3,39848800,3.498
8/24/2015,7.76,8.17,7.53,7.89,70881000,3.5481
8/25/2015,8.1,8.23,7.85,7.85,58283200,3.6115
8/26/2015,8.07,8.13,7.85,8.13,43893300,3.5941
8/27/2015,8.25,8.93,8.23,8.92,66820200,3.5502
8/28/2015,8.67,9.39,8.61,9.02,77260900,3.5787
8/31/2015,8.71,9.29,8.52,9.19,76576400,3.6192
9/1/2015,8.75,9.09,8.54,8.59,52756400,3.6925
9/2/2015,8.75,8.84,8.33,8.82,56050600,3.7539
9/3/2015,8.93,9.21,8.54,8.76,56645400,3.735
9/4/2015,8.6,8.76,8.51,8.51,35463400,3.8397
9/8/2015,8.7,8.79,8.58,8.64,29383000,3.8159
9/9/2015,8.81,8.9,8.36,8.39,38706300,3.7787
9/10/2015,7.9,8.15,7.81,7.97,62858700,3.8481
9/11/2015,7.94,7.99,7.59,7.66,53647300,3.8682
9/14/2015,7.7,7.82,7.46,7.72,52851400,3.8107
9/15/2015,7.65,7.87,7.54,7.65,35102900,3.8597
9/16/2015,7.77,8.24,7.74,8.14,66613400,3.8286
9/17/2015,8.05,8.11,7.86,7.86,72887600,3.8914
9/18/2015,7.75,7.76,7.5,7.6,68097000,3.9389999999999996
9/21/2015,7.66,7.68,7.3,7.3,41063600,3.9814
9/22/2015,7.24,7.24,6.81,6.97,66720700,4.0477
9/23/2015,6.96,7.16,6.7,6.82,64774800,4.1751
9/24/2015,6.61,7.14,6.6,6.96,56577300,3.9330000000000003
9/25/2015,7.12,7.22,6.77,6.82,44843100,3.9676
9/28/2015,6.74,6.75,6.44,6.44,37466900,4.1037
9/29/2015,6.54,6.79,6.5,6.59,52387600,4.0544
9/30/2015,7.25,7.26,6.97,7.24,107779500,3.9457
10/1/2015,7.31,7.46,6.99,7.02,69296500,3.9988
10/2/2015,6.99,7.83,6.9,7.77,88891400,3.9275
10/5/2015,7.9,8.14,7.75,7.82,68350300,3.9099
10/6/2015,7.86,8.34,7.84,8.19,81259300,3.8489999999999998
10/7/2015,8.51,8.9,8.27,8.47,116610600,3.8803
10/8/2015,8.46,8.84,8.28,8.75,68670000,3.7819
10/9/2015,9.02,9.07,8.58,8.8,71885200,3.761
10/13/2015,8.36,8.47,8.07,8.13,56100600,3.8888
10/14/2015,8.07,8.23,7.89,7.96,75339100,3.8071
10/15/2015,8.0,8.07,7.67,8.0,61444100,3.7925
10/16/2015,7.99,8.08,7.81,7.95,42963800,3.9207
10/19/2015,7.9,7.96,7.76,7.95,40096200,3.8878
10/20/2015,8.0,8.19,7.97,8.05,47938700,3.9023
10/21/2015,7.95,8.06,7.71,7.75,45394400,3.9367
10/22/2015,7.82,8.11,7.81,8.02,46174500,3.9023
10/23/2015,8.26,8.28,7.94,7.99,45715300,3.8756
10/26/2015,8.05,8.13,7.8,7.85,35069500,3.9039
10/27/2015,7.86,7.86,7.55,7.6,44085700,3.8834
10/28/2015,7.87,7.95,7.86,7.95,4630900,3.8972
10/29/2015,7.57,7.93,7.57,7.61,41336300,3.8447
10/30/2015,7.6,7.78,7.54,7.71,36951300,3.8514
11/3/2015,7.84,8.48,7.77,8.48,60306200,3.7671
11/4/2015,8.58,8.65,8.02,8.08,55661500,3.7956
11/5/2015,8.08,8.17,7.87,8.11,92690300,3.7801
11/6/2015,8.04,8.08,7.73,7.82,39680600,3.7663
11/9/2015,7.83,7.93,7.59,7.91,36340400,3.7991
11/10/2015,7.6,7.69,7.51,7.61,34554300,3.7454
11/11/2015,7.71,7.83,7.64,7.72,44596400,3.7629
11/12/2015,7.72,7.74,7.53,7.58,41641400,3.7669
11/13/2015,7.5,7.56,7.23,7.27,67000600,3.8406
11/16/2015,7.31,7.7,7.31,7.7,56587800,3.8256
11/17/2015,7.8,7.86,7.64,7.76,52072800,3.8083
11/18/2015,7.81,8.03,7.79,7.82,38137700,3.7671
11/19/2015,7.96,7.98,7.62,7.84,51878600,3.7612
11/23/2015,7.9,8.1,7.85,8.08,47415800,3.7289
11/24/2015,8.05,8.5,7.95,8.5,63001700,3.6962
11/25/2015,8.28,8.35,7.9,7.9,54732800,3.7394
11/26/2015,7.95,8.04,7.82,7.92,21697100,3.7384
11/27/2015,7.81,7.86,7.57,7.6,38334200,3.8436
11/30/2015,7.54,7.84,7.42,7.67,72764300,3.8666
12/1/2015,7.67,7.76,7.45,7.49,35865600,3.8506
12/2/2015,7.54,7.59,7.35,7.52,47713500,3.8323
12/3/2015,7.99,8.17,7.79,7.98,76680900,3.7559
12/4/2015,7.97,7.97,7.42,7.52,63662600,3.7462
12/7/2015,7.6,7.61,7.15,7.19,47395000,3.7595
12/8/2015,7.2,7.2,6.95,7.13,46590500,3.8145
12/9/2015,7.34,7.82,7.27,7.65,82102800,3.7427
12/10/2015,7.51,7.57,7.31,7.45,43458400,3.8078
12/11/2015,7.26,7.53,7.21,7.25,50750600,3.8127
12/14/2015,7.15,7.23,7.07,7.21,33538000,3.8844
12/15/2015,7.34,7.47,7.3,7.42,34188900,3.9059
12/16/2015,7.28,7.36,7.09,7.29,39840300,3.8929
12/17/2015,7.35,7.52,7.19,7.2,43789300,3.8763
12/18/2015,7.02,7.1,6.92,7.02,60061600,3.9784
12/21/2015,7.06,7.09,6.62,6.64,54032100,4.0114
12/22/2015,6.76,6.82,6.62,6.79,40463400,3.9852
12/23/2015,6.91,7.04,6.87,6.93,38789700,3.9410000000000003
12/28/2015,6.9,6.9,6.65,6.7,28617600,3.8551
12/29/2015,6.81,6.87,6.68,6.69,22441300,3.8641
12/30/2015,6.66,6.76,6.52,6.7,30041600,3.9567
1/4/2016,6.57,7.03,6.55,6.87,45962100,4.0373
1/5/2016,6.92,7.0,6.62,6.68,29446700,4.0269
1/6/2016,6.53,6.54,6.4,6.4,67507200,4.0199
1/7/2016,6.19,6.43,6.08,6.26,57387900,4.0415
1/8/2016,6.38,6.45,6.13,6.27,52100300,3.9932
1/11/2016,6.27,6.3,6.05,6.09,51334000,4.0504
1/12/2016,6.12,6.12,5.51,5.53,81627800,4.0252
1/13/2016,5.7,5.74,5.25,5.27,70874300,4.0141
1/14/2016,5.31,5.69,5.13,5.69,76854200,4.0059
1/15/2016,5.35,5.44,5.16,5.17,75571500,4.0043
1/18/2016,5.19,5.21,4.8,4.8,46407200,4.0523
1/19/2016,5.03,5.05,4.64,4.66,66529300,4.0584
1/20/2016,4.5,4.5,4.26,4.43,92914100,4.1014
1/21/2016,4.37,4.67,4.36,4.5,87455300,4.1535
1/22/2016,4.73,4.77,4.4,4.41,100576600,4.1124
1/26/2016,4.23,4.31,4.12,4.2,71933300,4.0669
1/27/2016,4.22,4.64,4.16,4.57,79437900,4.1049
1/28/2016,4.67,5.13,4.35,4.6,131960900,4.067
1/29/2016,4.7,4.86,4.52,4.84,93013900,3.9971
2/1/2016,4.74,4.86,4.66,4.72,51910300,3.9597
2/2/2016,4.56,4.65,4.3,4.3,53610300,3.9853
2/3/2016,4.42,4.52,4.22,4.49,73786400,3.8923
2/4/2016,4.56,4.94,4.36,4.73,91974200,3.8862
2/5/2016,4.73,4.78,4.53,4.54,52704500,3.8996
2/10/2016,4.3,4.41,4.28,4.31,45747400,3.9263
2/11/2016,4.2,4.27,4.12,4.23,59451500,3.9875
2/12/2016,4.37,4.51,4.3,4.45,64027200,3.9682
2/15/2016,4.56,4.6,4.52,4.57,28490400,3.995
2/16/2016,4.5,4.64,4.42,4.44,80343900,4.0625
2/17/2016,4.54,4.82,4.51,4.68,84473100,3.9809
2/18/2016,4.69,4.87,4.55,4.59,65026900,4.0246
2/19/2016,4.5,4.57,4.4,4.46,56031000,4.0076
2/22/2016,4.67,5.04,4.63,5.04,80150300,3.9428
2/23/2016,4.95,5.28,4.82,4.92,85037400,3.9535
2/24/2016,4.77,4.93,4.65,4.87,75039700,3.9544
2/25/2016,4.81,5.08,4.79,4.89,70393700,3.9519
2/26/2016,5.02,5.1,4.83,4.87,61396800,3.9647
2/29/2016,5.08,5.23,4.98,5.14,84165000,4.0129
3/1/2016,5.31,5.37,5.1,5.31,80939200,3.9219999999999997
3/2/2016,5.21,5.65,5.15,5.65,88545800,3.8893
3/3/2016,6.57,6.57,6.57,6.57,186772500,3.7961
3/7/2016,7.25,7.53,6.95,7.37,85041400,3.7811
3/8/2016,7.37,7.84,7.08,7.47,137169400,3.7527
3/9/2016,7.7,7.78,7.36,7.6,84821900,3.6769
3/10/2016,7.8,7.96,7.31,7.95,117672300,3.614
3/11/2016,7.94,8.22,7.67,8.09,92331300,3.5717
3/14/2016,8.13,8.2,7.4,7.4,86084700,3.655
3/15/2016,6.83,6.96,6.56,6.61,104913200,3.7623
3/16/2016,6.51,7.23,6.41,7.23,85533000,3.7366
3/17/2016,8.15,8.19,7.71,8.1,19373300,3.6206
3/18/2016,8.09,8.17,7.72,8.12,77182400,3.6211
3/21/2016,8.08,8.27,7.93,8.06,65837300,3.6126
3/22/2016,7.85,8.18,7.73,8.11,84549700,3.5778
3/23/2016,7.88,7.96,7.66,7.78,61437900,3.6801
3/24/2016,7.53,8.0,7.32,7.81,52343300,3.6772
3/28/2016,8.15,8.48,7.91,8.44,69818700,3.6772
3/29/2016,8.34,8.85,8.19,8.49,89050200,3.6349
3/30/2016,8.7,9.0,8.28,8.44,90059600,3.5961
3/31/2016,8.31,8.31,8.31,8.31,737700,3.5865
4/1/2016,8.36,8.36,8.36,8.36,374500,3.5508
4/4/2016,7.54,7.54,7.54,7.54,865300,3.6172
4/5/2016,7.8,7.8,7.8,7.8,684100,3.6737
4/6/2016,7.58,7.58,7.58,7.58,457400,3.6364
4/7/2016,7.7,7.7,7.7,7.7,324800,3.6826
4/8/2016,8.13,8.34,8.04,8.26,84448200,3.5862
4/11/2016,8.39,8.39,8.39,8.39,449600,3.4885
4/12/2016,9.04,9.04,9.04,9.04,648900,3.4825
4/13/2016,9.49,9.49,9.49,9.49,782300,3.4935
4/14/2016,9.73,9.77,9.12,9.16,77355500,3.4725
4/15/2016,9.25,9.83,9.07,9.69,95590000,3.5281
4/18/2016,9.65,9.72,8.89,9.24,88873100,3.6099
4/19/2016,9.61,9.61,9.61,9.61,370500,3.5253
4/20/2016,9.4,9.64,9.34,9.48,53295800,3.5244
4/21/2016,9.5,9.5,9.5,9.5,352100,3.5244
4/22/2016,9.32,9.93,9.29,9.75,63322900,3.5623
4/25/2016,9.71,9.9,9.33,9.33,56585400,3.5504
4/26/2016,9.48,9.74,9.34,9.67,40460400,3.5202
4/27/2016,9.85,10.3,9.77,10.25,86397900,3.5215
4/29/2016,10.23,10.54,10.01,10.23,53931300,3.4328
5/2/2016,10.25,10.36,9.93,10.17,48618800,3.4965
5/3/2016,10.01,10.09,9.71,9.78,47074700,3.5549
5/4/2016,9.85,10.15,9.85,9.92,43389500,3.5454
5/5/2016,10.28,10.3,9.6,9.81,65074500,3.5331
5/6/2016,9.63,10.13,9.58,10.08,45330900,3.4989999999999997
5/9/2016,10.01,10.05,8.84,9.48,94688100,3.513
5/10/2016,9.82,10.21,9.72,10.21,53055800,3.4704
5/11/2016,10.39,10.5,9.99,10.25,74542300,3.447
5/12/2016,10.4,10.47,9.79,9.79,67229100,3.4771
5/13/2016,9.93,10.06,9.39,9.46,70472200,3.5302
5/16/2016,9.55,9.85,9.52,9.75,61487700,3.4945
5/17/2016,9.83,9.88,9.46,9.5,46379500,3.4861
5/18/2016,9.31,9.65,9.27,9.32,51929100,3.5585
5/19/2016,9.25,9.25,8.65,8.96,75430200,3.5609
5/20/2016,9.2,9.46,8.9,8.9,65173100,3.5573
5/23/2016,8.55,8.67,8.42,8.5,51330000,3.5665
5/24/2016,8.69,8.85,8.45,8.53,44823400,3.5673
5/25/2016,8.68,8.94,8.59,8.67,45512600,3.5769
5/27/2016,8.5,8.57,8.23,8.23,47488600,3.6089
5/30/2016,8.18,8.62,8.06,8.38,32281900,3.5674
5/31/2016,8.36,8.57,8.04,8.04,58662600,3.5832
6/1/2016,8.09,8.25,7.86,8.18,45884400,3.591
6/2/2016,8.19,8.41,8.03,8.32,52835100,3.5801
6/3/2016,8.51,8.67,8.45,8.57,45595300,3.5245
6/6/2016,8.7,8.78,8.45,8.46,37117600,3.4845
6/7/2016,8.42,8.72,8.39,8.62,34401600,3.4349
6/8/2016,8.8,9.41,8.8,9.39,77194700,3.3575
6/9/2016,9.28,9.38,9.05,9.18,46539900,3.3959
6/10/2016,8.97,8.99,8.78,8.78,38859900,3.4158
6/13/2016,8.58,8.84,8.52,8.62,37094100,3.4773
6/14/2016,8.6,8.77,8.25,8.3,66180300,3.4751
6/15/2016,8.3,8.69,8.27,8.51,84556900,3.4693
6/16/2016,8.41,8.54,8.28,8.5,46834500,3.4612
6/17/2016,8.75,8.95,8.73,8.95,63144100,3.4128
6/20/2016,9.22,9.37,9.12,9.18,63791500,3.3917
6/21/2016,9.09,9.54,8.94,9.53,53703900,3.4121
6/22/2016,9.61,9.75,9.34,9.34,61983000,3.3743
6/23/2016,9.59,9.7,9.51,9.67,48031300,3.3369999999999997
6/24/2016,9.0,9.33,8.92,9.25,75974900,3.3677
6/27/2016,9.22,9.34,8.78,8.78,58818400,3.3893
6/28/2016,9.1,9.28,9.07,9.2,45291700,3.3025
6/29/2016,9.43,9.57,9.32,9.5,56093600,3.2376
6/30/2016,9.42,9.49,9.24,9.42,43741300,3.2059
7/1/2016,9.48,9.85,9.37,9.82,49290800,3.2332
7/4/2016,9.95,10.05,9.79,9.87,24505100,3.2885
7/5/2016,9.65,9.67,9.23,9.29,69691200,3.2991
7/6/2016,9.09,9.52,8.95,9.5,68781500,3.327
7/7/2016,9.66,9.98,9.52,9.56,81610300,3.3611
7/8/2016,9.85,9.94,9.67,9.84,42647600,3.2952
7/11/2016,10.0,10.37,9.98,10.36,66717300,3.3072
7/12/2016,10.61,10.8,10.58,10.65,58174200,3.2935
7/13/2016,10.47,10.63,10.21,10.63,64252100,3.2616
7/14/2016,10.92,10.98,10.66,10.93,53059500,3.2484
7/15/2016,10.91,11.06,10.82,11.02,51223500,3.2591
7/18/2016,10.97,11.74,10.87,11.55,77358900,3.2494
7/19/2016,11.51,11.97,11.5,11.78,53692000,3.2479
7/20/2016,11.82,11.9,11.54,11.82,49261200,3.2527
7/21/2016,11.77,11.99,11.73,11.85,37748600,3.2686
7/22/2016,11.84,11.97,11.72,11.94,33938400,3.2515
7/25/2016,11.98,12.25,11.91,12.03,47192000,3.2821
7/26/2016,11.95,12.07,11.85,11.88,38304800,3.27
7/27/2016,11.99,12.04,11.51,11.51,51952100,3.2586
7/28/2016,11.4,11.55,11.15,11.44,40663100,3.2819
7/29/2016,11.76,11.98,11.61,11.87,60740000,3.2468
8/1/2016,11.93,11.97,11.22,11.25,52012300,3.2584
8/2/2016,11.33,11.62,11.1,11.36,49134600,3.2528
8/3/2016,11.58,11.9,11.33,11.9,55695500,3.2346
8/4/2016,11.93,12.12,11.87,12.01,63207500,3.1869
8/5/2016,12.12,12.17,11.65,11.65,54225900,3.1607
8/8/2016,11.79,11.97,11.7,11.91,41552000,3.1686
8/9/2016,11.92,12.07,11.75,11.88,33596200,3.1429
8/10/2016,11.95,11.97,11.56,11.56,41638400,3.1247
8/11/2016,11.63,12.1,11.6,12.1,55881500,3.139
8/12/2016,12.05,12.44,11.98,12.0,71281300,3.1884
8/15/2016,12.19,12.37,12.07,12.31,53568000,3.1848
8/16/2016,12.31,12.56,12.14,12.49,48218700,3.2012
8/17/2016,12.47,12.76,12.32,12.76,46809100,3.2048
8/18/2016,12.8,13.03,12.78,12.88,44941100,3.2379
8/19/2016,12.82,12.92,12.7,12.79,33360000,3.2055
8/22/2016,12.63,12.63,12.3,12.35,43258900,3.1987
8/23/2016,12.48,12.86,12.42,12.67,61048000,3.2355
8/24/2016,12.5,12.71,12.37,12.4,44694700,3.2233
8/25/2016,12.42,12.64,12.35,12.53,40290500,3.2283
8/26/2016,12.69,12.9,12.45,12.55,50650500,3.2612
8/29/2016,12.5,12.96,12.45,12.87,36990100,3.2276
8/30/2016,13.04,13.23,12.97,13.09,51893700,3.2368
8/31/2016,13.13,13.22,12.71,12.85,61016100,3.2260000000000004
9/1/2016,12.97,13.09,12.76,13.0,45370000,3.2532
9/2/2016,13.22,13.58,13.15,13.57,57017000,3.2531
9/5/2016,13.79,13.93,13.73,13.83,26292200,3.2672
9/6/2016,13.69,13.98,13.53,13.98,42086900,3.1963
9/8/2016,14.07,14.29,13.96,14.22,42797300,3.2149
9/9/2016,13.96,14.02,13.51,13.51,43155300,3.253
9/12/2016,13.32,13.95,13.27,13.95,44141000,3.2469
9/13/2016,13.7,13.85,12.94,13.01,64134000,3.3141
9/14/2016,13.15,13.36,12.97,13.11,43932500,3.3435
9/15/2016,13.21,13.56,13.16,13.51,42169100,3.2998
9/16/2016,13.34,13.42,13.16,13.16,44651900,3.2603
9/19/2016,13.42,13.54,13.02,13.05,51105500,3.2712
9/20/2016,13.45,13.63,13.33,13.5,52063100,3.2561
9/21/2016,13.6,13.69,13.4,13.66,61094100,3.2096
9/22/2016,13.89,14.09,13.84,14.0,47574500,3.217
9/23/2016,13.98,13.98,13.54,13.69,53264300,3.2401
9/26/2016,13.59,13.69,13.39,13.4,35545800,3.2406
9/27/2016,13.4,13.4,12.87,13.12,58098200,3.2326
9/28/2016,13.3,13.85,13.12,13.85,69032100,3.2178
9/29/2016,13.8,13.9,13.43,13.43,53143200,3.2593
9/30/2016,13.53,13.77,13.44,13.57,39275000,3.2595
10/3/2016,13.67,13.97,13.62,13.97,34444500,3.2087
10/4/2016,13.98,14.12,13.83,14.02,39717400,3.2545
10/5/2016,14.19,14.64,14.16,14.58,65242200,3.2185
10/6/2016,14.71,15.1,14.62,15.1,77003800,3.2272
10/7/2016,15.23,15.38,14.97,15.26,71691000,3.2178
10/10/2016,15.52,15.77,15.51,15.73,38724300,3.2027
10/11/2016,15.61,15.66,15.29,15.39,69314500,3.1959
10/13/2016,15.19,15.82,15.03,15.76,58212500,3.1773
10/14/2016,16.01,16.29,15.98,16.26,66150000,3.2026
10/17/2016,16.24,16.9,16.07,16.9,75002000,3.2042
10/18/2016,17.21,17.64,17.18,17.42,76995000,3.1817
10/19/2016,17.72,17.79,17.34,17.62,65212400,3.1661
10/20/2016,17.31,17.74,17.22,17.74,62901500,3.1391
10/21/2016,17.65,18.09,17.48,17.95,47961800,3.1469
10/24/2016,18.26,18.43,18.0,18.2,51678900,3.1245
10/25/2016,18.22,18.29,17.71,18.0,57674100,3.1104
10/26/2016,17.7,18.25,17.61,18.1,51424400,3.1388
10/27/2016,18.11,18.49,18.09,18.09,43645900,3.1653
10/28/2016,17.99,18.29,17.95,18.09,37689700,3.2029
10/31/2016,18.03,18.17,17.61,17.69,42059100,3.1982
11/1/2016,17.88,17.88,16.56,16.86,68718800,3.2351
11/3/2016,16.63,17.03,16.13,16.13,56998700,3.2584
11/4/2016,16.47,16.58,15.91,15.99,61347700,3.2321
11/7/2016,16.71,17.21,16.71,17.21,51625300,3.2009
11/8/2016,17.1,17.48,16.73,17.04,56241000,3.1681
11/9/2016,15.85,17.1,15.81,16.65,111417100,3.233
11/10/2016,17.1,17.18,15.5,15.5,94683900,3.3956
11/11/2016,15.18,15.46,13.94,14.01,129811400,3.3873
11/14/2016,13.8,14.18,13.33,14.0,86623000,3.4403
11/16/2016,14.55,14.96,14.18,14.74,77406600,3.4507
11/17/2016,15.15,15.32,14.29,14.29,51535300,3.4324
11/18/2016,14.37,14.69,14.21,14.52,55041300,3.38
11/21/2016,15.05,15.58,14.88,15.58,59122000,3.3874
11/22/2016,15.93,16.08,15.25,15.93,58636100,3.3636
11/23/2016,15.72,15.99,15.53,15.85,42490100,3.4311
11/24/2016,15.9,15.9,15.58,15.58,14725000,3.3907
11/25/2016,15.25,15.52,15.05,15.3,47630600,3.4210000000000003
11/28/2016,15.2,15.56,15.2,15.46,38747500,3.4072
11/29/2016,15.3,15.38,14.59,14.66,54075900,3.4538
11/30/2016,15.9,16.19,15.61,16.0,82547300,3.4063
12/1/2016,16.0,16.35,15.33,15.44,66775400,3.573
12/2/2016,15.12,15.91,14.75,15.83,58381500,3.4724
12/5/2016,16.01,16.09,15.55,15.66,47586500,3.42
12/6/2016,16.0,16.2,15.74,16.15,63916700,3.4063
12/7/2016,16.3,16.33,15.77,15.86,50247400,3.3816
12/8/2016,15.97,16.0,15.52,15.7,41104800,3.3737
12/9/2016,15.88,15.9,15.52,15.58,37161200,3.3765
12/12/2016,15.79,15.95,15.48,15.6,35436700,3.3373
12/13/2016,15.55,15.69,15.38,15.45,33455000,3.3342
12/14/2016,15.43,15.47,14.74,14.74,44215700,3.3689999999999998
12/15/2016,14.78,14.91,14.33,14.85,43338800,3.3657
12/16/2016,14.9,15.14,14.76,14.76,37876200,3.3904
12/19/2016,14.88,14.89,14.35,14.36,39128600,3.3639
12/20/2016,14.46,14.59,14.1,14.35,31810000,3.3531
12/21/2016,14.45,14.48,14.04,14.34,32856800,3.3254
12/22/2016,14.46,14.46,14.01,14.01,42240500,3.2863
12/23/2016,14.05,14.35,14.01,14.24,21776900,3.266
12/26/2016,14.32,14.45,14.27,14.42,5734300,3.2696
12/27/2016,14.5,14.55,14.26,14.41,14949200,3.2694
12/28/2016,14.43,14.81,14.36,14.78,18979900,3.2825
12/29/2016,14.85,14.88,14.52,14.87,18090600,3.2523
1/2/2017,14.64,14.7,14.6,14.66,7525700,3.284
1/3/2017,14.95,15.65,14.95,15.5,39947800,3.2635
1/4/2017,15.45,15.68,15.31,15.5,37071700,3.2141
1/5/2017,15.7,15.91,15.62,15.75,47586300,3.1977
1/6/2017,15.78,15.92,15.5,15.66,25592000,3.2199
1/9/2017,15.5,15.6,15.33,15.33,25599000,3.1955
1/10/2017,15.6,15.68,15.39,15.48,26239900,3.1945
1/11/2017,15.64,15.68,15.27,15.66,34399300,3.1963
1/12/2017,16.15,16.25,15.9,15.9,49890300,3.1868
1/13/2017,15.77,15.95,15.57,15.68,34450000,3.2163
1/16/2017,15.7,15.75,15.58,15.75,20069600,3.2405
1/17/2017,15.73,15.97,15.72,15.82,28663300,3.2098
1/18/2017,15.8,15.93,15.71,15.79,24725200,3.2296
1/19/2017,15.82,15.88,15.58,15.77,21677600,3.1949
1/20/2017,15.84,16.19,15.81,16.0,34863500,3.1639999999999997
1/23/2017,15.94,16.09,15.79,15.99,25139100,3.1617
1/24/2017,16.12,16.43,15.97,16.04,49710600,3.1687
1/26/2017,16.15,16.19,15.8,15.8,37391900,3.1761
1/27/2017,15.73,15.87,15.54,15.62,23275300,3.136
1/30/2017,15.51,15.53,14.84,14.84,26779500,3.1255
1/31/2017,14.99,15.37,14.9,15.02,30807200,3.1501
2/1/2017,15.26,15.41,14.91,15.02,35977000,3.128
2/2/2017,14.99,15.28,14.86,14.89,39306700,3.1225
2/3/2017,14.92,15.34,14.77,15.34,40213400,3.1138
2/6/2017,15.38,15.47,14.95,14.96,29686500,3.1137
2/7/2017,15.1,15.16,14.7,14.7,29163900,3.1167
2/8/2017,14.77,15.1,14.27,15.1,58912900,3.1159
2/9/2017,15.18,15.24,14.96,15.05,33910300,3.1288
2/10/2017,15.2,15.63,15.14,15.58,44467000,3.1108
2/13/2017,15.77,15.91,15.55,15.62,36439100,3.1101
2/14/2017,15.74,15.95,15.56,15.82,34417400,3.0812
2/15/2017,15.91,16.05,15.78,15.84,47953300,3.0561
2/16/2017,15.84,16.07,15.75,15.86,37276900,3.0875
2/17/2017,15.74,15.9,15.6,15.61,24866600,3.0998
2/20/2017,15.74,15.98,15.65,15.92,33514000,3.0855
2/21/2017,16.1,16.23,16.04,16.09,33685800,3.0939
2/22/2017,16.0,16.02,15.57,15.7,45255400,3.0623
2/23/2017,15.94,16.1,15.48,15.56,41208700,3.0603
2/24/2017,15.35,15.47,15.1,15.18,30412200,3.1095
3/1/2017,15.51,15.55,15.32,15.52,25661000,3.0882
3/2/2017,15.44,15.45,14.99,15.11,38490800,3.1546
3/3/2017,15.22,15.34,15.04,15.32,24516800,3.1146
3/6/2017,15.11,15.47,15.04,15.1,23325000,3.1372
3/7/2017,15.18,15.38,15.12,15.18,30927300,3.1159
3/8/2017,15.16,15.18,14.55,14.55,49300700,3.1593
3/9/2017,14.34,14.59,14.17,14.5,46467600,3.1913
3/10/2017,14.72,14.88,14.24,14.31,42454600,3.1346
3/13/2017,14.33,14.4,14.16,14.37,28295100,3.1524
3/14/2017,14.07,14.1,13.59,13.59,67172700,3.1637
3/15/2017,13.86,14.2,13.55,14.2,55593200,3.0999
3/16/2017,14.26,14.32,13.68,13.71,35362300,3.1193
3/17/2017,13.81,13.88,13.05,13.16,81797400,3.0896
3/20/2017,12.98,13.67,12.91,13.6,52351600,3.071
3/21/2017,13.61,13.63,12.82,13.0,46384300,3.0868
3/22/2017,13.2,13.72,13.03,13.66,62807700,3.0848
3/23/2017,13.48,13.82,13.42,13.57,36467200,3.1381
3/24/2017,13.7,13.77,13.34,13.48,30084700,3.1043
3/27/2017,13.24,13.79,13.02,13.77,32021200,3.1252
3/28/2017,13.9,14.11,13.77,13.95,44850600,3.1384
3/29/2017,14.04,14.49,13.93,14.45,43051400,3.1221
3/30/2017,14.55,14.64,14.35,14.45,32928600,3.1477
3/31/2017,14.36,14.65,14.26,14.49,33553000,3.1179
4/3/2017,14.54,14.75,14.53,14.67,39427200,3.113
4/4/2017,14.67,14.89,14.57,14.85,24132000,3.0956
4/5/2017,15.05,15.16,14.5,14.57,49920900,3.1196
4/6/2017,14.62,14.87,14.42,14.53,34602700,3.1415
4/7/2017,14.61,14.9,14.6,14.7,33024900,3.1446
4/10/2017,14.9,14.94,14.7,14.94,37906000,3.1318
4/11/2017,14.97,14.99,14.55,14.68,38593200,3.1368
4/12/2017,14.6,14.83,14.58,14.65,42628900,3.1235
4/13/2017,14.65,14.69,14.08,14.08,44572600,3.1424
4/17/2017,14.14,14.35,13.97,14.28,46459500,3.1303
4/18/2017,14.15,14.37,13.95,14.1,45349800,3.1065
4/19/2017,14.24,14.28,13.55,13.6,41014100,3.1483
4/20/2017,13.8,13.9,13.63,13.88,28227600,3.1471
4/24/2017,14.13,14.16,13.92,14.03,27546200,3.127
4/25/2017,13.9,14.34,13.8,14.34,32268100,3.1472
4/26/2017,14.16,14.49,14.0,14.0,37045000,3.1711
4/27/2017,13.99,14.03,13.56,13.73,29078500,3.1811
4/28/2017,13.85,14.1,13.69,13.97,31061200,3.1724
5/2/2017,14.06,14.34,13.85,13.99,37830100,3.1502
5/3/2017,14.04,14.25,13.95,14.16,38357600,3.1621
5/4/2017,14.0,14.0,13.58,13.6,37695400,3.1849
5/5/2017,13.69,14.21,13.66,14.21,32788100,3.1737
5/8/2017,14.13,14.35,13.98,14.08,36464300,3.1964
5/9/2017,14.15,14.24,14.04,14.14,28008600,3.1868
5/10/2017,14.34,14.75,14.31,14.73,46271700,3.1657
5/11/2017,14.88,14.92,14.64,14.82,29318000,3.139
5/12/2017,15.5,15.58,15.35,15.45,83518200,3.1016
5/15/2017,15.77,15.87,15.65,15.68,46914700,3.1082
5/16/2017,15.77,15.78,15.52,15.7,34469300,3.0958
5/17/2017,15.56,15.72,15.51,15.61,30023400,3.1334
5/18/2017,12.45,14.0,12.45,13.15,142924900,3.3689999999999998
5/19/2017,13.75,13.9,13.46,13.62,70983900,3.2524
5/22/2017,13.35,13.51,13.0,13.4,55014900,3.2654
5/23/2017,13.45,13.6,13.38,13.49,48520100,3.2686
5/24/2017,13.75,14.09,13.69,14.05,54065800,3.2742
5/25/2017,13.97,14.19,13.63,13.74,45030800,3.2735
5/26/2017,13.47,13.79,13.4,13.68,63326900,3.2546
5/29/2017,13.59,13.77,13.55,13.57,16139200,3.2554
5/30/2017,13.55,13.64,13.36,13.36,34663800,3.2562
5/31/2017,13.21,13.31,12.95,12.96,45628800,3.2251
6/1/2017,13.16,13.29,12.82,12.82,42873400,3.2489999999999997
6/2/2017,12.79,13.05,12.68,13.05,43192600,3.2434
6/5/2017,12.96,13.24,12.92,13.18,31419400,3.2961
6/6/2017,13.23,13.33,13.03,13.18,35558700,3.2760000000000002
6/7/2017,13.28,13.34,12.81,12.87,44355600,3.2673
6/8/2017,12.78,12.96,12.71,12.84,27749200,3.2596
6/9/2017,12.96,13.1,12.83,12.85,30382100,3.2934
6/12/2017,12.97,13.03,12.77,12.9,30680700,3.3167
6/13/2017,12.95,13.02,12.77,12.94,22891000,3.3144
6/14/2017,12.94,13.04,12.61,12.62,67382800,3.2726
6/16/2017,12.58,12.59,12.21,12.28,73551400,3.2914
6/19/2017,12.31,12.47,12.22,12.29,45926200,3.2811
6/20/2017,12.12,12.13,11.76,11.86,54014700,3.3255
6/21/2017,11.95,12.12,11.59,11.64,58778300,3.3334
6/22/2017,11.76,12.04,11.72,12.04,42284600,3.3397
6/23/2017,12.11,12.15,11.87,11.93,33601000,3.3110000000000004
6/26/2017,12.1,12.3,12.04,12.27,42731300,3.2948
6/27/2017,12.34,12.48,12.13,12.21,45097600,3.312
6/28/2017,12.27,12.32,12.01,12.08,32077400,3.2795
6/29/2017,12.26,12.3,12.09,12.18,24380300,3.3027
6/30/2017,12.25,12.48,12.19,12.37,29687600,3.2761
7/3/2017,12.28,12.41,12.22,12.36,31542500,3.3005
7/4/2017,12.34,12.43,12.32,12.43,12523500,3.3092
7/5/2017,12.38,12.52,12.12,12.21,41958400,3.287
7/6/2017,12.28,12.36,12.08,12.17,51976900,3.2973
7/7/2017,12.13,12.17,11.85,11.93,42677000,3.2788
7/10/2017,11.83,12.01,11.74,11.98,21748800,3.2537
7/11/2017,11.95,12.45,11.9,12.33,45500900,3.2531
7/12/2017,12.64,12.99,12.51,12.94,66332200,3.2068
7/13/2017,12.96,13.04,12.8,12.87,32983300,3.21
7/14/2017,12.96,13.06,12.91,13.05,35977500,3.178
7/17/2017,13.03,13.05,12.87,12.89,28118700,3.1812
7/18/2017,13.0,13.02,12.83,12.94,19300700,3.1527
7/19/2017,13.0,13.27,12.97,13.23,36513700,3.1477
7/20/2017,13.29,13.35,13.03,13.1,30114300,3.1184
7/21/2017,13.0,13.04,12.67,12.69,38738300,3.136
7/24/2017,12.83,12.92,12.77,12.88,16250400,3.1444
7/25/2017,13.01,13.25,13.01,13.22,29930100,3.1712
7/26/2017,13.3,13.34,12.98,13.06,29333000,3.1375
7/27/2017,13.05,13.17,13.0,13.0,21825900,3.1526
7/28/2017,12.98,13.13,12.91,13.13,20980200,3.1269
7/31/2017,13.22,13.31,13.07,13.29,31397700,3.1258
8/1/2017,13.3,13.32,13.08,13.12,22999400,3.1228
8/2/2017,13.13,13.61,13.08,13.51,46342000,3.1122
8/3/2017,13.57,13.66,13.31,13.31,31300700,3.1115
8/4/2017,13.41,13.48,13.26,13.4,21560500,3.1175
8/7/2017,13.35,13.62,13.33,13.55,29832200,3.1242
8/8/2017,13.5,13.69,13.46,13.49,28907900,3.1259
8/9/2017,13.51,13.61,13.44,13.52,26980300,3.1523
8/10/2017,13.6,13.66,13.15,13.19,56194400,3.1736
8/11/2017,13.14,13.2,12.94,12.95,43025100,3.1888
8/14/2017,12.98,13.22,12.91,13.08,31607400,3.1872
8/15/2017,13.08,13.24,13.05,13.15,24737300,3.1676
8/16/2017,13.3,13.38,13.1,13.13,44946600,3.1514
8/17/2017,13.12,13.26,13.02,13.05,23503300,3.1733
8/18/2017,13.16,13.6,13.16,13.6,66263500,3.1414
8/21/2017,13.64,13.66,13.28,13.34,40485900,3.1630000000000003
8/22/2017,13.7,13.87,13.64,13.79,55240700,3.1605
8/23/2017,13.78,13.93,13.65,13.76,47679700,3.1393
8/24/2017,13.78,13.89,13.68,13.8,32300600,3.1465
8/25/2017,13.87,13.94,13.81,13.88,24185600,3.1561
8/28/2017,13.93,14.03,13.76,13.87,27208100,3.1658
8/29/2017,13.76,13.85,13.68,13.85,27306400,3.1642
8/30/2017,13.79,13.9,13.44,13.45,58871700,3.1588
8/31/2017,13.53,13.77,13.47,13.65,82909400,3.1460000000000004
9/1/2017,13.85,14.19,13.82,14.02,60260300,3.1358
9/4/2017,13.96,14.18,13.94,14.17,18139300,3.1394
9/5/2017,14.57,14.65,14.23,14.41,56476800,3.1158
9/6/2017,14.65,15.02,14.51,15.02,68418200,3.0979
9/8/2017,15.1,15.15,14.69,14.71,36337400,3.0829
9/11/2017,14.88,15.05,14.81,14.99,34915900,3.0997
9/12/2017,14.98,15.16,14.86,14.87,49702800,3.1219
9/13/2017,14.94,15.1,14.81,15.03,37010200,3.1316
9/14/2017,15.03,15.26,15.02,15.04,34413800,3.1181
9/15/2017,15.07,15.17,14.99,15.04,47784700,3.1062
9/18/2017,15.02,15.19,14.98,15.04,47601200,3.1349
9/19/2017,15.1,15.17,14.92,15.14,35822100,3.1328
9/20/2017,15.25,15.88,15.07,15.87,80267000,3.1306
9/21/2017,15.85,15.96,15.58,15.67,46258800,3.1345
9/22/2017,15.6,15.8,15.43,15.69,40928300,3.1172
9/25/2017,15.79,15.96,15.7,15.84,36733200,3.1573
9/26/2017,15.86,15.9,15.56,15.56,37874200,3.1639
9/27/2017,15.7,15.72,15.11,15.31,41819300,3.1919
9/28/2017,15.37,15.5,15.22,15.34,33829000,3.1809
9/29/2017,15.5,15.52,15.3,15.3,28638300,3.1587
10/2/2017,15.19,15.4,15.06,15.4,29826200,3.1529
10/3/2017,15.6,15.98,15.52,15.98,50636700,3.1408
10/4/2017,15.9,15.94,15.65,15.66,47798600,3.1332
10/5/2017,15.88,16.11,15.85,15.9,55361300,3.1524
10/6/2017,15.66,15.77,15.54,15.69,41741300,3.1516
10/9/2017,15.61,15.89,15.59,15.89,27904700,3.1868
10/10/2017,16.13,16.19,16.01,16.19,47066600,3.1778
10/11/2017,16.17,16.25,16.01,16.08,40422100,3.1697
10/13/2017,16.23,16.29,16.06,16.08,24210000,3.1408
10/16/2017,16.16,16.26,16.0,16.12,44699700,3.1703
10/17/2017,16.14,16.22,16.07,16.13,25524800,3.1561
10/18/2017,16.22,16.28,16.13,16.16,25706200,3.1701
10/19/2017,16.0,16.16,15.9,16.15,24672800,3.1649
10/20/2017,16.19,16.39,16.17,16.22,32417500,3.1876
10/24/2017,16.29,16.51,16.12,16.51,46249500,3.2426
10/25/2017,16.53,16.73,16.45,16.72,37608200,3.2312
10/26/2017,16.78,16.89,16.66,16.73,37848300,3.2865
10/27/2017,16.77,17.09,16.65,17.03,45640100,3.2313
10/30/2017,16.97,17.17,16.74,16.78,55355600,3.2873
10/31/2017,16.9,16.95,16.72,16.77,32249000,3.2696
11/1/2017,16.99,17.1,16.88,16.9,38876600,3.2662
11/3/2017,16.96,17.01,16.68,16.94,32605400,3.3094
11/6/2017,17.05,17.44,16.98,17.43,46056100,3.2479
11/7/2017,17.31,17.35,16.5,16.5,61098400,3.2701
11/8/2017,16.69,16.95,16.51,16.95,41179600,3.2513
11/9/2017,16.89,16.94,16.72,16.72,29399400,3.2487
11/10/2017,16.71,16.81,16.51,16.72,35959400,3.2729
11/13/2017,16.69,16.77,16.39,16.64,28697700,3.2759
11/14/2017,16.5,16.5,15.28,15.35,88765600,3.3119
11/16/2017,15.62,16.04,15.48,15.81,42703800,3.2706
11/17/2017,15.92,16.12,15.81,16.02,38376900,3.2524
11/21/2017,16.15,16.31,15.85,15.9,45817800,3.2573
11/22/2017,16.09,16.24,15.93,16.11,37444900,3.2229
11/23/2017,15.98,16.26,15.94,16.19,15403600,3.2203
11/24/2017,16.25,16.37,16.04,16.1,18790700,3.228
11/27/2017,16.01,16.02,15.78,15.87,28445800,3.2264
11/28/2017,15.93,16.04,15.81,15.84,30429600,3.2097
11/29/2017,15.87,15.92,15.32,15.33,45973000,3.2448
11/30/2017,15.3,15.47,14.99,15.38,52811400,3.2712
12/1/2017,15.34,15.77,15.26,15.61,42703800,3.2531
12/4/2017,15.65,15.8,15.46,15.48,43821500,3.2426
12/5/2017,15.5,15.83,15.21,15.31,30228000,3.2403
12/6/2017,15.22,15.7,15.14,15.52,39238500,3.2343
12/7/2017,15.3,15.49,15.07,15.26,37281400,3.2872
12/8/2017,15.51,15.68,15.35,15.35,39584500,3.2859
12/11/2017,15.48,15.57,15.37,15.38,21281600,3.3033
12/12/2017,15.36,15.49,15.18,15.49,36201200,3.3031
12/13/2017,15.65,15.68,15.11,15.18,46828900,3.3086
12/14/2017,15.1,15.31,15.0,15.01,37177300,3.3404
12/15/2017,15.05,15.24,14.95,14.95,55668300,3.2897
12/18/2017,15.16,15.33,15.13,15.22,42760400,3.2905
12/19/2017,15.18,15.25,15.06,15.14,22639700,3.2885
12/20/2017,15.21,15.3,15.17,15.24,20149700,3.2965
12/21/2017,15.31,15.87,15.3,15.86,47219400,3.3068
12/22/2017,15.75,15.89,15.69,15.75,18708500,3.332
12/26/2017,15.75,15.99,15.69,15.97,22173100,3.3097
12/27/2017,15.99,16.14,15.98,16.05,23552200,3.3133
12/28/2017,16.1,16.13,16.0,16.1,19011500,3.3111
1/2/2018,16.19,16.55,16.19,16.55,33461800,3.2578
1/3/2018,16.49,16.72,16.37,16.7,55940900,3.2355
1/4/2018,16.78,16.96,16.62,16.73,37064900,3.2331
1/5/2018,16.7,16.86,16.57,16.83,26958200,3.2259
1/8/2018,16.74,17.03,16.71,17.03,28400000,3.239
1/9/2018,17.03,17.16,16.96,17.03,35070900,3.2468
1/10/2018,16.92,17.05,16.77,16.8,28547700,3.2264
1/11/2018,16.88,17.3,16.84,17.25,37921500,3.2142
1/12/2018,17.04,17.41,17.02,17.3,45912100,3.1989
1/15/2018,17.32,17.44,17.15,17.35,28945400,3.2132
1/16/2018,17.35,17.84,17.3,17.65,58618300,3.2227
1/17/2018,17.92,18.36,17.81,18.36,58488900,3.2222
1/18/2018,18.35,18.53,17.93,18.22,48575800,3.2051
1/19/2018,18.31,18.42,18.03,18.26,33470200,3.1912
1/22/2018,18.26,18.47,18.09,18.47,33920000,3.2007
1/23/2018,18.4,18.46,18.0,18.24,35567700,3.2355
1/24/2018,18.42,19.63,18.42,19.34,89768200,3.1451
1/26/2018,19.62,19.98,19.1,19.93,81989500,3.1509
1/29/2018,19.67,20.05,19.57,19.85,55726200,3.1536
1/30/2018,19.77,19.77,19.36,19.49,46203000,3.1795
1/31/2018,19.74,19.93,19.68,19.7,41576600,3.1847
2/1/2018,19.76,20.62,19.76,20.52,51950200,3.1637
2/2/2018,20.3,20.42,19.85,19.97,50657800,3.2169
2/5/2018,19.65,19.97,19.04,19.04,62268600,3.2611
2/6/2018,18.66,19.99,18.62,19.99,74146500,3.2334
2/7/2018,19.97,20.22,19.36,19.44,61910300,3.2699
2/8/2018,19.55,19.74,18.8,19.05,51115100,3.2846
2/9/2018,19.03,19.39,18.51,18.77,68727600,3.2928
2/14/2018,19.01,19.36,18.96,19.25,43402800,3.2162
2/15/2018,19.5,19.54,19.17,19.4,31978000,3.2264
2/16/2018,19.46,19.58,19.31,19.42,34736300,3.2298
2/19/2018,19.55,20.1,19.55,20.05,40925500,3.2331
2/20/2018,19.88,20.82,19.82,20.44,67418700,3.2543
2/21/2018,20.59,20.88,20.25,20.25,55678400,3.2676
2/22/2018,20.59,20.82,20.54,20.74,38170900,3.2487
2/23/2018,20.95,21.14,20.62,21.12,55755600,3.2366
2/26/2018,21.4,21.69,21.38,21.52,48160500,3.2225
2/27/2018,21.47,21.85,21.34,21.5,42912500,3.2485
2/28/2018,21.63,21.77,21.18,21.46,66229400,3.2448
3/1/2018,21.4,21.46,20.76,21.03,66380900,3.25
3/2/2018,20.7,21.51,20.51,21.51,52682900,3.2505
3/5/2018,21.49,22.17,21.36,22.12,54242600,3.241
3/6/2018,22.5,22.63,21.86,21.9,57240800,3.208
3/7/2018,21.69,21.97,21.37,21.67,50956600,3.2429
3/8/2018,21.85,21.88,21.32,21.7,36156800,3.2661
3/9/2018,21.78,22.39,21.59,22.39,45560000,3.2573
3/12/2018,22.54,22.59,22.23,22.33,32363900,3.2603
3/13/2018,22.45,22.54,22.06,22.11,34732800,3.2587
3/14/2018,22.3,22.44,22.09,22.38,31947600,3.2585
3/15/2018,22.05,22.18,21.31,21.31,81097800,3.2821
3/16/2018,21.47,21.74,21.23,21.43,57891900,3.279
3/19/2018,21.27,21.36,20.86,20.93,42218400,3.2841
3/20/2018,21.18,21.41,21.11,21.16,30106800,3.3087
3/21/2018,21.25,22.09,21.2,22.05,53106300,3.2727
3/22/2018,21.86,22.04,21.58,21.72,50033300,3.3141
3/23/2018,21.61,22.11,21.53,21.75,52815800,3.3105
3/26/2018,22.07,22.2,21.84,22.03,30174900,3.3103
3/27/2018,22.14,22.18,21.37,21.44,43568100,3.3229
3/28/2018,21.26,21.41,20.99,21.2,38539300,3.3193
3/29/2018,21.26,21.56,21.23,21.41,34318800,3.3035
4/2/2018,21.36,21.46,20.77,20.9,37275000,3.3094
4/3/2018,21.11,21.19,20.66,20.71,39245800,3.3394
4/4/2018,20.31,20.6,20.11,20.38,58475700,3.3277
4/5/2018,21.15,21.33,21.03,21.15,88599000,3.3416
4/6/2018,20.98,21.28,20.83,21.28,47908900,3.3678
4/9/2018,21.43,21.44,20.53,20.53,44248900,3.4210000000000003
4/10/2018,20.91,21.51,20.76,21.4,58545100,3.4073
4/11/2018,21.35,21.9,21.33,21.8,62378300,3.3731
4/12/2018,21.79,21.94,21.68,21.68,36238700,3.411
4/13/2018,21.64,21.74,21.06,21.2,43347800,3.4212
4/16/2018,21.05,21.24,20.6,20.62,48474200,3.4161
4/17/2018,20.7,21.08,20.62,21.03,36570400,3.4058
4/18/2018,21.35,21.87,21.31,21.8,65237400,3.3771
4/19/2018,22.07,22.4,21.93,22.2,62475200,3.3827
4/20/2018,22.06,22.46,21.9,22.36,61494800,3.4114
4/23/2018,22.09,22.48,21.94,22.48,37023300,3.4489
4/24/2018,22.6,22.77,22.23,22.4,46710300,3.4715
4/25/2018,22.01,22.13,21.67,21.73,68160600,3.4809
4/26/2018,22.0,22.63,21.97,22.63,56674700,3.4742
4/27/2018,22.84,22.93,22.66,22.71,37858300,3.4559
4/30/2018,22.73,23.02,22.63,22.97,23681500,3.5058
5/2/2018,22.67,22.93,22.51,22.6,31778100,3.5496
5/3/2018,22.54,22.64,21.97,22.45,48855700,3.5266
5/4/2018,22.45,22.64,22.27,22.27,33599400,3.5284
5/7/2018,22.57,23.17,22.49,22.65,47815100,3.5492
5/8/2018,23.06,23.15,22.52,22.91,81198700,3.5619
5/9/2018,23.3,24.8,23.22,24.78,118032300,3.5903
5/10/2018,25.14,26.49,24.92,25.75,126907200,3.5495
5/11/2018,25.83,26.31,25.42,25.44,72996400,3.5977
5/14/2018,25.85,26.48,25.81,26.24,66938700,3.6216
5/15/2018,26.35,26.9,25.89,26.79,75230200,3.6487
5/16/2018,26.87,27.53,26.84,27.39,64486500,3.6744
5/17/2018,27.35,27.6,25.47,25.95,112487000,3.6951
5/18/2018,25.01,26.17,24.96,25.65,83206900,3.7365
5/21/2018,26.1,26.29,24.94,25.05,75971900,3.6757
5/22/2018,24.81,25.29,24.15,24.71,88109900,3.6460000000000004
5/23/2018,24.23,24.48,23.27,23.27,74622500,3.6256
5/24/2018,20.05,20.75,19.65,20.08,240343800,3.6481
5/25/2018,20.65,21.27,19.66,19.8,131188100,3.6524
5/28/2018,19.2,19.2,16.91,16.91,134504900,3.7342
5/29/2018,18.0,19.44,17.6,19.3,181509800,3.7241
5/30/2018,18.39,19.97,18.13,18.98,125430000,3.7221
6/1/2018,19.56,19.75,14.9,16.16,216954700,3.7643
6/4/2018,17.29,17.64,17.05,17.53,93547600,3.7445
6/5/2018,17.36,17.8,16.59,16.59,67006400,3.8043
6/6/2018,16.47,16.68,15.87,16.33,69496800,3.8434
6/7/2018,16.0,16.16,14.93,15.76,118752700,3.9007
6/8/2018,15.81,16.19,15.06,15.25,91461500,3.7074
6/11/2018,15.5,15.8,15.13,15.41,44872500,3.7088
6/12/2018,15.48,15.68,15.24,15.46,69592600,3.715
6/13/2018,15.42,15.5,14.74,15.17,72301200,3.7188
6/14/2018,15.33,15.55,15.05,15.1,57324600,3.804
6/15/2018,15.03,15.07,14.47,14.97,75239300,3.7284
6/18/2018,14.77,14.89,14.5,14.5,47363800,3.7462
6/19/2018,14.26,15.72,14.17,15.42,97301500,3.745
6/20/2018,15.84,16.48,15.8,16.21,88397300,3.7691
6/21/2018,16.09,16.32,15.1,15.1,67884300,3.7651
6/22/2018,15.41,15.68,15.01,15.11,52184500,3.7851
6/25/2018,15.2,15.79,15.06,15.7,60347200,3.7751
6/26/2018,15.9,16.12,15.53,16.04,59595900,3.7958
6/27/2018,16.1,16.98,16.06,16.55,78095000,3.8601
6/28/2018,16.72,17.07,16.33,16.6,94960700,3.8595
6/29/2018,16.85,17.19,16.73,17.19,75735100,3.8756
7/2/2018,16.99,17.48,16.9,17.47,54545600,3.9126
7/3/2018,17.74,17.89,17.46,17.5,57456700,3.8963
7/4/2018,17.38,18.45,17.24,17.61,54211000,3.911
7/5/2018,18.6,18.8,17.65,17.86,76084700,3.9313
7/6/2018,17.97,18.09,17.65,17.94,33878700,3.8618
7/10/2018,18.34,18.35,17.55,17.75,70886200,3.8151
7/11/2018,17.49,18.08,17.3,17.41,85806300,3.8761
7/12/2018,17.62,18.02,17.52,17.95,49397900,3.8807
7/13/2018,17.99,18.18,17.78,18.11,44951900,3.8497
7/16/2018,17.95,17.98,17.6,17.88,62798900,3.8560000000000003
7/17/2018,17.79,18.4,17.71,18.29,40884300,3.8359
7/18/2018,18.25,18.4,17.94,18.05,40643800,3.8492
7/19/2018,17.84,18.4,17.74,18.4,60404900,3.8285
7/20/2018,19.17,19.48,18.93,19.29,98035200,3.7655
7/23/2018,19.3,19.47,19.21,19.26,35231500,3.7804
7/24/2018,19.57,19.87,19.53,19.66,39934600,3.7461
7/25/2018,19.8,20.0,19.61,19.96,48759900,3.6864
7/26/2018,19.95,19.95,19.37,19.41,48144300,3.7443
7/27/2018,19.6,19.81,19.55,19.77,36509400,3.7118
7/30/2018,19.95,20.1,19.7,19.89,37053900,3.7281
7/31/2018,19.62,19.79,19.47,19.72,38641200,3.753
8/1/2018,19.59,20.01,19.54,20.01,39141700,3.747
8/2/2018,19.99,20.78,19.95,20.41,69008900,3.7484
8/3/2018,21.4,21.55,21.09,21.11,86908000,3.7055
8/6/2018,21.15,21.47,20.98,21.04,44528300,3.7345
8/7/2018,21.33,21.46,20.57,20.71,69136700,3.7505
8/8/2018,20.81,21.07,20.12,20.14,58211500,3.7701
8/9/2018,20.26,20.35,19.8,20.34,51253100,3.7996
8/10/2018,20.1,20.15,19.36,19.59,61789800,3.8596
8/13/2018,19.5,20.04,19.27,20.04,58306700,3.8819999999999997
8/14/2018,20.28,20.31,19.73,19.98,55180600,3.8644
8/15/2018,19.64,19.67,19.05,19.05,65651700,3.9006
8/16/2018,19.32,19.35,18.77,18.95,51201600,3.9039
8/17/2018,18.75,18.86,18.4,18.46,68328400,3.9091
8/20/2018,18.37,18.51,18.09,18.36,56315600,3.966
8/21/2018,18.27,18.53,17.65,17.72,68735300,4.0485
8/22/2018,17.7,18.38,17.65,18.35,56623700,4.0369
8/23/2018,18.35,18.52,17.88,17.95,56284100,4.1123
8/24/2018,18.35,18.44,18.05,18.3,37893000,4.1039
8/27/2018,18.41,18.76,18.3,18.71,35428000,4.0775
8/28/2018,18.76,18.85,18.34,18.35,38079200,4.1339
8/29/2018,18.5,19.31,18.45,19.3,71434300,4.1055
8/30/2018,19.15,19.54,18.68,18.8,63981900,4.1486
8/31/2018,18.95,19.43,18.91,19.26,75767400,4.053999999999999
9/3/2018,18.99,19.13,18.76,19.0,25401600,4.1548
9/4/2018,19.13,19.19,18.62,18.65,39759800,4.1537
9/5/2018,18.56,18.8,18.23,18.75,53967300,4.1431
9/6/2018,18.99,19.02,18.48,18.99,54304300,4.0573
9/10/2018,19.36,19.6,19.05,19.26,58578100,4.0846
9/11/2018,18.87,18.89,18.43,18.5,56495200,4.1516
9/12/2018,18.81,19.22,18.64,18.95,59695700,4.1598
9/13/2018,19.03,19.13,18.62,18.71,36808700,4.205
9/14/2018,18.8,18.96,18.48,18.79,55756300,4.1721
9/17/2018,18.63,19.49,18.63,19.4,71289500,4.1321
9/18/2018,19.5,20.25,19.47,20.25,72959100,4.1584
9/19/2018,19.93,20.46,19.83,19.98,60563700,4.1303
9/20/2018,20.26,20.35,19.75,19.87,56206900,4.0760000000000005
9/21/2018,20.15,20.3,19.95,20.14,58517300,4.0493
9/24/2018,20.2,20.41,19.92,20.0,54332900,4.0913
9/25/2018,19.7,20.15,19.53,20.08,54462300,4.0736
9/26/2018,20.24,20.3,19.97,20.19,60060800,4.0308
9/27/2018,20.5,21.46,20.47,21.46,104177300,4.012
9/28/2018,21.13,21.94,21.02,21.09,91254600,4.048
10/1/2018,21.25,21.36,20.8,21.0,56540400,4.0164
10/2/2018,22.0,22.82,21.9,22.82,127231800,3.9395
10/3/2018,25.25,25.42,23.46,23.79,152189200,3.9004
10/4/2018,23.45,24.52,23.21,24.02,99743300,3.8739
10/5/2018,24.49,24.59,23.66,23.96,104693400,3.8358
10/8/2018,26.94,26.97,25.75,26.6,188109000,3.7772
10/9/2018,26.48,27.0,26.28,26.82,90128800,3.7148
10/10/2018,26.31,26.39,25.65,26.05,82688000,3.7548
10/11/2018,26.55,26.75,25.06,25.29,119307500,3.7815
10/15/2018,25.9,26.12,25.55,25.77,92331900,3.7339
10/16/2018,26.2,26.73,26.09,26.73,74144800,3.7236
10/17/2018,26.44,26.63,26.26,26.45,80990300,3.6862
10/18/2018,26.29,26.34,25.7,25.7,56268900,3.7203
10/19/2018,26.29,26.34,25.7,25.92,61858300,3.7114
10/22/2018,26.27,26.6,26.27,26.53,63678000,3.6823
10/23/2018,26.15,26.48,25.81,26.2,77457300,3.6924
10/24/2018,26.41,26.99,25.68,25.68,93377100,3.7311
10/25/2018,26.18,26.64,25.69,26.32,79732200,3.7049
10/26/2018,26.65,27.6,26.12,27.6,110184900,3.6413
10/29/2018,26.75,27.27,25.97,26.42,160890100,3.7158
10/30/2018,26.7,28.0,26.42,28.0,107525500,3.6946
10/31/2018,28.26,28.33,27.3,27.62,84131500,3.7207
11/1/2018,27.76,28.02,27.11,27.32,98037100,3.6949
11/5/2018,27.5,28.16,27.41,28.16,60389900,3.7246
11/6/2018,27.3,28.3,26.99,27.19,95344400,3.7599
11/7/2018,27.61,27.65,26.26,26.3,95817100,3.7304
11/8/2018,26.8,27.03,25.35,25.35,119096300,3.7592
11/9/2018,25.2,25.72,24.68,25.46,94206400,3.7323
11/12/2018,25.54,25.92,25.29,25.33,63162600,3.7664
11/13/2018,25.32,25.32,23.95,24.24,112776300,3.8014
11/14/2018,24.24,25.19,23.91,25.1,104423900,3.7824
11/16/2018,25.39,26.04,25.17,25.8,100628900,3.7441
11/19/2018,25.56,26.29,25.43,26.0,79946400,3.7544
11/21/2018,25.1,25.48,25.01,25.17,77228100,3.7961
11/22/2018,25.28,25.36,25.07,25.15,31253600,3.8031
11/23/2018,24.65,24.8,24.01,24.37,77961200,3.8298
11/26/2018,24.8,24.99,24.05,24.25,62111600,3.9397
11/27/2018,24.37,25.7,24.27,25.53,90759000,3.8735
11/28/2018,25.5,25.87,25.05,25.38,92811300,3.8492
11/29/2018,24.96,25.5,24.88,25.17,65584300,3.8510000000000004
11/30/2018,25.11,25.56,25.07,25.46,90874500,3.8652
12/3/2018,26.3,26.53,25.8,25.94,90530000,3.8408
12/4/2018,26.25,26.33,25.34,25.34,66867500,3.8511
12/5/2018,25.47,25.72,24.95,25.56,54183300,3.8674
12/6/2018,24.99,25.12,24.31,24.59,99037200,3.8778
12/7/2018,24.52,25.47,24.45,24.77,87994700,3.9058
12/10/2018,24.77,24.9,23.44,23.44,73871100,3.9167
12/11/2018,23.92,24.07,23.07,23.29,64017600,3.9026
12/12/2018,23.74,23.9,23.2,23.3,63296400,3.8541
12/13/2018,23.29,23.45,22.96,23.36,61946100,3.8907
12/14/2018,23.08,23.33,22.96,23.05,45231700,3.9165
12/17/2018,23.22,23.27,22.8,22.87,53832000,3.8976
12/18/2018,22.78,22.8,22.0,22.0,74740000,3.9109
12/19/2018,22.5,23.05,22.06,22.25,171157500,3.8962
12/20/2018,22.31,22.32,21.35,21.49,141767000,3.8389
12/21/2018,21.4,21.98,21.25,21.55,90384300,3.9027
12/26/2018,20.59,21.68,20.42,21.68,77104200,3.9206
12/27/2018,21.52,21.98,21.28,21.67,74083700,3.8715
12/28/2018,22.11,22.83,22.08,22.68,61634700,3.8799
1/2/2019,22.55,24.2,22.28,24.06,104534800,3.7863
1/3/2019,23.96,24.82,23.8,24.65,95206400,3.7551
1/4/2019,24.85,24.94,24.47,24.72,72119800,3.7117
1/7/2019,24.85,25.92,24.7,25.11,121711900,3.7341
1/8/2019,25.4,25.42,24.77,24.96,68761800,3.7124
1/9/2019,25.3,25.5,25.15,25.48,70177600,3.68
1/10/2019,25.26,25.41,25.07,25.26,54763700,3.7079
1/11/2019,25.15,25.19,24.84,24.99,53980700,3.7099
1/14/2019,24.82,25.09,24.66,24.85,46577300,3.6975
1/15/2019,24.83,25.12,24.7,24.83,53731500,3.7164
1/16/2019,24.8,24.9,24.66,24.82,40425000,3.7343
1/17/2019,24.75,25.3,24.68,25.16,50359400,3.7489
1/18/2019,25.44,25.56,25.28,25.4,67021300,3.7495
1/21/2019,25.31,25.53,25.1,25.53,45336500,3.7514
1/22/2019,25.26,25.5,25.02,25.13,61307000,3.812
1/23/2019,25.33,25.54,25.16,25.43,52931600,3.7623
1/24/2019,25.4,25.54,25.32,25.54,40109000,3.7698
1/28/2019,25.29,25.53,24.74,24.77,65079900,3.7596
1/29/2019,25.25,25.56,25.11,25.37,59419200,3.7185
1/30/2019,25.81,25.93,25.47,25.62,62607500,3.6814
1/31/2019,25.87,25.96,25.56,25.58,63253600,3.6428
2/1/2019,25.5,25.85,25.37,25.8,47957400,3.6583
2/4/2019,25.84,26.12,25.6,26.03,53874900,3.667
2/5/2019,25.91,26.1,25.81,26.08,40989100,3.6683
2/6/2019,25.8,25.84,25.32,25.49,64527000,3.6947
2/7/2019,25.6,25.85,24.66,25.09,55614100,3.7149
2/8/2019,24.8,25.28,24.73,25.13,40153900,3.7286
2/11/2019,25.17,25.17,24.54,24.84,39617300,3.7552
2/12/2019,25.32,25.85,25.23,25.72,72467200,3.708
2/13/2019,26.02,26.21,25.85,26.05,69042200,3.7532
2/14/2019,26.17,26.95,26.0,26.95,81125500,3.722
2/15/2019,26.86,27.02,26.71,26.84,63841800,3.699
2/18/2019,26.59,26.79,26.41,26.76,43379000,3.7317
2/19/2019,26.86,27.4,26.84,27.38,58041900,3.722
2/20/2019,27.5,27.66,26.87,27.04,55114500,3.7239999999999998
2/21/2019,27.18,27.49,26.82,27.4,46559400,3.7665
2/22/2019,27.55,27.7,27.13,27.13,36602000,3.7467
2/25/2019,27.0,27.03,26.63,26.7,54190800,3.7504
2/26/2019,26.76,27.14,26.57,26.58,46504200,3.7471
2/27/2019,26.84,27.25,26.63,27.08,49131400,3.7273
2/28/2019,27.72,27.75,26.6,27.06,93065100,3.7475
3/1/2019,27.14,27.25,26.63,26.7,41978700,3.7749
3/6/2019,26.55,26.76,26.47,26.76,18423400,3.84035
3/7/2019,26.8,26.91,26.49,26.77,32835300,3.8708
3/8/2019,26.49,26.75,26.22,26.67,49564400,3.8696
3/11/2019,27.02,27.78,27.01,27.75,66742800,3.8388
3/12/2019,27.79,27.96,27.25,27.5,64287300,3.8131
3/13/2019,27.59,28.13,27.52,28.1,61057200,3.8148
3/14/2019,28.15,28.2,27.91,28.19,42777800,3.842
3/15/2019,28.16,28.39,28.11,28.25,61041100,3.8145
3/18/2019,28.35,28.79,28.26,28.74,91920600,3.7915
3/19/2019,28.85,29.5,28.6,29.2,69423600,3.7892
3/20/2019,29.2,29.6,28.9,28.97,68878000,3.7757
3/21/2019,28.84,28.97,27.92,28.56,80121300,3.7926
3/22/2019,27.94,28.14,27.0,27.0,104731100,3.9075
3/25/2019,26.83,27.59,26.82,27.34,104772900,3.8551
3/26/2019,27.74,28.68,27.72,28.63,91549100,3.8764
3/27/2019,28.21,28.21,27.34,27.34,66415400,3.99245
3/28/2019,27.25,28.06,26.95,28.06,69412700,3.9013
3/29/2019,28.45,28.53,27.74,28.06,51587400,3.9231
4/1/2019,28.4,28.42,27.87,28.0,42289800,3.85205
4/2/2019,28.14,28.3,27.86,28.29,38460600,3.8538
4/3/2019,28.53,28.56,27.54,27.54,55120900,3.8698
4/4/2019,27.77,28.47,27.37,28.47,52248100,3.8574
4/5/2019,28.54,28.89,28.21,28.78,54708900,3.8753
4/8/2019,29.06,29.39,28.98,29.25,55270000,3.8497
4/9/2019,29.03,29.24,28.67,29.16,43863700,3.8497
4/10/2019,29.55,29.57,28.78,28.78,62005200,3.8255
4/11/2019,28.7,28.7,27.87,28.0,56126400,3.8573
4/12/2019,26.47,26.97,25.57,25.83,227307600,3.8818
4/15/2019,26.35,26.58,25.55,25.93,117567200,3.8719
4/16/2019,25.95,27.06,25.63,26.72,95149300,3.9053
4/17/2019,27.12,27.34,26.22,26.75,103988400,3.9382
4/18/2019,27.36,27.89,27.25,27.6,100942100,3.9282
4/22/2019,27.69,27.89,27.32,27.44,45321900,3.9356
4/23/2019,27.72,28.0,27.68,27.68,52199500,3.9198
4/24/2019,27.72,27.89,27.21,27.6,57704700,3.9911
4/25/2019,27.45,28.07,27.43,27.8,55201700,3.9542
4/26/2019,27.68,27.77,27.06,27.25,52616600,3.9299
4/29/2019,27.55,27.62,27.34,27.37,27689800,3.9458
4/30/2019,27.52,27.66,26.98,27.11,39570700,3.9184
5/2/2019,26.8,26.82,26.52,26.73,37820300,3.9677
5/3/2019,26.9,27.07,26.85,26.85,33334800,3.9396
5/6/2019,26.39,26.77,26.36,26.77,31715900,3.9697
5/7/2019,26.65,26.66,26.12,26.35,52454400,3.9702
5/8/2019,26.31,27.47,26.29,27.37,71780300,3.9278
5/9/2019,27.1,27.12,26.64,26.83,46663300,3.9469
5/10/2019,26.87,26.92,26.42,26.68,33336000,3.9572
5/13/2019,26.21,26.47,25.82,25.9,43146100,3.99405
5/14/2019,26.17,26.23,25.85,26.0,34968600,3.9766
5/15/2019,25.74,25.89,25.66,25.88,37053900,4.0014
5/16/2019,25.77,26.04,25.24,25.27,46502200,4.0477
5/17/2019,25.05,25.42,24.47,24.68,67291200,4.0992
5/20/2019,24.68,25.52,24.64,25.52,54472000,4.0964
5/21/2019,25.7,26.49,25.42,26.49,57846700,4.0395
5/22/2019,26.34,26.47,25.96,26.29,48439300,4.0404
5/23/2019,25.9,25.92,25.52,25.84,49527400,4.0423
5/24/2019,26.15,26.36,25.93,26.09,35915100,4.0225
5/27/2019,26.3,26.54,26.17,26.24,33892000,4.0436
5/28/2019,26.13,26.8,26.13,26.8,60774600,4.0249
5/29/2019,26.49,26.71,26.26,26.5,43124400,3.9749
5/30/2019,26.51,26.86,25.99,26.15,71847200,3.9815
5/31/2019,25.79,26.27,25.42,25.55,63137200,3.925
6/3/2019,25.88,26.32,25.85,25.99,53470600,3.8856
6/4/2019,26.29,26.37,26.03,26.2,37331100,3.8551
6/5/2019,26.18,26.29,25.56,25.86,65282100,3.8809
6/6/2019,26.17,26.63,25.72,26.28,87836900,3.8799
6/7/2019,26.69,26.83,26.37,26.76,52235500,3.8775
6/10/2019,26.6,26.89,26.52,26.65,39666800,3.886
6/11/2019,26.89,27.29,26.71,27.16,52437000,3.8566
6/12/2019,27.02,27.12,26.64,26.85,43392200,3.8674
6/13/2019,27.15,27.39,27.08,27.18,48981600,3.8497
6/14/2019,27.2,27.25,26.9,27.06,42802400,3.8965
6/17/2019,27.08,27.43,26.96,27.11,49290000,3.8885
6/18/2019,27.3,27.52,27.25,27.45,31332800,3.861
6/19/2019,27.35,27.59,27.22,27.52,33286300,3.83895
6/21/2019,27.95,28.39,27.95,28.28,58424700,3.8222
6/24/2019,28.32,28.38,28.12,28.25,27365000,3.8271
6/25/2019,28.14,28.16,27.38,27.51,56472100,3.847
6/26/2019,27.55,27.93,27.52,27.67,48901500,3.8444
6/27/2019,27.44,27.55,27.01,27.23,55219200,3.8195
6/28/2019,27.45,27.61,27.11,27.41,40262000,3.8498
7/1/2019,27.84,28.03,27.21,27.26,46759100,3.8411
7/2/2019,27.26,27.26,26.65,26.82,57954200,3.8454
7/3/2019,27.04,27.2,26.89,27.13,33975800,3.8265
7/4/2019,27.38,27.58,27.32,27.39,28577400,3.8023
7/5/2019,27.27,27.59,27.13,27.4,27414700,3.822
7/8/2019,27.5,27.72,27.44,27.65,25318200,3.8027
7/10/2019,28.0,28.27,27.97,28.07,50715800,3.75385
7/11/2019,28.2,28.51,28.16,28.4,48206900,3.7563
7/12/2019,28.54,28.74,28.41,28.53,40908900,3.7386
7/15/2019,28.59,28.65,28.18,28.18,36592400,3.7552
7/16/2019,28.28,28.33,27.6,27.83,54789300,3.7687
7/17/2019,27.99,28.0,27.64,27.68,28923500,3.7633
7/18/2019,27.76,27.81,27.43,27.51,35830700,3.7189
7/19/2019,27.5,27.6,27.37,27.44,28418900,3.7482
7/22/2019,27.62,27.75,27.36,27.49,22304400,3.7413
7/23/2019,27.51,27.63,27.4,27.52,21124400,3.7739
7/24/2019,27.59,27.64,27.3,27.35,27939600,3.7728
7/25/2019,27.47,27.5,26.81,26.89,26892300,3.7788
7/26/2019,26.8,26.8,26.1,26.14,75644000,3.7774
7/29/2019,26.22,26.44,25.96,26.38,26493300,3.7816
7/30/2019,26.35,26.49,26.18,26.24,38201600,3.7908
7/31/2019,26.39,26.5,26.02,26.08,39890200,3.8132
8/1/2019,26.3,26.56,25.16,26.25,91345800,3.8388
8/2/2019,26.37,26.89,26.28,26.52,64112900,3.8873
8/5/2019,25.8,26.13,25.52,25.55,48277000,3.9746
8/6/2019,25.9,26.22,25.68,25.88,44208100,3.9602
8/7/2019,25.44,25.73,25.0,25.6,67698500,3.9689
8/8/2019,26.1,26.35,25.86,26.35,50256700,3.9191
8/9/2019,26.3,26.69,26.1,26.28,36641500,3.9417
8/12/2019,25.92,25.92,25.54,25.65,36122000,3.9854
8/13/2019,25.36,26.13,25.23,25.79,45330500,3.9639
8/14/2019,25.26,25.38,24.78,24.92,54401100,4.0518
8/15/2019,24.99,25.0,24.14,24.23,53894500,3.9916
8/16/2019,24.72,24.77,23.89,23.91,56782000,4.0059
8/19/2019,24.3,24.5,23.85,24.03,50699300,4.0453
8/20/2019,23.91,24.19,23.68,24.02,37141700,4.0532
8/21/2019,24.35,25.99,24.18,25.45,87840800,4.0255
8/22/2019,25.5,25.72,25.16,25.22,40808800,4.0695
8/23/2019,24.78,25.37,24.23,24.28,58032300,4.1202
8/26/2019,24.58,24.68,23.77,23.96,39688800,4.1551
8/27/2019,24.17,24.82,23.81,24.34,70475200,4.12645
8/28/2019,24.2,24.7,24.12,24.59,41981500,4.1692
8/29/2019,24.9,25.5,24.68,25.5,61008800,4.1696
8/30/2019,25.53,25.69,25.17,25.5,54958200,4.1454
9/2/2019,25.39,25.58,25.25,25.3,19049900,4.1859
9/3/2019,25.11,25.66,25.03,25.6,47829600,4.1666
9/4/2019,26.16,26.37,26.0,26.26,56179000,4.0947
9/5/2019,26.6,26.79,26.34,26.39,48586800,4.1075
9/6/2019,26.4,26.86,26.2,26.52,48502200,4.0619
9/9/2019,26.75,27.02,26.7,26.93,37303000,4.0949
9/10/2019,27.05,27.35,26.78,27.1,44109400,4.0811
9/11/2019,27.35,27.35,26.83,26.87,51540400,4.06785
9/12/2019,26.86,27.14,26.64,27.06,41028300,4.0604
9/13/2019,27.12,27.2,26.82,26.88,24709400,4.0851
9/16/2019,28.12,28.24,27.69,28.06,167634600,4.0808
9/17/2019,27.66,27.75,27.16,27.69,67414800,4.0775
9/18/2019,27.37,27.49,27.22,27.22,40567100,4.1109
9/19/2019,27.83,27.85,27.22,27.29,42155100,4.1681
9/20/2019,27.35,27.43,27.0,27.0,51946900,4.1472
9/23/2019,27.0,27.49,26.92,27.48,32643100,4.163
9/24/2019,27.42,27.54,27.15,27.27,36643400,4.1632
9/25/2019,27.03,27.35,26.78,27.34,29038400,4.1486
9/26/2019,27.4,27.7,27.23,27.7,33705900,4.1703
9/27/2019,27.55,27.95,27.52,27.66,31886800,4.1587
9/30/2019,27.56,27.64,27.4,27.55,23143400,4.1563
10/1/2019,27.6,27.73,27.36,27.51,32423200,4.1561
10/2/2019,27.22,27.26,26.61,26.72,51261200,4.12805
10/3/2019,26.75,26.81,26.28,26.74,46076300,4.0844
10/4/2019,26.85,26.92,26.27,26.51,47951600,4.0571
10/7/2019,26.37,26.6,26.1,26.17,26252500,4.1066
10/8/2019,26.17,26.44,25.95,26.02,30418900,4.09455
10/9/2019,26.35,26.71,26.15,26.52,35141400,4.1098
10/10/2019,26.59,26.88,26.54,26.74,31056500,4.1099
10/11/2019,26.93,27.36,26.93,27.26,37055300,4.1096
10/14/2019,27.04,27.33,26.94,27.31,20809900,4.1252
10/15/2019,27.31,27.88,27.31,27.6,30455300,4.1801
10/16/2019,27.55,27.97,27.36,27.93,31381300,4.1501
10/17/2019,27.93,28.0,27.59,27.66,31405400,4.1626
10/18/2019,27.89,27.99,27.6,27.6,36070900,4.1127
10/21/2019,27.75,27.81,27.6,27.77,43337700,4.128351
10/22/2019,27.8,28.68,27.77,28.57,64228700,4.0799
10/23/2019,28.53,29.08,28.45,28.95,45930600,4.0346
10/24/2019,29.15,29.25,28.23,28.32,60529900,4.0408
10/25/2019,29.2,29.55,29.01,29.25,74476900,4.0046
10/28/2019,29.22,29.66,29.12,29.6,37461800,3.9903
10/29/2019,29.4,29.94,29.26,29.82,49994200,3.9982
10/30/2019,29.77,30.09,29.47,30.08,63001200,3.9877
10/31/2019,29.86,30.46,29.64,30.39,67070400,4.01748
11/1/2019,30.59,31.23,29.84,30.43,101210200,3.9903
11/4/2019,30.89,31.22,29.96,30.36,81023400,4.012384
11/5/2019,30.41,30.6,29.58,29.65,92980900,3.9937
11/6/2019,30.05,30.7,28.1,29.71,154003100,4.083779
11/7/2019,30.0,31.07,29.54,30.9,96329000,4.101
11/8/2019,30.45,30.79,29.93,30.02,61567700,4.1635
11/11/2019,29.85,30.45,29.79,30.45,30570500,4.1528
11/12/2019,30.04,30.61,30.01,30.02,41655600,4.1694
11/13/2019,29.95,30.13,29.61,29.9,41827700,4.1701
11/14/2019,29.88,30.1,29.27,29.3,44595200,4.1958
11/18/2019,29.7,29.85,29.07,29.08,54468100,4.2179
11/19/2019,29.25,29.49,28.73,28.78,33740200,4.1932
11/21/2019,28.93,29.85,28.88,29.85,53033100,4.1932
11/22/2019,29.76,30.34,29.56,29.98,34786000,4.1965
11/25/2019,29.92,30.1,29.63,29.73,29868400,4.2269
11/26/2019,29.62,29.73,29.1,29.19,54147800,4.2333
11/27/2019,29.35,29.65,29.14,29.33,33072500,4.2642
11/28/2019,29.32,29.54,28.81,29.53,46602800,4.1895
11/29/2019,29.49,29.56,29.01,29.15,37699000,4.24025
12/2/2019,29.4,29.5,29.07,29.07,31353600,4.2238
12/3/2019,29.17,29.19,28.73,28.98,29194000,4.2058
12/4/2019,29.26,29.66,29.11,29.66,44960000,4.2077
12/5/2019,29.64,30.39,29.52,30.05,50447000,4.1861
12/6/2019,30.15,30.59,30.13,30.35,44348600,4.1414
12/9/2019,30.3,30.48,30.12,30.21,34694100,4.1427
12/10/2019,30.1,30.44,29.9,30.44,27532700,4.1461
12/11/2019,30.51,30.71,30.26,30.4,38458300,4.1252
12/12/2019,30.64,31.05,30.48,30.97,47797800,4.0908
12/13/2019,30.89,30.97,29.87,29.98,105004400,4.1084
12/16/2019,30.05,30.17,29.41,29.41,68871000,4.0634
12/17/2019,29.64,29.9,29.43,29.85,40679900,4.0722
12/18/2019,29.75,30.57,29.7,30.54,64201600,4.063262
12/19/2019,30.45,30.75,30.42,30.61,39696000,4.0704
12/20/2019,30.6,30.6,30.02,30.26,93064900,4.100474
12/23/2019,30.19,30.5,30.03,30.5,21970200,4.0835
12/26/2019,30.59,30.93,30.5,30.91,24810500,4.0549
12/27/2019,30.69,30.92,30.29,30.52,24995100,4.046632
12/30/2019,30.55,30.71,30.15,30.18,22111600,4.019168
1/2/2020,30.51,30.7,30.31,30.7,37774500,4.0249
1/3/2020,30.88,31.24,30.45,30.45,71595600,4.0668
1/6/2020,30.43,30.94,29.95,30.81,81844000,4.0619
1/7/2020,30.6,30.6,30.6,30.69,32822000,4.0677
1/8/2020,30.69,30.77,30.24,30.5,48215600,4.0644
1/9/2020,30.47,30.62,30.25,30.4,36102700,4.0936
1/10/2020,30.39,30.44,30.13,30.27,25397500,4.0958
1/13/2020,30.35,30.43,30.21,30.33,30676800,4.1473
1/14/2020,30.23,30.27,29.77,30.0,39796500,4.1329
1/15/2020,29.9,29.93,29.54,29.55,34405700,4.1757
1/16/2020,29.6,29.7,29.33,29.52,28997400,4.1848
1/17/2020,29.72,29.85,29.54,29.85,34908000,4.1619
1/20/2020,29.7,30.1,29.65,30.0,31241400,4.19
1/21/2020,29.8,29.94,29.55,29.62,28577400,4.2124
1/22/2020,29.73,29.81,29.27,29.29,32491500,4.1828
1/23/2020,29.09,29.76,28.82,29.65,53752100,4.1706
1/24/2020,29.56,29.78,29.14,29.3,36898700,4.1814
1/27/2020,28.63,28.64,27.67,28.03,66105300,4.2077
1/28/2020,28.43,29.14,28.42,28.8,47259100,4.1949
1/29/2020,29.0,29.08,28.67,28.85,42297500,4.2304
1/30/2020,28.28,29.04,28.18,28.94,44266800,4.2437
1/31/2020,28.63,28.84,28.31,28.45,55446700,4.2825
2/3/2020,28.52,28.73,28.16,28.18,39452800,4.2483
2/4/2020,28.65,29.04,28.56,28.63,57658400,4.2552
2/5/2020,29.05,29.22,28.39,28.39,67994500,4.2352
2/6/2020,28.7,29.51,28.12,29.18,126114000,4.2823
2/7/2020,29.0,29.35,28.73,28.93,54514600,4.3206
2/10/2020,28.89,29.13,28.64,29.13,45328100,4.3245
2/11/2020,29.4,29.63,29.26,29.48,37518200,4.331442
2/12/2020,29.64,30.28,29.63,30.13,64851000,4.356
2/13/2020,29.77,30.21,29.64,29.72,55277100,4.350457
2/14/2020,29.86,29.96,29.34,29.42,30399900,4.2976
2/17/2020,29.63,29.77,29.31,29.36,38684900,4.328
2/18/2020,29.06,29.77,28.95,29.75,33890900,4.3563
2/19/2020,29.87,30.55,29.76,30.55,44181800,4.3655
2/20/2020,30.8,30.89,29.75,29.92,73522900,4.3938
2/21/2020,29.51,29.68,29.03,29.14,47805100,4.3896
2/26/2020,27.04,27.39,26.03,26.21,89207100,4.4508
2/27/2020,25.72,26.53,24.89,25.3,100112100,4.4863
2/28/2020,25.16,25.56,24.62,25.34,89095300,4.473054
3/2/2020,25.5,26.75,25.48,26.53,71596400,4.4739
3/3/2020,26.57,27.48,25.76,26.05,86855700,4.5147
3/4/2020,26.91,26.94,26.24,26.89,42320500,4.5849
3/5/2020,26.33,26.67,24.71,25.29,69722300,4.6077
3/6/2020,24.1,24.13,22.55,22.83,138597600,4.62665
3/9/2020,17.81,18.23,15.41,16.05,254813800,4.724288
3/10/2020,18.65,18.65,16.37,17.56,170478000,4.6441
3/11/2020,16.7,17.13,15.0,15.85,132482400,4.8153
3/12/2020,13.66,13.86,11.08,12.6,151535900,4.7919
3/13/2020,15.1,15.4,12.7,15.4,174972600,4.8596
3/16/2020,12.91,14.1,12.55,13.09,126432800,5.0006
3/17/2020,13.6,13.84,13.0,13.0,149228500,5.0112
3/18/2020,11.79,12.27,10.87,11.29,162515200,5.1076120000000005
3/19/2020,11.07,13.07,10.85,12.21,157065200,5.0957
3/20/2020,13.11,13.5,11.83,12.0,149029900,5.0639
3/23/2020,12.11,12.18,11.28,11.5,107092400,5.1432
3/24/2020,12.57,13.54,12.28,13.25,114259200,5.0996
3/25/2020,13.24,14.79,12.83,14.32,158286200,5.0352
3/26/2020,14.4,15.19,13.81,14.39,130618400,5.0241
3/27/2020,13.3,13.69,13.25,13.3,101405900,5.1005
3/30/2020,13.15,13.74,12.83,13.38,110947200,5.1942
3/31/2020,13.6,14.54,13.6,13.99,156116500,5.2051
4/1/2020,13.45,14.55,13.32,14.3,114455000,5.2496
4/2/2020,15.4,16.55,15.01,15.51,234951200,5.2568
4/3/2020,16.3,16.36,14.93,15.34,142898700,5.346768
4/6/2020,16.05,16.1,15.18,15.77,123934200,5.2869
4/7/2020,16.61,17.07,16.34,16.4,140498900,5.2232
4/8/2020,16.5,17.53,16.4,17.32,116151600,5.125
4/9/2020,17.94,18.69,16.5,16.82,185771300,5.1073
4/13/2020,16.82,17.09,16.33,16.93,93724000,5.2
4/14/2020,17.02,17.3,16.61,16.73,91017200,5.1635
4/15/2020,16.04,16.47,15.86,16.38,86749600,5.2385
4/16/2020,16.67,16.76,15.53,15.72,115633300,5.2324
4/17/2020,15.75,16.13,15.56,16.13,116733000,5.2342
4/20/2020,15.48,16.33,15.34,15.95,133739400,5.3169
4/22/2020,15.85,16.75,15.78,16.75,114967100,5.4584
4/23/2020,17.2,17.43,16.62,16.95,94759000,5.5346
4/24/2020,16.69,16.79,15.28,15.95,161188800,5.59345
4/27/2020,16.14,16.53,15.78,16.45,85944900,5.6534
4/28/2020,17.04,17.25,16.63,17.25,91613600,5.4989
4/29/2020,17.8,18.48,17.53,18.2,94528400,5.3363
4/30/2020,17.98,18.42,17.7,18.05,80263900,5.4875
5/4/2020,17.43,17.62,17.18,17.38,60268400,5.5421
5/5/2020,17.9,18.48,17.87,17.94,75043400,5.5796
