Date,Open,High,Low,Close,Volume
1/2/2014 16:56:00,17.15,17.2,16.65,16.75,17284800
1/3/2014 16:56:00,16.74,16.78,16.41,16.5,17837600
1/6/2014 16:56:00,16.45,16.64,16.16,16.62,20526500
1/7/2014 16:56:00,16.65,16.83,16.12,16.16,19052500
1/8/2014 16:56:00,16.27,16.39,16.14,16.19,15874600
1/9/2014 16:56:00,16.19,16.29,15.65,15.7,25871700
1/10/2014 16:56:00,15.76,16.3,15.66,15.97,30221300
1/13/2014 16:56:00,16.01,16.11,15.64,15.77,21660900
1/14/2014 16:56:00,15.71,15.87,15.62,15.7,16339200
1/15/2014 16:56:00,15.79,16.15,15.69,16.04,25748600
1/16/2014 16:56:00,16.04,16.19,15.57,15.59,32946000
1/17/2014 16:56:00,15.72,15.77,15.45,15.51,22865900
1/20/2014 16:56:00,15.45,15.61,15.14,15.18,17725000
1/21/2014 16:56:00,15.34,15.34,15.31,15.34,19893400
1/22/2014 16:56:00,15.42,15.9,15.27,15.84,44870600
1/23/2014 16:56:00,15.67,15.91,15.46,15.47,24150400
1/24/2014 16:56:00,15.38,15.44,14.98,15.1,27964100
1/27/2014 16:56:00,15.21,15.29,15.04,15.11,20818700
1/28/2014 16:56:00,15.36,15.44,15.02,15.05,22373700
1/29/2014 16:56:00,15.06,15.14,14.7,14.8,25561100
1/30/2014 16:56:00,14.88,15.1,14.63,14.7,25607800
1/31/2014 16:56:00,14.64,15.07,14.55,14.7,49314200
2/3/2014 16:56:00,14.59,14.63,13.8,13.85,51667600
2/4/2014 16:56:00,14.04,14.22,13.77,14.09,36400300
2/5/2014 16:56:00,14.15,14.28,13.56,13.83,39232600
2/6/2014 16:56:00,13.94,14.36,13.88,14.21,32126900
2/7/2014 16:56:00,14.27,14.55,14.16,14.45,34263100
2/10/2014 16:56:00,14.36,14.7,14.33,14.61,29123100
2/11/2014 16:56:00,14.71,15.07,14.64,14.96,28992000
2/12/2014 16:56:00,15.08,15.1,14.78,14.96,23713700
2/13/2014 16:56:00,14.78,14.83,14.44,14.61,28201900
2/14/2014 16:56:00,14.71,14.71,14.47,14.58,27084100
2/17/2014 16:56:00,14.65,14.7,14.31,14.43,13181700
2/18/2014 16:56:00,14.42,14.58,14.11,14.11,31555400
2/19/2014 16:56:00,14.02,14.2,13.88,14.2,28362700
2/20/2014 16:56:00,14.06,14.34,13.98,14.16,24473700
2/21/2014 16:56:00,14.2,14.32,14.07,14.15,18689200
2/24/2014 16:56:00,14.11,14.57,14.01,14.5,20993900
2/25/2014 16:56:00,14.45,14.67,14.11,14.18,35828100
2/26/2014 16:56:00,14.2,14.25,13.68,13.7,45181500
2/27/2014 16:56:00,13.82,14.1,13.65,14.04,23575900
2/28/2014 16:56:00,14.1,14.15,13.58,13.59,28318200
3/5/2014 16:56:00,13.7,13.73,13.28,13.29,15287200
3/6/2014 16:56:00,13.42,13.72,13.31,13.43,29223600
3/7/2014 16:56:00,13.43,13.62,13.21,13.32,33482800
3/10/2014 16:56:00,13.27,13.37,12.9,13.01,39540700
3/11/2014 16:56:00,13.06,13.17,12.96,13.11,37605100
3/12/2014 16:56:00,13.11,13.46,13.08,13.32,42963100
3/13/2014 16:56:00,13.39,13.48,13.03,13.03,22769800
3/14/2014 16:56:00,13.08,13.12,12.77,12.78,34674800
3/17/2014 16:56:00,12.88,12.96,12.55,12.57,39457400
3/18/2014 16:56:00,12.64,13.05,12.57,12.97,45126500
3/19/2014 16:56:00,12.95,13.53,12.93,13.34,51670900
3/20/2014 16:56:00,13.23,14.04,13.16,13.99,58253000
3/21/2014 16:56:00,13.45,14.15,13.45,14.02,49269400
3/24/2014 16:56:00,14.17,14.43,13.87,14.42,34293400
3/25/2014 16:56:00,14.26,14.6,14.13,14.48,40256700
3/26/2014 16:56:00,14.55,14.69,14.35,14.4,29664700
3/27/2014 16:56:00,14.39,15.58,14.32,15.57,77808096
3/28/2014 16:56:00,15.57,15.77,15.2,15.66,42344400
3/31/2014 16:56:00,15.71,15.79,15.5,15.78,28288900
4/1/2014 16:56:00,15.72,15.85,15.48,15.81,36206100
4/2/2014 16:56:00,15.71,16.6,15.7,15.56,66007000
4/3/2014 16:56:00,15.53,15.65,15.12,15.4,56189100
4/4/2014 16:56:00,15.62,15.71,15.35,15.44,33173500
4/7/2014 16:56:00,15.7,16.46,15.7,16.46,50400200
4/8/2014 16:56:00,16.8,17.07,15.72,15.99,69307600
4/9/2014 16:56:00,15.91,15.94,15.42,15.85,41775400
4/10/2014 16:56:00,15.66,16.05,15.55,15.68,27907900
4/11/2014 16:56:00,15.53,16.2,15.41,16.19,42898300
4/14/2014 16:56:00,16.28,16.36,15.83,15.93,26799700
4/15/2014 16:56:00,15.76,16.09,15.13,15.32,35870400
4/16/2014 16:56:00,15.59,15.78,15.24,15.78,28674000
4/17/2014 16:56:00,15.9,16.6,15.54,16.38,44689200
4/22/2014 16:56:00,16.31,16.67,15.84,15.96,44896500
4/23/2014 16:56:00,15.97,16.07,15.75,16.04,22259300
4/24/2014 16:56:00,16.2,16.33,15.87,16.13,30473600
4/25/2014 16:56:00,15.95,16.06,15.65,16.03,31426800
4/28/2014 16:56:00,15.95,16.57,15.77,16.56,31782200
4/29/2014 16:56:00,16.68,17.1,16.51,16.69,42027100
4/30/2014 16:56:00,16.6,16.74,16.39,16.56,27166100
5/2/2014 16:56:00,16.55,17.73,16.51,17.7,52627500
5/5/2014 16:56:00,17.65,17.77,17.31,17.57,35540000
5/6/2014 16:56:00,17.43,18.48,17.31,18.24,48256400
5/7/2014 16:56:00,18.14,18.85,18.07,18.58,44239500
5/8/2014 16:56:00,18.6,18.8,17.75,17.88,53471600
5/9/2014 16:56:00,18.05,18.24,17.6,17.67,34395600
5/12/2014 16:56:00,17.95,18.1,17.77,18.03,20657400
5/13/2014 16:56:00,18,18.4,17.86,17.96,27465400
5/14/2014 16:56:00,17.96,18.34,17.85,18.29,23462900
5/15/2014 16:56:00,18.17,18.23,17.93,18.03,20492100
5/16/2014 16:56:00,18,18.37,17.91,18.01,26139800
5/19/2014 16:56:00,17.98,18.04,17.82,17.94,25935900
5/20/2014 16:56:00,17.9,18.38,17.1,17.3,54506300
5/21/2014 16:56:00,17.46,17.82,17.1,17.46,40672100
5/22/2014 16:56:00,17.51,17.77,17.34,17.68,32321300
5/23/2014 16:56:00,17.58,17.83,17.55,17.7,18155800
5/26/2014 16:56:00,17.8,17.91,17.71,17.86,7387500
5/27/2014 16:56:00,17.93,18.03,17.41,17.49,23285500
5/28/2014 16:56:00,17.55,17.79,17.26,17.7,22457200
5/29/2014 16:56:00,17.75,17.8,17.29,17.3,19559700
5/30/2014 16:56:00,17.18,17.25,16.62,16.69,25975000
6/2/2014 16:56:00,16.8,16.87,16.38,16.55,26475500
6/3/2014 16:56:00,16.53,16.96,16.47,16.9,20600300
6/4/2014 16:56:00,16.85,16.93,16.52,16.6,20905900
6/5/2014 16:56:00,16.71,16.83,16.29,16.32,23391100
6/6/2014 16:56:00,17.38,17.68,17.11,17.68,55365700
6/9/2014 16:56:00,17.57,18.24,17.38,18.07,47362400
6/10/2014 16:56:00,18.04,18.67,17.81,18.67,35832900
6/11/2014 16:56:00,18.7,18.96,18.3,18.88,48370800
6/13/2014 16:56:00,18.63,19.07,18.61,18.99,28004000
6/16/2014 16:56:00,19,19.13,18.64,18.74,30910300
6/17/2014 16:56:00,18.65,18.68,18.2,18.32,18040600
6/18/2014 16:56:00,18.41,19.03,18.25,19,43019700
6/20/2014 16:56:00,18.65,18.99,18.58,18.7,22486300
6/23/2014 16:56:00,18.75,18.75,18.3,18.3,14243200
6/24/2014 16:56:00,18.29,18.89,17.49,17.64,53971000
6/25/2014 16:56:00,17.2,17.77,17.13,17.29,48346300
6/26/2014 16:56:00,17.47,17.57,17.01,17.32,23470100
6/27/2014 16:56:00,17.25,17.39,17.1,17.2,16716300
6/30/2014 16:56:00,17.36,17.55,17.04,17.29,20962900
7/1/2014 16:56:00,17.35,17.45,16.92,17.19,22945200
7/2/2014 16:56:00,17.19,17.33,16.97,17.12,28670600
7/3/2014 16:56:00,16.9,17.53,16.85,17.52,26634700
7/4/2014 16:56:00,17.43,17.55,17.35,17.5,9431900
7/7/2014 16:56:00,17.41,17.44,17.14,17.32,18701200
7/8/2014 16:56:00,17.36,17.42,17.17,17.33,11504900
7/10/2014 16:56:00,17.78,18.17,17.62,18.11,35913600
7/11/2014 16:56:00,18.07,18.32,17.8,18.24,20928900
7/14/2014 16:56:00,18.48,19.18,18.42,19.1,70399104
7/15/2014 16:56:00,19.1,19.37,18.83,19.26,43433200
7/16/2014 16:56:00,19.35,19.39,19.08,19.31,27591400
7/17/2014 16:56:00,19.2,19.92,19.12,19.56,57411200
7/18/2014 16:56:00,20.81,20.87,20.15,20.52,90435000
7/21/2014 16:56:00,20.43,21.02,20.26,20.94,44723800
7/22/2014 16:56:00,20.9,21.23,20.56,21.05,62443400
7/23/2014 16:56:00,20.56,20.74,20.17,20.25,42981200
7/24/2014 16:56:00,20.36,20.44,19.95,20.31,37644700
7/25/2014 16:56:00,20.41,20.57,20.28,20.49,25149900
7/28/2014 16:56:00,20.57,20.6,20.09,20.15,24552600
7/29/2014 16:56:00,20.1,20.12,19.56,19.62,38234000
7/30/2014 16:56:00,19.7,20.05,19.63,19.85,28062900
7/31/2014 16:56:00,19.6,19.65,19.01,19.1,36467700
8/1/2014 16:56:00,19.01,19.21,18.72,19,30658500
8/4/2014 16:56:00,19.15,19.56,18.87,19.55,22501200
8/5/2014 16:56:00,19.46,20.09,19.3,19.7,53674100
8/6/2014 16:56:00,19.84,20.54,19.67,20.31,72879400
8/7/2014 16:56:00,20.6,20.69,19.88,20.15,54256300
8/8/2014 16:56:00,19.8,19.86,19.25,19.31,41930500
8/11/2014 16:56:00,19.37,20.2,19.22,20.14,35596700
8/12/2014 16:56:00,20.09,20.29,19.57,19.67,30507300
8/13/2014 16:56:00,19.75,19.93,18.5,18.69,100212704
8/14/2014 16:56:00,18.68,19.05,18.33,18.6,45332400
8/15/2014 16:56:00,18.9,20.1,18.9,20.06,63042700
8/18/2014 16:56:00,20.55,20.73,19.82,20.4,66860700
8/19/2014 16:56:00,20.21,20.99,20.17,20.91,43132900
8/20/2014 16:56:00,20.8,21.49,20.71,21.36,54453400
8/21/2014 16:56:00,21.25,21.67,21.07,21.3,40823700
8/22/2014 16:56:00,21.14,21.32,20.73,20.92,34438300
8/25/2014 16:56:00,21.22,22.07,21.12,22.04,45475600
8/26/2014 16:56:00,22.03,22.52,21.78,21.84,52291300
8/27/2014 16:56:00,22.15,23.21,21.9,22.84,73536496
8/28/2014 16:56:00,22.69,23.33,22.55,22.84,57631800
8/29/2014 16:56:00,23.15,23.59,22.6,23.36,56848900
9/1/2014 16:56:00,23.95,24.59,23.66,23.83,40238800
9/2/2014 16:56:00,24,24.9,23.4,24.56,67713104
9/3/2014 16:56:00,24.84,24.88,23.6,23.95,60151400
9/4/2014 16:56:00,23.09,24,22.7,22.79,66914600
9/5/2014 16:56:00,22.75,23.3,22.43,22.82,54256100
9/8/2014 16:56:00,23.42,23.68,21.5,21.7,79759296
9/9/2014 16:56:00,21.51,22.19,21.12,21.48,71764400
9/10/2014 16:56:00,21.16,21.48,20.6,20.95,61903500
9/11/2014 16:56:00,21.18,21.73,21,21.21,51526700
9/12/2014 16:56:00,20.87,21,19.85,20.14,82475400
9/15/2014 16:56:00,20.25,20.66,20.06,20.58,53328400
9/16/2014 16:56:00,20.76,22.38,20.7,21.55,99328896
9/17/2014 16:56:00,22.33,22.53,21.86,22.12,54823000
9/18/2014 16:56:00,21.85,22.12,21.18,21.29,57148100
9/19/2014 16:56:00,21,21.38,20.69,20.91,37077100
9/22/2014 16:56:00,20.45,20.6,19.68,20.59,66535200
9/23/2014 16:56:00,20.1,21,19.9,20.13,54737800
9/24/2014 16:56:00,19.95,20.61,19.84,20.23,38247100
9/25/2014 16:56:00,20.29,20.4,19.83,19.84,26626600
9/26/2014 16:56:00,19.9,21.24,19.8,20.94,43234500
9/29/2014 16:56:00,19.02,19.25,18.54,18.6,94418600
9/30/2014 16:56:00,18.49,18.65,17.75,18.09,81971800
10/1/2014 16:56:00,17.7,17.86,17.01,17.09,79170704
10/2/2014 16:56:00,17.4,17.72,16.86,17.3,65399500
10/3/2014 16:56:00,17.6,18.52,17.24,18.35,61990800
10/6/2014 16:56:00,21.5,21.5,20.09,20.39,114738800
10/7/2014 16:56:00,20.85,21.79,20.64,21.21,87446800
10/8/2014 16:56:00,21.8,21.85,20.01,20.85,104638496
10/9/2014 16:56:00,21.29,21.9,21.14,21.2,82449696
10/10/2014 16:56:00,20.05,20.05,20.05,20.05,64882800
10/13/2014 16:56:00,21.36,22.42,21.11,22.13,85183400
10/14/2014 16:56:00,21.6,21.6,21.6,21.6,80844400
10/15/2014 16:56:00,20.6,20.88,19.62,20.15,120546304
10/16/2014 16:56:00,19.01,19.5,18.56,18.65,97275600
10/17/2014 16:56:00,19.37,19.53,18.65,19.09,69545696
10/20/2014 16:56:00,18.92,18.99,17.87,17.92,70794896
10/21/2014 16:56:00,16.9,16.9,16.9,16.9,105185600
10/22/2014 16:56:00,16.81,17.25,16.38,16.61,62049400
10/23/2014 16:56:00,16.37,16.45,15.41,15.51,110386000
10/24/2014 16:56:00,15.8,16.89,15.52,16.62,100322000
10/27/2014 16:56:00,14,14.59,13.76,14.52,215365600
10/28/2014 16:56:00,14.9,15.08,14.63,15.03,95132896
10/29/2014 16:56:00,14.77,14.79,14,14.02,89851000
10/30/2014 16:56:00,14.6,14.69,14.01,14.32,75048896
10/31/2014 16:56:00,14.58,15.28,14.37,15.28,47932400
11/3/2014 16:56:00,14.96,15.1,14.55,14.85,44102700
11/4/2014 16:56:00,15,15.03,14.37,14.82,45408900
11/5/2014 16:56:00,14.5,14.62,14.33,14.4,37011900
11/6/2014 16:56:00,14.28,14.28,13.78,14.06,55337600
11/7/2014 16:56:00,14.25,14.63,13.52,14.27,77503904
11/10/2014 16:56:00,14.3,14.37,13.92,13.98,35611800
11/11/2014 16:56:00,13.81,14.08,13.67,14,24268300
11/12/2014 16:56:00,13.97,14.49,13.83,14.11,30597500
11/13/2014 16:56:00,14.32,14.37,13.59,13.6,36046700
11/14/2014 16:56:00,12.9,13.33,12.85,13.2,52848800
11/17/2014 16:56:00,13.07,13.25,12.52,12.6,47504600
11/18/2014 16:56:00,12.76,12.85,12,12.45,60893000
11/19/2014 16:56:00,12.4,12.97,12.31,12.78,48829400
11/21/2014 16:56:00,13.01,14.43,13.01,14.3,66584900
11/24/2014 16:56:00,14.62,15.26,14.08,14.21,70349104
11/25/2014 16:56:00,14.44,14.93,13.85,14.15,82863904
11/26/2014 16:56:00,14.17,14.17,14.17,14.17,35604600
11/27/2014 16:56:00,14.2,14.62,13.33,13.44,54672700
11/28/2014 16:56:00,13.45,13.56,12.8,12.84,46109000
12/1/2014 16:56:00,12.45,12.54,12.21,12.32,100447904
12/2/2014 16:56:00,12.5,12.56,12.09,12.17,41047100
12/3/2014 16:56:00,12.26,12.8,12.21,12.71,39791800
12/4/2014 16:56:00,12.79,12.79,12.17,12.27,36498300
12/5/2014 16:56:00,12.32,12.37,12.05,12.18,60072900
12/8/2014 16:56:00,12.15,12.15,11.41,11.51,44385600
12/9/2014 16:56:00,11.1,11.43,10.81,11.42,69233104
12/10/2014 16:56:00,11.35,11.36,10.82,10.88,51653800
12/11/2014 16:56:00,10.9,11.04,10.32,10.63,64604800
12/12/2014 16:56:00,10.65,10.69,10.11,10.19,46321800
12/15/2014 16:56:00,10.21,10.29,9.01,9.06,100442600
12/16/2014 16:56:00,8.6,9.92,8.56,9.37,92073400
12/17/2014 16:56:00,9.5,9.86,9.37,9.47,90951200
12/18/2014 16:56:00,9.89,10.35,9.38,9.57,88693200
12/19/2014 16:56:00,9.95,9.98,9.57,9.83,65110400
12/22/2014 16:56:00,9.9,10.37,9.71,10.37,53678500
12/23/2014 16:56:00,10.37,10.99,10.19,10.91,45011000
12/26/2014 16:56:00,10.87,10.88,10.21,10.32,27059500
12/29/2014 16:56:00,10.15,10.54,10.06,10.28,24575700
12/30/2014 16:56:00,10.16,10.35,10.01,10.03,27623700
1/2/2015 16:56:00,9.99,9.99,9.35,9.36,49559500
1/5/2015 16:56:00,9.14,9.19,8.53,8.56,78385100
1/6/2015 16:56:00,8.71,8.83,8.04,8.28,84723300
1/7/2015 16:56:00,8.56,8.73,8.36,8.67,86429300
1/8/2015 16:56:00,8.79,9.39,8.74,9.23,83306300
1/9/2015 16:56:00,9.2,9.51,8.93,9.51,50813100
1/12/2015 16:56:00,9.27,9.58,8.79,8.84,58728900
1/13/2015 16:56:00,8.9,9.39,8.85,9.09,65834800
1/14/2015 16:56:00,8.88,8.96,8.64,8.91,55736500
1/15/2015 16:56:00,9,9.39,8.87,9.31,80907800
1/16/2015 16:56:00,9.46,9.63,9.24,9.44,57624300
1/19/2015 16:56:00,9.35,9.54,9.15,9.17,30873100
1/20/2015 16:56:00,9.6,9.85,9.15,9.31,72842900
1/21/2015 16:56:00,9.45,9.92,9.32,9.9,48003500
1/22/2015 16:56:00,10.1,10.46,9.97,10.23,74782400
1/23/2015 16:56:00,10.11,10.41,9.88,9.98,43659400
1/26/2015 16:56:00,9.79,9.97,9.66,9.83,33202100
1/27/2015 16:56:00,9.72,10.37,9.53,10.14,58750400
1/28/2015 16:56:00,9.43,9.54,8.95,9.11,106337900
1/29/2015 16:56:00,9.05,9.08,8.34,8.67,111506300
1/30/2015 16:56:00,8.2,8.34,8.08,8.3,87497200
2/2/2015 16:56:00,8.46,8.79,8.13,8.79,57585100
2/3/2015 16:56:00,9.01,10,9.01,9.97,98061700
2/4/2015 16:56:00,10.3,10.78,9.56,10.02,118830800
2/5/2015 16:56:00,9.86,10.29,9.7,9.83,78992700
2/6/2015 16:56:00,9.8,9.81,8.87,9.12,118645000
2/9/2015 16:56:00,8.8,9.47,8.72,9.4,72534200
2/10/2015 16:56:00,9.22,9.8,8.89,8.91,75478700
2/11/2015 16:56:00,8.94,9.19,8.81,9.08,48681100
2/12/2015 16:56:00,9.35,9.54,9.27,9.45,61706000
2/13/2015 16:56:00,9.68,10.1,9.66,10.03,72282500
2/18/2015 16:56:00,10.16,10.34,10.01,10.04,42896700
2/19/2015 16:56:00,9.96,9.97,9.65,9.71,38492400
2/20/2015 16:56:00,9.82,9.9,9.53,9.64,35272700
2/23/2015 16:56:00,9.55,9.59,9.39,9.5,41168500
2/24/2015 16:56:00,9.65,9.9,9.59,9.9,48578000
2/25/2015 16:56:00,9.1,9.4,9,9.4,96303900
2/26/2015 16:56:00,9.4,9.52,9.16,9.23,44179900
2/27/2015 16:56:00,9.3,9.64,9.1,9.55,46969600
3/2/2015 16:56:00,9.44,9.71,9.27,9.42,38009000
3/3/2015 16:56:00,9.69,9.8,9.52,9.57,42133600
3/4/2015 16:56:00,9.41,9.45,9.21,9.27,48308500
3/5/2015 16:56:00,9.31,9.38,9.16,9.24,52913800
3/6/2015 16:56:00,9.2,9.35,9.17,9.25,27181900
3/9/2015 16:56:00,9.13,9.18,8.9,8.92,37625700
3/10/2015 16:56:00,8.83,8.98,8.51,8.52,72090500
3/11/2015 16:56:00,8.67,8.83,8.58,8.74,44035300
3/12/2015 16:56:00,8.97,9.08,8.44,8.47,63029900
3/13/2015 16:56:00,8.25,8.39,8.16,8.34,72933500
3/16/2015 16:56:00,8.49,8.5,8.19,8.39,53380500
3/17/2015 16:56:00,8.35,8.93,8.32,8.86,63896300
3/18/2015 16:56:00,8.85,9.29,8.67,9.2,65324600
3/19/2015 16:56:00,9.18,9.23,8.85,8.92,42857200
3/20/2015 16:56:00,9.08,9.35,8.96,9.22,65339300
3/23/2015 16:56:00,9.3,9.44,9.2,9.33,34124600
3/24/2015 16:56:00,9.37,9.45,9.22,9.42,36392400
3/25/2015 16:56:00,9.65,9.89,9.53,9.8,84659600
3/26/2015 16:56:00,9.92,9.96,9.31,9.33,58862000
3/27/2015 16:56:00,9.3,9.61,9.17,9.36,51152500
3/30/2015 16:56:00,9.5,9.75,9.42,9.71,33372200
3/31/2015 16:56:00,9.58,9.92,9.47,9.66,46908300
4/1/2015 16:56:00,9.93,10.37,9.87,10.26,59374600
4/2/2015 16:56:00,10.17,10.72,10.17,10.69,69001800
4/6/2015 16:56:00,10.8,10.99,10.68,10.71,45227600
4/7/2015 16:56:00,10.6,10.96,10.46,10.92,61721500
4/8/2015 16:56:00,11.1,11.33,10.49,10.57,73904600
4/9/2015 16:56:00,10.7,11.6,10.58,11.58,79280800
4/10/2015 16:56:00,11.52,11.93,11.27,11.81,70021600
4/13/2015 16:56:00,11.97,12.75,11.9,12.27,106242100
4/14/2015 16:56:00,12.67,12.74,11.97,12.46,87127100
4/15/2015 16:56:00,12.7,13.38,12.47,13.34,103042800
4/16/2015 16:56:00,13.25,13.33,12.52,12.98,109852700
4/17/2015 16:56:00,12.61,13.24,12.52,12.95,71274400
4/20/2015 16:56:00,13.23,13.38,13.02,13.07,52514600
4/22/2015 16:56:00,13.19,13.29,12.66,13,65914800
4/23/2015 16:56:00,12.3,13.26,11.89,12.87,182613700
4/24/2015 16:56:00,13.19,13.78,13.16,13.22,106143700
4/27/2015 16:56:00,12.95,13.12,12.51,12.52,53111300
4/28/2015 16:56:00,12.76,12.87,12.25,12.77,60884300
4/29/2015 16:56:00,12.58,12.93,12.53,12.82,36442500
4/30/2015 16:56:00,12.83,13.15,12.8,13.06,48515300
5/4/2015 16:56:00,13.31,13.85,13.3,13.79,55651100
5/5/2015 16:56:00,13.7,14.61,13.67,14.43,76329800
5/6/2015 16:56:00,14.75,14.95,13.57,13.79,72197500
5/7/2015 16:56:00,13.8,14.05,13.33,13.66,44978900
5/8/2015 16:56:00,14.04,14.09,13.36,13.51,43687900
5/11/2015 16:56:00,13.68,13.83,13.43,13.77,28040500
5/12/2015 16:56:00,13.7,14.06,13.63,13.73,30765100
5/13/2015 16:56:00,13.87,14.13,13.75,13.98,45346800
5/14/2015 16:56:00,14.1,14.23,13.76,13.9,49457700
5/15/2015 16:56:00,13.92,14.12,13.61,14.04,54224100
5/18/2015 16:56:00,14.64,14.65,13.52,13.7,82200400
5/19/2015 16:56:00,13.55,13.59,12.79,12.89,70521100
5/20/2015 16:56:00,12.76,13.12,12.63,12.84,43164900
5/21/2015 16:56:00,12.86,13.52,12.86,13.48,53682900
5/22/2015 16:56:00,13.52,13.65,12.92,13.07,53753700
5/25/2015 16:56:00,12.98,13.01,12.72,12.83,24377600
5/26/2015 16:56:00,12.8,12.86,12.36,12.39,44844200
5/27/2015 16:56:00,12.5,12.66,12.29,12.54,47223300
5/28/2015 16:56:00,12.47,12.82,12.4,12.65,96419400
5/29/2015 16:56:00,12.71,12.78,12.3,12.33,75971600
6/1/2015 16:56:00,12.43,12.65,12.25,12.36,40498000
6/2/2015 16:56:00,12.55,12.95,12.47,12.88,47041600
6/3/2015 16:56:00,12.96,13.1,12.72,12.79,90062100
6/5/2015 16:56:00,12.58,12.78,12.42,12.57,36719100
6/8/2015 16:56:00,12.61,12.77,12.47,12.57,39522700
6/9/2015 16:56:00,12.61,13.17,12.57,13,88228800
6/10/2015 16:56:00,13.3,13.44,12.92,13.08,45583600
6/11/2015 16:56:00,13.13,13.14,12.85,13.1,35341600
6/12/2015 16:56:00,12.86,13.04,12.83,13.02,60257900
6/15/2015 16:56:00,12.97,13.09,12.9,13.01,31713200
6/16/2015 16:56:00,13.04,13.48,12.91,13.38,49988000
6/17/2015 16:56:00,13.5,13.59,13.12,13.14,40920200
6/18/2015 16:56:00,13.28,13.45,13.15,13.45,26832100
6/19/2015 16:56:00,13.31,13.44,13.1,13.15,36247800
6/22/2015 16:56:00,13.3,13.37,13.13,13.17,22567300
6/23/2015 16:56:00,13.27,13.43,12.95,12.97,53057500
6/24/2015 16:56:00,13.06,13.35,13.05,13.22,39613200
6/25/2015 16:56:00,13.23,13.24,12.52,12.6,49474000
6/26/2015 16:56:00,12.66,13.21,12.64,13.21,35210100
6/29/2015 16:56:00,13,13.59,12.62,12.85,63175500
6/30/2015 16:56:00,12.9,12.99,12.65,12.69,32876500
7/1/2015 16:56:00,12.8,12.85,12.01,12.16,62627200
7/2/2015 16:56:00,12.35,12.53,12.16,12.35,37421500
7/3/2015 16:56:00,12.25,12.31,11.68,11.76,31574500
7/6/2015 16:56:00,11.51,11.73,11.28,11.51,51206800
7/7/2015 16:56:00,11.36,11.85,10.82,11.77,72452800
7/8/2015 16:56:00,11.62,11.99,11.33,11.46,44001500
7/10/2015 16:56:00,11.9,11.98,11.75,11.81,30885900
7/13/2015 16:56:00,11.87,11.93,11.58,11.79,29585400
7/14/2015 16:56:00,11.69,12.08,11.58,11.99,37058500
7/15/2015 16:56:00,11.96,12.06,11.72,11.78,33375100
7/16/2015 16:56:00,11.89,11.99,11.82,11.99,26442500
7/17/2015 16:56:00,11.82,11.9,11.39,11.41,39929900
7/20/2015 16:56:00,11.46,11.54,10.75,10.79,49668500
7/21/2015 16:56:00,10.91,11.24,10.6,10.73,40357600
7/22/2015 16:56:00,10.61,10.72,10.33,10.36,31050200
7/23/2015 16:56:00,10.22,10.56,10.12,10.12,50696500
7/24/2015 16:56:00,10.17,10.23,9.76,10.03,45143700
7/27/2015 16:56:00,9.96,9.99,9.5,9.5,54768800
7/28/2015 16:56:00,9.69,10.22,9.61,10.02,72306100
7/29/2015 16:56:00,10.01,10.77,9.91,10.7,88194700
7/30/2015 16:56:00,10.83,10.93,10.24,10.42,47498400
7/31/2015 16:56:00,10.48,10.7,10.32,10.49,37462200
8/3/2015 16:56:00,10.36,10.41,9.95,10.03,41499600
8/4/2015 16:56:00,10.14,10.45,10.1,10.16,30786900
8/5/2015 16:56:00,10.41,10.55,10.01,10.01,44421800
8/6/2015 16:56:00,9.86,10.39,9.74,10.34,60293400
8/7/2015 16:56:00,10.25,10.55,9.68,9.69,65832700
8/10/2015 16:56:00,9.81,10.03,9.57,9.99,51017800
8/11/2015 16:56:00,9.79,9.98,9.47,9.98,45648700
8/12/2015 16:56:00,9.8,10.01,9.67,9.82,40039100
8/13/2015 16:56:00,9.91,9.97,9.5,9.5,31405700
8/14/2015 16:56:00,9.61,9.68,9.3,9.3,28405100
8/17/2015 16:56:00,9.2,9.36,9.12,9.15,33125100
8/18/2015 16:56:00,9.06,9.2,8.82,8.99,38013600
8/19/2015 16:56:00,8.95,9.05,8.63,8.74,37036000
8/20/2015 16:56:00,8.64,8.96,8.56,8.69,38857700
8/21/2015 16:56:00,8.6,8.64,8.29,8.3,39848800
8/24/2015 16:56:00,7.76,8.17,7.53,7.89,70881000
8/25/2015 16:56:00,8.1,8.23,7.85,7.85,58283200
8/26/2015 16:56:00,8.07,8.13,7.85,8.13,43893300
8/27/2015 16:56:00,8.25,8.93,8.23,8.92,66820200
8/28/2015 16:56:00,8.67,9.39,8.61,9.02,77260900
8/31/2015 16:56:00,8.71,9.29,8.52,9.19,76576400
9/1/2015 16:56:00,8.75,9.09,8.54,8.59,52756400
9/2/2015 16:56:00,8.75,8.84,8.33,8.82,56050600
9/3/2015 16:56:00,8.93,9.21,8.54,8.76,56645400
9/4/2015 16:56:00,8.6,8.76,8.51,8.51,35463400
9/8/2015 16:56:00,8.7,8.79,8.58,8.64,29383000
9/9/2015 16:56:00,8.81,8.9,8.36,8.39,38706300
9/10/2015 16:56:00,7.9,8.15,7.81,7.97,62858700
9/11/2015 16:56:00,7.94,7.99,7.59,7.66,53647300
9/14/2015 16:56:00,7.7,7.82,7.46,7.72,52851400
9/15/2015 16:56:00,7.65,7.87,7.54,7.65,35102900
9/16/2015 16:56:00,7.77,8.24,7.74,8.14,66613400
9/17/2015 16:56:00,8.05,8.11,7.86,7.86,72887600
9/18/2015 16:56:00,7.75,7.76,7.5,7.6,68097000
9/21/2015 16:56:00,7.66,7.68,7.3,7.3,41063600
9/22/2015 16:56:00,7.24,7.24,6.81,6.97,66720700
9/23/2015 16:56:00,6.96,7.16,6.7,6.82,64774800
9/24/2015 16:56:00,6.61,7.14,6.6,6.96,56577300
9/25/2015 16:56:00,7.12,7.22,6.77,6.82,44843100
9/28/2015 16:56:00,6.74,6.75,6.44,6.44,37466900
9/29/2015 16:56:00,6.54,6.79,6.5,6.59,52387600
9/30/2015 16:56:00,7.25,7.26,6.97,7.24,107779500
10/1/2015 16:56:00,7.31,7.46,6.99,7.02,69296500
10/2/2015 16:56:00,6.99,7.83,6.9,7.77,88891400
10/5/2015 16:56:00,7.9,8.14,7.75,7.82,68350300
10/6/2015 16:56:00,7.86,8.34,7.84,8.19,81259300
10/7/2015 16:56:00,8.51,8.9,8.27,8.47,116610600
10/8/2015 16:56:00,8.46,8.84,8.28,8.75,68670000
10/9/2015 16:56:00,9.02,9.07,8.58,8.8,71885200
10/13/2015 16:56:00,8.36,8.47,8.07,8.13,56100600
10/14/2015 16:56:00,8.07,8.23,7.89,7.96,75339100
10/15/2015 16:56:00,8,8.07,7.67,8,61444100
10/16/2015 16:56:00,7.99,8.08,7.81,7.95,42963800
10/19/2015 16:56:00,7.9,7.96,7.76,7.95,40096200
10/20/2015 16:56:00,8,8.19,7.97,8.05,47938700
10/21/2015 16:56:00,7.95,8.06,7.71,7.75,45394400
10/22/2015 16:56:00,7.82,8.11,7.81,8.02,46174500
10/23/2015 16:56:00,8.26,8.28,7.94,7.99,45715300
10/26/2015 16:56:00,8.05,8.13,7.8,7.85,35069500
10/27/2015 16:56:00,7.86,7.86,7.55,7.6,44085700
10/28/2015 16:56:00,7.87,7.95,7.86,7.95,4630900
10/29/2015 16:56:00,7.57,7.93,7.57,7.61,41336300
10/30/2015 16:56:00,7.6,7.78,7.54,7.71,36951300
11/3/2015 16:56:00,7.84,8.48,7.77,8.48,60306200
11/4/2015 16:56:00,8.58,8.65,8.02,8.08,55661500
11/5/2015 16:56:00,8.08,8.17,7.87,8.11,92690300
11/6/2015 16:56:00,8.04,8.08,7.73,7.82,39680600
11/9/2015 16:56:00,7.83,7.93,7.59,7.91,36340400
11/10/2015 16:56:00,7.6,7.69,7.51,7.61,34554300
11/11/2015 16:56:00,7.71,7.83,7.64,7.72,44596400
11/12/2015 16:56:00,7.72,7.74,7.53,7.58,41641400
11/13/2015 16:56:00,7.5,7.56,7.23,7.27,67000600
11/16/2015 16:56:00,7.31,7.7,7.31,7.7,56587800
11/17/2015 16:56:00,7.8,7.86,7.64,7.76,52072800
11/18/2015 16:56:00,7.81,8.03,7.79,7.82,38137700
11/19/2015 16:56:00,7.96,7.98,7.62,7.84,51878600
11/23/2015 16:56:00,7.9,8.1,7.85,8.08,47415800
11/24/2015 16:56:00,8.05,8.5,7.95,8.5,63001700
11/25/2015 16:56:00,8.28,8.35,7.9,7.9,54732800
11/26/2015 16:56:00,7.95,8.04,7.82,7.92,21697100
11/27/2015 16:56:00,7.81,7.86,7.57,7.6,38334200
11/30/2015 16:56:00,7.54,7.84,7.42,7.67,72764300
12/1/2015 16:56:00,7.67,7.76,7.45,7.49,35865600
12/2/2015 16:56:00,7.54,7.59,7.35,7.52,47713500
12/3/2015 16:56:00,7.99,8.17,7.79,7.98,76680900
12/4/2015 16:56:00,7.97,7.97,7.42,7.52,63662600
12/7/2015 16:56:00,7.6,7.61,7.15,7.19,47395000
12/8/2015 16:56:00,7.2,7.2,6.95,7.13,46590500
12/9/2015 16:56:00,7.34,7.82,7.27,7.65,82102800
12/10/2015 16:56:00,7.51,7.57,7.31,7.45,43458400
12/11/2015 16:56:00,7.26,7.53,7.21,7.25,50750600
12/14/2015 16:56:00,7.15,7.23,7.07,7.21,33538000
12/15/2015 16:56:00,7.34,7.47,7.3,7.42,34188900
12/16/2015 16:56:00,7.28,7.36,7.09,7.29,39840300
12/17/2015 16:56:00,7.35,7.52,7.19,7.2,43789300
12/18/2015 16:56:00,7.02,7.1,6.92,7.02,60061600
12/21/2015 16:56:00,7.06,7.09,6.62,6.64,54032100
12/22/2015 16:56:00,6.76,6.82,6.62,6.79,40463400
12/23/2015 16:56:00,6.91,7.04,6.87,6.93,38789700
12/28/2015 16:56:00,6.9,6.9,6.65,6.7,28617600
12/29/2015 16:56:00,6.81,6.87,6.68,6.69,22441300
12/30/2015 16:56:00,6.66,6.76,6.52,6.7,30041600
1/4/2016 16:56:00,6.57,7.03,6.55,6.87,45962100
1/5/2016 16:56:00,6.92,7,6.62,6.68,29446700
1/6/2016 16:56:00,6.53,6.54,6.4,6.4,67507200
1/7/2016 16:56:00,6.19,6.43,6.08,6.26,57387900
1/8/2016 16:56:00,6.38,6.45,6.13,6.27,52100300
1/11/2016 16:56:00,6.27,6.3,6.05,6.09,51334000
1/12/2016 16:56:00,6.12,6.12,5.51,5.53,81627800
1/13/2016 16:56:00,5.7,5.74,5.25,5.27,70874300
1/14/2016 16:56:00,5.31,5.69,5.13,5.69,76854200
1/15/2016 16:56:00,5.35,5.44,5.16,5.17,75571500
1/18/2016 16:56:00,5.19,5.21,4.8,4.8,46407200
1/19/2016 16:56:00,5.03,5.05,4.64,4.66,66529300
1/20/2016 16:56:00,4.5,4.5,4.26,4.43,92914100
1/21/2016 16:56:00,4.37,4.67,4.36,4.5,87455300
1/22/2016 16:56:00,4.73,4.77,4.4,4.41,100576600
1/26/2016 16:56:00,4.23,4.31,4.12,4.2,71933300
1/27/2016 16:56:00,4.22,4.64,4.16,4.57,79437900
1/28/2016 16:56:00,4.67,5.13,4.35,4.6,131960900
1/29/2016 16:56:00,4.7,4.86,4.52,4.84,93013900
2/1/2016 16:56:00,4.74,4.86,4.66,4.72,51910300
2/2/2016 16:56:00,4.56,4.65,4.3,4.3,53610300
2/3/2016 16:56:00,4.42,4.52,4.22,4.49,73786400
2/4/2016 16:56:00,4.56,4.94,4.36,4.73,91974200
2/5/2016 16:56:00,4.73,4.78,4.53,4.54,52704500
2/10/2016 16:56:00,4.3,4.41,4.28,4.31,45747400
2/11/2016 16:56:00,4.2,4.27,4.12,4.23,59451500
2/12/2016 16:56:00,4.37,4.51,4.3,4.45,64027200
2/15/2016 16:56:00,4.56,4.6,4.52,4.57,28490400
2/16/2016 16:56:00,4.5,4.64,4.42,4.44,80343900
2/17/2016 16:56:00,4.54,4.82,4.51,4.68,84473100
2/18/2016 16:56:00,4.69,4.87,4.55,4.59,65026900
2/19/2016 16:56:00,4.5,4.57,4.4,4.46,56031000
2/22/2016 16:56:00,4.67,5.04,4.63,5.04,80150300
2/23/2016 16:56:00,4.95,5.28,4.82,4.92,85037400
2/24/2016 16:56:00,4.77,4.93,4.65,4.87,75039700
2/25/2016 16:56:00,4.81,5.08,4.79,4.89,70393700
2/26/2016 16:56:00,5.02,5.1,4.83,4.87,61396800
2/29/2016 16:56:00,5.08,5.23,4.98,5.14,84165000
3/1/2016 16:56:00,5.31,5.37,5.1,5.31,80939200
3/2/2016 16:56:00,5.21,5.65,5.15,5.65,88545800
3/3/2016 16:56:00,6.57,6.57,6.57,6.57,186772500
3/7/2016 16:56:00,7.25,7.53,6.95,7.37,85041400
3/8/2016 16:56:00,7.37,7.84,7.08,7.47,137169400
3/9/2016 16:56:00,7.7,7.78,7.36,7.6,84821900
3/10/2016 16:56:00,7.8,7.96,7.31,7.95,117672300
3/11/2016 16:56:00,7.94,8.22,7.67,8.09,92331300
3/14/2016 16:56:00,8.13,8.2,7.4,7.4,86084700
3/15/2016 16:56:00,6.83,6.96,6.56,6.61,104913200
3/16/2016 16:56:00,6.51,7.23,6.41,7.23,85533000
3/17/2016 16:56:00,8.15,8.19,7.71,8.1,19373300
3/18/2016 16:56:00,8.09,8.17,7.72,8.12,77182400
3/21/2016 16:56:00,8.08,8.27,7.93,8.06,65837300
3/22/2016 16:56:00,7.85,8.18,7.73,8.11,84549700
3/23/2016 16:56:00,7.88,7.96,7.66,7.78,61437900
3/24/2016 16:56:00,7.53,8,7.32,7.81,52343300
3/28/2016 16:56:00,8.15,8.48,7.91,8.44,69818700
3/29/2016 16:56:00,8.34,8.85,8.19,8.49,89050200
3/30/2016 16:56:00,8.7,9,8.28,8.44,90059600
3/31/2016 16:56:00,8.31,8.31,8.31,8.31,737700
4/1/2016 16:56:00,8.36,8.36,8.36,8.36,374500
4/4/2016 16:56:00,7.54,7.54,7.54,7.54,865300
4/5/2016 16:56:00,7.8,7.8,7.8,7.8,684100
4/6/2016 16:56:00,7.58,7.58,7.58,7.58,457400
4/7/2016 16:56:00,7.7,7.7,7.7,7.7,324800
4/8/2016 16:56:00,8.13,8.34,8.04,8.26,84448200
4/11/2016 16:56:00,8.39,8.39,8.39,8.39,449600
4/12/2016 16:56:00,9.04,9.04,9.04,9.04,648900
4/13/2016 16:56:00,9.49,9.49,9.49,9.49,782300
4/14/2016 16:56:00,9.73,9.77,9.12,9.16,77355500
4/15/2016 16:56:00,9.25,9.83,9.07,9.69,95590000
4/18/2016 16:56:00,9.65,9.72,8.89,9.24,88873100
4/19/2016 16:56:00,9.61,9.61,9.61,9.61,370500
4/20/2016 16:56:00,9.4,9.64,9.34,9.48,53295800
4/21/2016 16:56:00,9.5,9.5,9.5,9.5,352100
4/22/2016 16:56:00,9.32,9.93,9.29,9.75,63322900
4/25/2016 16:56:00,9.71,9.9,9.33,9.33,56585400
4/26/2016 16:56:00,9.48,9.74,9.34,9.67,40460400
4/27/2016 16:56:00,9.85,10.3,9.77,10.25,86397900
4/29/2016 16:56:00,10.23,10.54,10.01,10.23,53931300
5/2/2016 16:56:00,10.25,10.36,9.93,10.17,48618800
5/3/2016 16:56:00,10.01,10.09,9.71,9.78,47074700
5/4/2016 16:56:00,9.85,10.15,9.85,9.92,43389500
5/5/2016 16:56:00,10.28,10.3,9.6,9.81,65074500
5/6/2016 16:56:00,9.63,10.13,9.58,10.08,45330900
5/9/2016 16:56:00,10.01,10.05,8.84,9.48,94688100
5/10/2016 16:56:00,9.82,10.21,9.72,10.21,53055800
5/11/2016 16:56:00,10.39,10.5,9.99,10.25,74542300
5/12/2016 16:56:00,10.4,10.47,9.79,9.79,67229100
5/13/2016 16:56:00,9.93,10.06,9.39,9.46,70472200
5/16/2016 16:56:00,9.55,9.85,9.52,9.75,61487700
5/17/2016 16:56:00,9.83,9.88,9.46,9.5,46379500
5/18/2016 16:56:00,9.31,9.65,9.27,9.32,51929100
5/19/2016 16:56:00,9.25,9.25,8.65,8.96,75430200
5/20/2016 16:56:00,9.2,9.46,8.9,8.9,65173100
5/23/2016 16:56:00,8.55,8.67,8.42,8.5,51330000
5/24/2016 16:56:00,8.69,8.85,8.45,8.53,44823400
5/25/2016 16:56:00,8.68,8.94,8.59,8.67,45512600
5/27/2016 16:56:00,8.5,8.57,8.23,8.23,47488600
5/30/2016 16:56:00,8.18,8.62,8.06,8.38,32281900
5/31/2016 16:56:00,8.36,8.57,8.04,8.04,58662600
6/1/2016 16:56:00,8.09,8.25,7.86,8.18,45884400
6/2/2016 16:56:00,8.19,8.41,8.03,8.32,52835100
6/3/2016 16:56:00,8.51,8.67,8.45,8.57,45595300
6/6/2016 16:56:00,8.7,8.78,8.45,8.46,37117600
6/7/2016 16:56:00,8.42,8.72,8.39,8.62,34401600
6/8/2016 16:56:00,8.8,9.41,8.8,9.39,77194700
6/9/2016 16:56:00,9.28,9.38,9.05,9.18,46539900
6/10/2016 16:56:00,8.97,8.99,8.78,8.78,38859900
6/13/2016 16:56:00,8.58,8.84,8.52,8.62,37094100
6/14/2016 16:56:00,8.6,8.77,8.25,8.3,66180300
6/15/2016 16:56:00,8.3,8.69,8.27,8.51,84556900
6/16/2016 16:56:00,8.41,8.54,8.28,8.5,46834500
6/17/2016 16:56:00,8.75,8.95,8.73,8.95,63144100
6/20/2016 16:56:00,9.22,9.37,9.12,9.18,63791500
6/21/2016 16:56:00,9.09,9.54,8.94,9.53,53703900
6/22/2016 16:56:00,9.61,9.75,9.34,9.34,61983000
6/23/2016 16:56:00,9.59,9.7,9.51,9.67,48031300
6/24/2016 16:56:00,9,9.33,8.92,9.25,75974900
6/27/2016 16:56:00,9.22,9.34,8.78,8.78,58818400
6/28/2016 16:56:00,9.1,9.28,9.07,9.2,45291700
6/29/2016 16:56:00,9.43,9.57,9.32,9.5,56093600
6/30/2016 16:56:00,9.42,9.49,9.24,9.42,43741300
7/1/2016 16:56:00,9.48,9.85,9.37,9.82,49290800
7/4/2016 16:56:00,9.95,10.05,9.79,9.87,24505100
7/5/2016 16:56:00,9.65,9.67,9.23,9.29,69691200
7/6/2016 16:56:00,9.09,9.52,8.95,9.5,68781500
7/7/2016 16:56:00,9.66,9.98,9.52,9.56,81610300
7/8/2016 16:56:00,9.85,9.94,9.67,9.84,42647600
7/11/2016 16:56:00,10,10.37,9.98,10.36,66717300
7/12/2016 16:56:00,10.61,10.8,10.58,10.65,58174200
7/13/2016 16:56:00,10.47,10.63,10.21,10.63,64252100
7/14/2016 16:56:00,10.92,10.98,10.66,10.93,53059500
7/15/2016 16:56:00,10.91,11.06,10.82,11.02,51223500
7/18/2016 16:56:00,10.97,11.74,10.87,11.55,77358900
7/19/2016 16:56:00,11.51,11.97,11.5,11.78,53692000
7/20/2016 16:56:00,11.82,11.9,11.54,11.82,49261200
7/21/2016 16:56:00,11.77,11.99,11.73,11.85,37748600
7/22/2016 16:56:00,11.84,11.97,11.72,11.94,33938400
7/25/2016 16:56:00,11.98,12.25,11.91,12.03,47192000
7/26/2016 16:56:00,11.95,12.07,11.85,11.88,38304800
7/27/2016 16:56:00,11.99,12.04,11.51,11.51,51952100
7/28/2016 16:56:00,11.4,11.55,11.15,11.44,40663100
7/29/2016 16:56:00,11.76,11.98,11.61,11.87,60740000
8/1/2016 16:56:00,11.93,11.97,11.22,11.25,52012300
8/2/2016 16:56:00,11.33,11.62,11.1,11.36,49134600
8/3/2016 16:56:00,11.58,11.9,11.33,11.9,55695500
8/4/2016 16:56:00,11.93,12.12,11.87,12.01,63207500
8/5/2016 16:56:00,12.12,12.17,11.65,11.65,54225900
8/8/2016 16:56:00,11.79,11.97,11.7,11.91,41552000
8/9/2016 16:56:00,11.92,12.07,11.75,11.88,33596200
8/10/2016 16:56:00,11.95,11.97,11.56,11.56,41638400
8/11/2016 16:56:00,11.63,12.1,11.6,12.1,55881500
8/12/2016 16:56:00,12.05,12.44,11.98,12,71281300
8/15/2016 16:56:00,12.19,12.37,12.07,12.31,53568000
8/16/2016 16:56:00,12.31,12.56,12.14,12.49,48218700
8/17/2016 16:56:00,12.47,12.76,12.32,12.76,46809100
8/18/2016 16:56:00,12.8,13.03,12.78,12.88,44941100
8/19/2016 16:56:00,12.82,12.92,12.7,12.79,33360000
8/22/2016 16:56:00,12.63,12.63,12.3,12.35,43258900
8/23/2016 16:56:00,12.48,12.86,12.42,12.67,61048000
8/24/2016 16:56:00,12.5,12.71,12.37,12.4,44694700
8/25/2016 16:56:00,12.42,12.64,12.35,12.53,40290500
8/26/2016 16:56:00,12.69,12.9,12.45,12.55,50650500
8/29/2016 16:56:00,12.5,12.96,12.45,12.87,36990100
8/30/2016 16:56:00,13.04,13.23,12.97,13.09,51893700
8/31/2016 16:56:00,13.13,13.22,12.71,12.85,61016100
9/1/2016 16:56:00,12.97,13.09,12.76,13,45370000
9/2/2016 16:56:00,13.22,13.58,13.15,13.57,57017000
9/5/2016 16:56:00,13.79,13.93,13.73,13.83,26292200
9/6/2016 16:56:00,13.69,13.98,13.53,13.98,42086900
9/8/2016 16:56:00,14.07,14.29,13.96,14.22,42797300
9/9/2016 16:56:00,13.96,14.02,13.51,13.51,43155300
9/12/2016 16:56:00,13.32,13.95,13.27,13.95,44141000
9/13/2016 16:56:00,13.7,13.85,12.94,13.01,64134000
9/14/2016 16:56:00,13.15,13.36,12.97,13.11,43932500
9/15/2016 16:56:00,13.21,13.56,13.16,13.51,42169100
9/16/2016 16:56:00,13.34,13.42,13.16,13.16,44651900
9/19/2016 16:56:00,13.42,13.54,13.02,13.05,51105500
9/20/2016 16:56:00,13.45,13.63,13.33,13.5,52063100
9/21/2016 16:56:00,13.6,13.69,13.4,13.66,61094100
9/22/2016 16:56:00,13.89,14.09,13.84,14,47574500
9/23/2016 16:56:00,13.98,13.98,13.54,13.69,53264300
9/26/2016 16:56:00,13.59,13.69,13.39,13.4,35545800
9/27/2016 16:56:00,13.4,13.4,12.87,13.12,58098200
9/28/2016 16:56:00,13.3,13.85,13.12,13.85,69032100
9/29/2016 16:56:00,13.8,13.9,13.43,13.43,53143200
9/30/2016 16:56:00,13.53,13.77,13.44,13.57,39275000
10/3/2016 16:56:00,13.67,13.97,13.62,13.97,34444500
10/4/2016 16:56:00,13.98,14.12,13.83,14.02,39717400
10/5/2016 16:56:00,14.19,14.64,14.16,14.58,65242200
10/6/2016 16:56:00,14.71,15.1,14.62,15.1,77003800
10/7/2016 16:56:00,15.23,15.38,14.97,15.26,71691000
10/10/2016 16:56:00,15.52,15.77,15.51,15.73,38724300
10/11/2016 16:56:00,15.61,15.66,15.29,15.39,69314500
10/13/2016 16:56:00,15.19,15.82,15.03,15.76,58212500
10/14/2016 16:56:00,16.01,16.29,15.98,16.26,66150000
10/17/2016 16:56:00,16.24,16.9,16.07,16.9,75002000
10/18/2016 16:56:00,17.21,17.64,17.18,17.42,76995000
10/19/2016 16:56:00,17.72,17.79,17.34,17.62,65212400
10/20/2016 16:56:00,17.31,17.74,17.22,17.74,62901500
10/21/2016 16:56:00,17.65,18.09,17.48,17.95,47961800
10/24/2016 16:56:00,18.26,18.43,18,18.2,51678900
10/25/2016 16:56:00,18.22,18.29,17.71,18,57674100
10/26/2016 16:56:00,17.7,18.25,17.61,18.1,51424400
10/27/2016 16:56:00,18.11,18.49,18.09,18.09,43645900
10/28/2016 16:56:00,17.99,18.29,17.95,18.09,37689700
10/31/2016 16:56:00,18.03,18.17,17.61,17.69,42059100
11/1/2016 16:56:00,17.88,17.88,16.56,16.86,68718800
11/3/2016 16:56:00,16.63,17.03,16.13,16.13,56998700
11/4/2016 16:56:00,16.47,16.58,15.91,15.99,61347700
11/7/2016 16:56:00,16.71,17.21,16.71,17.21,51625300
11/8/2016 16:56:00,17.1,17.48,16.73,17.04,56241000
11/9/2016 16:56:00,15.85,17.1,15.81,16.65,111417100
11/10/2016 16:56:00,17.1,17.18,15.5,15.5,94683900
11/11/2016 16:56:00,15.18,15.46,13.94,14.01,129811400
11/14/2016 16:56:00,13.8,14.18,13.33,14,86623000
11/16/2016 16:56:00,14.55,14.96,14.18,14.74,77406600
11/17/2016 16:56:00,15.15,15.32,14.29,14.29,51535300
11/18/2016 16:56:00,14.37,14.69,14.21,14.52,55041300
11/21/2016 16:56:00,15.05,15.58,14.88,15.58,59122000
11/22/2016 16:56:00,15.93,16.08,15.25,15.93,58636100
11/23/2016 16:56:00,15.72,15.99,15.53,15.85,42490100
11/24/2016 16:56:00,15.9,15.9,15.58,15.58,14725000
11/25/2016 16:56:00,15.25,15.52,15.05,15.3,47630600
11/28/2016 16:56:00,15.2,15.56,15.2,15.46,38747500
11/29/2016 16:56:00,15.3,15.38,14.59,14.66,54075900
11/30/2016 16:56:00,15.9,16.19,15.61,16,82547300
12/1/2016 16:56:00,16,16.35,15.33,15.44,66775400
12/2/2016 16:56:00,15.12,15.91,14.75,15.83,58381500
12/5/2016 16:56:00,16.01,16.09,15.55,15.66,47586500
12/6/2016 16:56:00,16,16.2,15.74,16.15,63916700
12/7/2016 16:56:00,16.3,16.33,15.77,15.86,50247400
12/8/2016 16:56:00,15.97,16,15.52,15.7,41104800
12/9/2016 16:56:00,15.88,15.9,15.52,15.58,37161200
12/12/2016 16:56:00,15.79,15.95,15.48,15.6,35436700
12/13/2016 16:56:00,15.55,15.69,15.38,15.45,33455000
12/14/2016 16:56:00,15.43,15.47,14.74,14.74,44215700
12/15/2016 16:56:00,14.78,14.91,14.33,14.85,43338800
12/16/2016 16:56:00,14.9,15.14,14.76,14.76,37876200
12/19/2016 16:56:00,14.88,14.89,14.35,14.36,39128600
12/20/2016 16:56:00,14.46,14.59,14.1,14.35,31810000
12/21/2016 16:56:00,14.45,14.48,14.04,14.34,32856800
12/22/2016 16:56:00,14.46,14.46,14.01,14.01,42240500
12/23/2016 16:56:00,14.05,14.35,14.01,14.24,21776900
12/26/2016 16:56:00,14.32,14.45,14.27,14.42,5734300
12/27/2016 16:56:00,14.5,14.55,14.26,14.41,14949200
12/28/2016 16:56:00,14.43,14.81,14.36,14.78,18979900
12/29/2016 16:56:00,14.85,14.88,14.52,14.87,18090600
1/2/2017 16:56:00,14.64,14.7,14.6,14.66,7525700
1/3/2017 16:56:00,14.95,15.65,14.95,15.5,39947800
1/4/2017 16:56:00,15.45,15.68,15.31,15.5,37071700
1/5/2017 16:56:00,15.7,15.91,15.62,15.75,47586300
1/6/2017 16:56:00,15.78,15.92,15.5,15.66,25592000
1/9/2017 16:56:00,15.5,15.6,15.33,15.33,25599000
1/10/2017 16:56:00,15.6,15.68,15.39,15.48,26239900
1/11/2017 16:56:00,15.64,15.68,15.27,15.66,34399300
1/12/2017 16:56:00,16.15,16.25,15.9,15.9,49890300
1/13/2017 16:56:00,15.77,15.95,15.57,15.68,34450000
1/16/2017 16:56:00,15.7,15.75,15.58,15.75,20069600
1/17/2017 16:56:00,15.73,15.97,15.72,15.82,28663300
1/18/2017 16:56:00,15.8,15.93,15.71,15.79,24725200
1/19/2017 16:56:00,15.82,15.88,15.58,15.77,21677600
1/20/2017 16:56:00,15.84,16.19,15.81,16,34863500
1/23/2017 16:56:00,15.94,16.09,15.79,15.99,25139100
1/24/2017 16:56:00,16.12,16.43,15.97,16.04,49710600
1/26/2017 16:56:00,16.15,16.19,15.8,15.8,37391900
1/27/2017 16:56:00,15.73,15.87,15.54,15.62,23275300
1/30/2017 16:56:00,15.51,15.53,14.84,14.84,26779500
1/31/2017 16:56:00,14.99,15.37,14.9,15.02,30807200
2/1/2017 16:56:00,15.26,15.41,14.91,15.02,35977000
2/2/2017 16:56:00,14.99,15.28,14.86,14.89,39306700
2/3/2017 16:56:00,14.92,15.34,14.77,15.34,40213400
2/6/2017 16:56:00,15.38,15.47,14.95,14.96,29686500
2/7/2017 16:56:00,15.1,15.16,14.7,14.7,29163900
2/8/2017 16:56:00,14.77,15.1,14.27,15.1,58912900
2/9/2017 16:56:00,15.18,15.24,14.96,15.05,33910300
2/10/2017 16:56:00,15.2,15.63,15.14,15.58,44467000
2/13/2017 16:56:00,15.77,15.91,15.55,15.62,36439100
2/14/2017 16:56:00,15.74,15.95,15.56,15.82,34417400
2/15/2017 16:56:00,15.91,16.05,15.78,15.84,47953300
2/16/2017 16:56:00,15.84,16.07,15.75,15.86,37276900
2/17/2017 16:56:00,15.74,15.9,15.6,15.61,24866600
2/20/2017 16:56:00,15.74,15.98,15.65,15.92,33514000
2/21/2017 16:56:00,16.1,16.23,16.04,16.09,33685800
2/22/2017 16:56:00,16,16.02,15.57,15.7,45255400
2/23/2017 16:56:00,15.94,16.1,15.48,15.56,41208700
2/24/2017 16:56:00,15.35,15.47,15.1,15.18,30412200
3/1/2017 16:56:00,15.51,15.55,15.32,15.52,25661000
3/2/2017 16:56:00,15.44,15.45,14.99,15.11,38490800
3/3/2017 16:56:00,15.22,15.34,15.04,15.32,24516800
3/6/2017 16:56:00,15.11,15.47,15.04,15.1,23325000
3/7/2017 16:56:00,15.18,15.38,15.12,15.18,30927300
3/8/2017 16:56:00,15.16,15.18,14.55,14.55,49300700
3/9/2017 16:56:00,14.34,14.59,14.17,14.5,46467600
3/10/2017 16:56:00,14.72,14.88,14.24,14.31,42454600
3/13/2017 16:56:00,14.33,14.4,14.16,14.37,28295100
3/14/2017 16:56:00,14.07,14.1,13.59,13.59,67172700
3/15/2017 16:56:00,13.86,14.2,13.55,14.2,55593200
3/16/2017 16:56:00,14.26,14.32,13.68,13.71,35362300
3/17/2017 16:56:00,13.81,13.88,13.05,13.16,81797400
3/20/2017 16:56:00,12.98,13.67,12.91,13.6,52351600
3/21/2017 16:56:00,13.61,13.63,12.82,13,46384300
3/22/2017 16:56:00,13.2,13.72,13.03,13.66,62807700
3/23/2017 16:56:00,13.48,13.82,13.42,13.57,36467200
3/24/2017 16:56:00,13.7,13.77,13.34,13.48,30084700
3/27/2017 16:56:00,13.24,13.79,13.02,13.77,32021200
3/28/2017 16:56:00,13.9,14.11,13.77,13.95,44850600
3/29/2017 16:56:00,14.04,14.49,13.93,14.45,43051400
3/30/2017 16:56:00,14.55,14.64,14.35,14.45,32928600
3/31/2017 16:56:00,14.36,14.65,14.26,14.49,33553000
4/3/2017 16:56:00,14.54,14.75,14.53,14.67,39427200
4/4/2017 16:56:00,14.67,14.89,14.57,14.85,24132000
4/5/2017 16:56:00,15.05,15.16,14.5,14.57,49920900
4/6/2017 16:56:00,14.62,14.87,14.42,14.53,34602700
4/7/2017 16:56:00,14.61,14.9,14.6,14.7,33024900
4/10/2017 16:56:00,14.9,14.94,14.7,14.94,37906000
4/11/2017 16:56:00,14.97,14.99,14.55,14.68,38593200
4/12/2017 16:56:00,14.6,14.83,14.58,14.65,42628900
4/13/2017 16:56:00,14.65,14.69,14.08,14.08,44572600
4/17/2017 16:56:00,14.14,14.35,13.97,14.28,46459500
4/18/2017 16:56:00,14.15,14.37,13.95,14.1,45349800
4/19/2017 16:56:00,14.24,14.28,13.55,13.6,41014100
4/20/2017 16:56:00,13.8,13.9,13.63,13.88,28227600
4/24/2017 16:56:00,14.13,14.16,13.92,14.03,27546200
4/25/2017 16:56:00,13.9,14.34,13.8,14.34,32268100
4/26/2017 16:56:00,14.16,14.49,14,14,37045000
4/27/2017 16:56:00,13.99,14.03,13.56,13.73,29078500
4/28/2017 16:56:00,13.85,14.1,13.69,13.97,31061200
5/2/2017 16:56:00,14.06,14.34,13.85,13.99,37830100
5/3/2017 16:56:00,14.04,14.25,13.95,14.16,38357600
5/4/2017 16:56:00,14,14,13.58,13.6,37695400
5/5/2017 16:56:00,13.69,14.21,13.66,14.21,32788100
5/8/2017 16:56:00,14.13,14.35,13.98,14.08,36464300
5/9/2017 16:56:00,14.15,14.24,14.04,14.14,28008600
5/10/2017 16:56:00,14.34,14.75,14.31,14.73,46271700
5/11/2017 16:56:00,14.88,14.92,14.64,14.82,29318000
5/12/2017 16:56:00,15.5,15.58,15.35,15.45,83518200
5/15/2017 16:56:00,15.77,15.87,15.65,15.68,46914700
5/16/2017 16:56:00,15.77,15.78,15.52,15.7,34469300
5/17/2017 16:56:00,15.56,15.72,15.51,15.61,30023400
5/18/2017 16:56:00,12.45,14,12.45,13.15,142924900
5/19/2017 16:56:00,13.75,13.9,13.46,13.62,70983900
5/22/2017 16:56:00,13.35,13.51,13,13.4,55014900
5/23/2017 16:56:00,13.45,13.6,13.38,13.49,48520100
5/24/2017 16:56:00,13.75,14.09,13.69,14.05,54065800
5/25/2017 16:56:00,13.97,14.19,13.63,13.74,45030800
5/26/2017 16:56:00,13.47,13.79,13.4,13.68,63326900
5/29/2017 16:56:00,13.59,13.77,13.55,13.57,16139200
5/30/2017 16:56:00,13.55,13.64,13.36,13.36,34663800
5/31/2017 16:56:00,13.21,13.31,12.95,12.96,45628800
6/1/2017 16:56:00,13.16,13.29,12.82,12.82,42873400
6/2/2017 16:56:00,12.79,13.05,12.68,13.05,43192600
6/5/2017 16:56:00,12.96,13.24,12.92,13.18,31419400
6/6/2017 16:56:00,13.23,13.33,13.03,13.18,35558700
6/7/2017 16:56:00,13.28,13.34,12.81,12.87,44355600
6/8/2017 16:56:00,12.78,12.96,12.71,12.84,27749200
6/9/2017 16:56:00,12.96,13.1,12.83,12.85,30382100
6/12/2017 16:56:00,12.97,13.03,12.77,12.9,30680700
6/13/2017 16:56:00,12.95,13.02,12.77,12.94,22891000
6/14/2017 16:56:00,12.94,13.04,12.61,12.62,67382800
6/16/2017 16:56:00,12.58,12.59,12.21,12.28,73551400
6/19/2017 16:56:00,12.31,12.47,12.22,12.29,45926200
6/20/2017 16:56:00,12.12,12.13,11.76,11.86,54014700
6/21/2017 16:56:00,11.95,12.12,11.59,11.64,58778300
6/22/2017 16:56:00,11.76,12.04,11.72,12.04,42284600
6/23/2017 16:56:00,12.11,12.15,11.87,11.93,33601000
6/26/2017 16:56:00,12.1,12.3,12.04,12.27,42731300
6/27/2017 16:56:00,12.34,12.48,12.13,12.21,45097600
6/28/2017 16:56:00,12.27,12.32,12.01,12.08,32077400
6/29/2017 16:56:00,12.26,12.3,12.09,12.18,24380300
6/30/2017 16:56:00,12.25,12.48,12.19,12.37,29687600
7/3/2017 16:56:00,12.28,12.41,12.22,12.36,31542500
7/4/2017 16:56:00,12.34,12.43,12.32,12.43,12523500
7/5/2017 16:56:00,12.38,12.52,12.12,12.21,41958400
7/6/2017 16:56:00,12.28,12.36,12.08,12.17,51976900
7/7/2017 16:56:00,12.13,12.17,11.85,11.93,42677000
7/10/2017 16:56:00,11.83,12.01,11.74,11.98,21748800
7/11/2017 16:56:00,11.95,12.45,11.9,12.33,45500900
7/12/2017 16:56:00,12.64,12.99,12.51,12.94,66332200
7/13/2017 16:56:00,12.96,13.04,12.8,12.87,32983300
7/14/2017 16:56:00,12.96,13.06,12.91,13.05,35977500
7/17/2017 16:56:00,13.03,13.05,12.87,12.89,28118700
7/18/2017 16:56:00,13,13.02,12.83,12.94,19300700
7/19/2017 16:56:00,13,13.27,12.97,13.23,36513700
7/20/2017 16:56:00,13.29,13.35,13.03,13.1,30114300
7/21/2017 16:56:00,13,13.04,12.67,12.69,38738300
7/24/2017 16:56:00,12.83,12.92,12.77,12.88,16250400
7/25/2017 16:56:00,13.01,13.25,13.01,13.22,29930100
7/26/2017 16:56:00,13.3,13.34,12.98,13.06,29333000
7/27/2017 16:56:00,13.05,13.17,13,13,21825900
7/28/2017 16:56:00,12.98,13.13,12.91,13.13,20980200
7/31/2017 16:56:00,13.22,13.31,13.07,13.29,31397700
8/1/2017 16:56:00,13.3,13.32,13.08,13.12,22999400
8/2/2017 16:56:00,13.13,13.61,13.08,13.51,46342000
8/3/2017 16:56:00,13.57,13.66,13.31,13.31,31300700
8/4/2017 16:56:00,13.41,13.48,13.26,13.4,21560500
8/7/2017 16:56:00,13.35,13.62,13.33,13.55,29832200
8/8/2017 16:56:00,13.5,13.69,13.46,13.49,28907900
8/9/2017 16:56:00,13.51,13.61,13.44,13.52,26980300
8/10/2017 16:56:00,13.6,13.66,13.15,13.19,56194400
8/11/2017 16:56:00,13.14,13.2,12.94,12.95,43025100
8/14/2017 16:56:00,12.98,13.22,12.91,13.08,31607400
8/15/2017 16:56:00,13.08,13.24,13.05,13.15,24737300
8/16/2017 16:56:00,13.3,13.38,13.1,13.13,44946600
8/17/2017 16:56:00,13.12,13.26,13.02,13.05,23503300
8/18/2017 16:56:00,13.16,13.6,13.16,13.6,66263500
8/21/2017 16:56:00,13.64,13.66,13.28,13.34,40485900
8/22/2017 16:56:00,13.7,13.87,13.64,13.79,55240700
8/23/2017 16:56:00,13.78,13.93,13.65,13.76,47679700
8/24/2017 16:56:00,13.78,13.89,13.68,13.8,32300600
8/25/2017 16:56:00,13.87,13.94,13.81,13.88,24185600
8/28/2017 16:56:00,13.93,14.03,13.76,13.87,27208100
8/29/2017 16:56:00,13.76,13.85,13.68,13.85,27306400
8/30/2017 16:56:00,13.79,13.9,13.44,13.45,58871700
8/31/2017 16:56:00,13.53,13.77,13.47,13.65,82909400
9/1/2017 16:56:00,13.85,14.19,13.82,14.02,60260300
9/4/2017 16:56:00,13.96,14.18,13.94,14.17,18139300
9/5/2017 16:56:00,14.57,14.65,14.23,14.41,56476800
9/6/2017 16:56:00,14.65,15.02,14.51,15.02,68418200
9/8/2017 16:56:00,15.1,15.15,14.69,14.71,36337400
9/11/2017 16:56:00,14.88,15.05,14.81,14.99,34915900
9/12/2017 16:56:00,14.98,15.16,14.86,14.87,49702800
9/13/2017 16:56:00,14.94,15.1,14.81,15.03,37010200
9/14/2017 16:56:00,15.03,15.26,15.02,15.04,34413800
9/15/2017 16:56:00,15.07,15.17,14.99,15.04,47784700
9/18/2017 16:56:00,15.02,15.19,14.98,15.04,47601200
9/19/2017 16:56:00,15.1,15.17,14.92,15.14,35822100
9/20/2017 16:56:00,15.25,15.88,15.07,15.87,80267000
9/21/2017 16:56:00,15.85,15.96,15.58,15.67,46258800
9/22/2017 16:56:00,15.6,15.8,15.43,15.69,40928300
9/25/2017 16:56:00,15.79,15.96,15.7,15.84,36733200
9/26/2017 16:56:00,15.86,15.9,15.56,15.56,37874200
9/27/2017 16:56:00,15.7,15.72,15.11,15.31,41819300
9/28/2017 16:56:00,15.37,15.5,15.22,15.34,33829000
9/29/2017 16:56:00,15.5,15.52,15.3,15.3,28638300
10/2/2017 16:56:00,15.19,15.4,15.06,15.4,29826200
10/3/2017 16:56:00,15.6,15.98,15.52,15.98,50636700
10/4/2017 16:56:00,15.9,15.94,15.65,15.66,47798600
10/5/2017 16:56:00,15.88,16.11,15.85,15.9,55361300
10/6/2017 16:56:00,15.66,15.77,15.54,15.69,41741300
10/9/2017 16:56:00,15.61,15.89,15.59,15.89,27904700
10/10/2017 16:56:00,16.13,16.19,16.01,16.19,47066600
10/11/2017 16:56:00,16.17,16.25,16.01,16.08,40422100
10/13/2017 16:56:00,16.23,16.29,16.06,16.08,24210000
10/16/2017 16:56:00,16.16,16.26,16,16.12,44699700
10/17/2017 16:56:00,16.14,16.22,16.07,16.13,25524800
10/18/2017 16:56:00,16.22,16.28,16.13,16.16,25706200
10/19/2017 16:56:00,16,16.16,15.9,16.15,24672800
10/20/2017 16:56:00,16.19,16.39,16.17,16.22,32417500
10/24/2017 16:56:00,16.29,16.51,16.12,16.51,46249500
10/25/2017 16:56:00,16.53,16.73,16.45,16.72,37608200
10/26/2017 16:56:00,16.78,16.89,16.66,16.73,37848300
10/27/2017 16:56:00,16.77,17.09,16.65,17.03,45640100
10/30/2017 16:56:00,16.97,17.17,16.74,16.78,55355600
10/31/2017 16:56:00,16.9,16.95,16.72,16.77,32249000
11/1/2017 16:56:00,16.99,17.1,16.88,16.9,38876600
11/3/2017 16:56:00,16.96,17.01,16.68,16.94,32605400
11/6/2017 16:56:00,17.05,17.44,16.98,17.43,46056100
11/7/2017 16:56:00,17.31,17.35,16.5,16.5,61098400
11/8/2017 16:56:00,16.69,16.95,16.51,16.95,41179600
11/9/2017 16:56:00,16.89,16.94,16.72,16.72,29399400
11/10/2017 16:56:00,16.71,16.81,16.51,16.72,35959400
11/13/2017 16:56:00,16.69,16.77,16.39,16.64,28697700
11/14/2017 16:56:00,16.5,16.5,15.28,15.35,88765600
11/16/2017 16:56:00,15.62,16.04,15.48,15.81,42703800
11/17/2017 16:56:00,15.92,16.12,15.81,16.02,38376900
11/21/2017 16:56:00,16.15,16.31,15.85,15.9,45817800
11/22/2017 16:56:00,16.09,16.24,15.93,16.11,37444900
11/23/2017 16:56:00,15.98,16.26,15.94,16.19,15403600
11/24/2017 16:56:00,16.25,16.37,16.04,16.1,18790700
11/27/2017 16:56:00,16.01,16.02,15.78,15.87,28445800
11/28/2017 16:56:00,15.93,16.04,15.81,15.84,30429600
11/29/2017 16:56:00,15.87,15.92,15.32,15.33,45973000
11/30/2017 16:56:00,15.3,15.47,14.99,15.38,52811400
12/1/2017 16:56:00,15.34,15.77,15.26,15.61,42703800
12/4/2017 16:56:00,15.65,15.8,15.46,15.48,43821500
12/5/2017 16:56:00,15.5,15.83,15.21,15.31,30228000
12/6/2017 16:56:00,15.22,15.7,15.14,15.52,39238500
12/7/2017 16:56:00,15.3,15.49,15.07,15.26,37281400
12/8/2017 16:56:00,15.51,15.68,15.35,15.35,39584500
12/11/2017 16:56:00,15.48,15.57,15.37,15.38,21281600
12/12/2017 16:56:00,15.36,15.49,15.18,15.49,36201200
12/13/2017 16:56:00,15.65,15.68,15.11,15.18,46828900
12/14/2017 16:56:00,15.1,15.31,15,15.01,37177300
12/15/2017 16:56:00,15.05,15.24,14.95,14.95,55668300
12/18/2017 16:56:00,15.16,15.33,15.13,15.22,42760400
12/19/2017 16:56:00,15.18,15.25,15.06,15.14,22639700
12/20/2017 16:56:00,15.21,15.3,15.17,15.24,20149700
12/21/2017 16:56:00,15.31,15.87,15.3,15.86,47219400
12/22/2017 16:56:00,15.75,15.89,15.69,15.75,18708500
12/26/2017 16:56:00,15.75,15.99,15.69,15.97,22173100
12/27/2017 16:56:00,15.99,16.14,15.98,16.05,23552200
12/28/2017 16:56:00,16.1,16.13,16,16.1,19011500
1/2/2018 16:56:00,16.19,16.55,16.19,16.55,33461800
1/3/2018 16:56:00,16.49,16.72,16.37,16.7,55940900
1/4/2018 16:56:00,16.78,16.96,16.62,16.73,37064900
1/5/2018 16:56:00,16.7,16.86,16.57,16.83,26958200
1/8/2018 16:56:00,16.74,17.03,16.71,17.03,28400000
1/9/2018 16:56:00,17.03,17.16,16.96,17.03,35070900
1/10/2018 16:56:00,16.92,17.05,16.77,16.8,28547700
1/11/2018 16:56:00,16.88,17.3,16.84,17.25,37921500
1/12/2018 16:56:00,17.04,17.41,17.02,17.3,45912100
1/15/2018 16:56:00,17.32,17.44,17.15,17.35,28945400
1/16/2018 16:56:00,17.35,17.84,17.3,17.65,58618300
1/17/2018 16:56:00,17.92,18.36,17.81,18.36,58488900
1/18/2018 16:56:00,18.35,18.53,17.93,18.22,48575800
1/19/2018 16:56:00,18.31,18.42,18.03,18.26,33470200
1/22/2018 16:56:00,18.26,18.47,18.09,18.47,33920000
1/23/2018 16:56:00,18.4,18.46,18,18.24,35567700
1/24/2018 16:56:00,18.42,19.63,18.42,19.34,89768200
1/26/2018 16:56:00,19.62,19.98,19.1,19.93,81989500
1/29/2018 16:56:00,19.67,20.05,19.57,19.85,55726200
1/30/2018 16:56:00,19.77,19.77,19.36,19.49,46203000
1/31/2018 16:56:00,19.74,19.93,19.68,19.7,41576600
2/1/2018 16:56:00,19.76,20.62,19.76,20.52,51950200
2/2/2018 16:56:00,20.3,20.42,19.85,19.97,50657800
2/5/2018 16:56:00,19.65,19.97,19.04,19.04,62268600
2/6/2018 16:56:00,18.66,19.99,18.62,19.99,74146500
2/7/2018 16:56:00,19.97,20.22,19.36,19.44,61910300
2/8/2018 16:56:00,19.55,19.74,18.8,19.05,51115100
2/9/2018 16:56:00,19.03,19.39,18.51,18.77,68727600
2/14/2018 16:56:00,19.01,19.36,18.96,19.25,43402800
2/15/2018 16:56:00,19.5,19.54,19.17,19.4,31978000
2/16/2018 16:56:00,19.46,19.58,19.31,19.42,34736300
2/19/2018 16:56:00,19.55,20.1,19.55,20.05,40925500
2/20/2018 16:56:00,19.88,20.82,19.82,20.44,67418700
2/21/2018 16:56:00,20.59,20.88,20.25,20.25,55678400
2/22/2018 16:56:00,20.59,20.82,20.54,20.74,38170900
2/23/2018 16:56:00,20.95,21.14,20.62,21.12,55755600
2/26/2018 16:56:00,21.4,21.69,21.38,21.52,48160500
2/27/2018 16:56:00,21.47,21.85,21.34,21.5,42912500
2/28/2018 16:56:00,21.63,21.77,21.18,21.46,66229400
3/1/2018 16:56:00,21.4,21.46,20.76,21.03,66380900
3/2/2018 16:56:00,20.7,21.51,20.51,21.51,52682900
3/5/2018 16:56:00,21.49,22.17,21.36,22.12,54242600
3/6/2018 16:56:00,22.5,22.63,21.86,21.9,57240800
3/7/2018 16:56:00,21.69,21.97,21.37,21.67,50956600
3/8/2018 16:56:00,21.85,21.88,21.32,21.7,36156800
3/9/2018 16:56:00,21.78,22.39,21.59,22.39,45560000
3/12/2018 16:56:00,22.54,22.59,22.23,22.33,32363900
3/13/2018 16:56:00,22.45,22.54,22.06,22.11,34732800
3/14/2018 16:56:00,22.3,22.44,22.09,22.38,31947600
3/15/2018 16:56:00,22.05,22.18,21.31,21.31,81097800
3/16/2018 16:56:00,21.47,21.74,21.23,21.43,57891900
3/19/2018 16:56:00,21.27,21.36,20.86,20.93,42218400
3/20/2018 16:56:00,21.18,21.41,21.11,21.16,30106800
3/21/2018 16:56:00,21.25,22.09,21.2,22.05,53106300
3/22/2018 16:56:00,21.86,22.04,21.58,21.72,50033300
3/23/2018 16:56:00,21.61,22.11,21.53,21.75,52815800
3/26/2018 16:56:00,22.07,22.2,21.84,22.03,30174900
3/27/2018 16:56:00,22.14,22.18,21.37,21.44,43568100
3/28/2018 16:56:00,21.26,21.41,20.99,21.2,38539300
3/29/2018 16:56:00,21.26,21.56,21.23,21.41,34318800
4/2/2018 16:56:00,21.36,21.46,20.77,20.9,37275000
4/3/2018 16:56:00,21.11,21.19,20.66,20.71,39245800
4/4/2018 16:56:00,20.31,20.6,20.11,20.38,58475700
4/5/2018 16:56:00,21.15,21.33,21.03,21.15,88599000
4/6/2018 16:56:00,20.98,21.28,20.83,21.28,47908900
4/9/2018 16:56:00,21.43,21.44,20.53,20.53,44248900
4/10/2018 16:56:00,20.91,21.51,20.76,21.4,58545100
4/11/2018 16:56:00,21.35,21.9,21.33,21.8,62378300
4/12/2018 16:56:00,21.79,21.94,21.68,21.68,36238700
4/13/2018 16:56:00,21.64,21.74,21.06,21.2,43347800
4/16/2018 16:56:00,21.05,21.24,20.6,20.62,48474200
4/17/2018 16:56:00,20.7,21.08,20.62,21.03,36570400
4/18/2018 16:56:00,21.35,21.87,21.31,21.8,65237400
4/19/2018 16:56:00,22.07,22.4,21.93,22.2,62475200
4/20/2018 16:56:00,22.06,22.46,21.9,22.36,61494800
4/23/2018 16:56:00,22.09,22.48,21.94,22.48,37023300
4/24/2018 16:56:00,22.6,22.77,22.23,22.4,46710300
4/25/2018 16:56:00,22.01,22.13,21.67,21.73,68160600
4/26/2018 16:56:00,22,22.63,21.97,22.63,56674700
4/27/2018 16:56:00,22.84,22.93,22.66,22.71,37858300
4/30/2018 16:56:00,22.73,23.02,22.63,22.97,23681500
5/2/2018 16:56:00,22.67,22.93,22.51,22.6,31778100
5/3/2018 16:56:00,22.54,22.64,21.97,22.45,48855700
5/4/2018 16:56:00,22.45,22.64,22.27,22.27,33599400
5/7/2018 16:56:00,22.57,23.17,22.49,22.65,47815100
5/8/2018 16:56:00,23.06,23.15,22.52,22.91,81198700
5/9/2018 16:56:00,23.3,24.8,23.22,24.78,118032300
5/10/2018 16:56:00,25.14,26.49,24.92,25.75,126907200
5/11/2018 16:56:00,25.83,26.31,25.42,25.44,72996400
5/14/2018 16:56:00,25.85,26.48,25.81,26.24,66938700
5/15/2018 16:56:00,26.35,26.9,25.89,26.79,75230200
5/16/2018 16:56:00,26.87,27.53,26.84,27.39,64486500
5/17/2018 16:56:00,27.35,27.6,25.47,25.95,112487000
5/18/2018 16:56:00,25.01,26.17,24.96,25.65,83206900
5/21/2018 16:56:00,26.1,26.29,24.94,25.05,75971900
5/22/2018 16:56:00,24.81,25.29,24.15,24.71,88109900
5/23/2018 16:56:00,24.23,24.48,23.27,23.27,74622500
5/24/2018 16:56:00,20.05,20.75,19.65,20.08,240343800
5/25/2018 16:56:00,20.65,21.27,19.66,19.8,131188100
5/28/2018 16:56:00,19.2,19.2,16.91,16.91,134504900
5/29/2018 16:56:00,18,19.44,17.6,19.3,181509800
5/30/2018 16:56:00,18.39,19.97,18.13,18.98,125430000
6/1/2018 16:56:00,19.56,19.75,14.9,16.16,216954700
6/4/2018 16:56:00,17.29,17.64,17.05,17.53,93547600
6/5/2018 16:56:00,17.36,17.8,16.59,16.59,67006400
6/6/2018 16:56:00,16.47,16.68,15.87,16.33,69496800
6/7/2018 16:56:00,16,16.16,14.93,15.76,118752700
6/8/2018 16:56:00,15.81,16.19,15.06,15.25,91461500
6/11/2018 16:56:00,15.5,15.8,15.13,15.41,44872500
6/12/2018 16:56:00,15.48,15.68,15.24,15.46,69592600
6/13/2018 16:56:00,15.42,15.5,14.74,15.17,72301200
6/14/2018 16:56:00,15.33,15.55,15.05,15.1,57324600
6/15/2018 16:56:00,15.03,15.07,14.47,14.97,75239300
6/18/2018 16:56:00,14.77,14.89,14.5,14.5,47363800
6/19/2018 16:56:00,14.26,15.72,14.17,15.42,97301500
6/20/2018 16:56:00,15.84,16.48,15.8,16.21,88397300
6/21/2018 16:56:00,16.09,16.32,15.1,15.1,67884300
6/22/2018 16:56:00,15.41,15.68,15.01,15.11,52184500
6/25/2018 16:56:00,15.2,15.79,15.06,15.7,60347200
6/26/2018 16:56:00,15.9,16.12,15.53,16.04,59595900
6/27/2018 16:56:00,16.1,16.98,16.06,16.55,78095000
6/28/2018 16:56:00,16.72,17.07,16.33,16.6,94960700
6/29/2018 16:56:00,16.85,17.19,16.73,17.19,75735100
7/2/2018 16:56:00,16.99,17.48,16.9,17.47,54545600
7/3/2018 16:56:00,17.74,17.89,17.46,17.5,57456700
7/4/2018 16:56:00,17.38,18.45,17.24,17.61,54211000
7/5/2018 16:56:00,18.6,18.8,17.65,17.86,76084700
7/6/2018 16:56:00,17.97,18.09,17.65,17.94,33878700
7/10/2018 16:56:00,18.34,18.35,17.55,17.75,70886200
7/11/2018 16:56:00,17.49,18.08,17.3,17.41,85806300
7/12/2018 16:56:00,17.62,18.02,17.52,17.95,49397900
7/13/2018 16:56:00,17.99,18.18,17.78,18.11,44951900
7/16/2018 16:56:00,17.95,17.98,17.6,17.88,62798900
7/17/2018 16:56:00,17.79,18.4,17.71,18.29,40884300
7/18/2018 16:56:00,18.25,18.4,17.94,18.05,40643800
7/19/2018 16:56:00,17.84,18.4,17.74,18.4,60404900
7/20/2018 16:56:00,19.17,19.48,18.93,19.29,98035200
7/23/2018 16:56:00,19.3,19.47,19.21,19.26,35231500
7/24/2018 16:56:00,19.57,19.87,19.53,19.66,39934600
7/25/2018 16:56:00,19.8,20,19.61,19.96,48759900
7/26/2018 16:56:00,19.95,19.95,19.37,19.41,48144300
7/27/2018 16:56:00,19.6,19.81,19.55,19.77,36509400
7/30/2018 16:56:00,19.95,20.1,19.7,19.89,37053900
7/31/2018 16:56:00,19.62,19.79,19.47,19.72,38641200
8/1/2018 16:56:00,19.59,20.01,19.54,20.01,39141700
8/2/2018 16:56:00,19.99,20.78,19.95,20.41,69008900
8/3/2018 16:56:00,21.4,21.55,21.09,21.11,86908000
8/6/2018 16:56:00,21.15,21.47,20.98,21.04,44528300
8/7/2018 16:56:00,21.33,21.46,20.57,20.71,69136700
8/8/2018 16:56:00,20.81,21.07,20.12,20.14,58211500
8/9/2018 16:56:00,20.26,20.35,19.8,20.34,51253100
8/10/2018 16:56:00,20.1,20.15,19.36,19.59,61789800
8/13/2018 16:56:00,19.5,20.04,19.27,20.04,58306700
8/14/2018 16:56:00,20.28,20.31,19.73,19.98,55180600
8/15/2018 16:56:00,19.64,19.67,19.05,19.05,65651700
8/16/2018 16:56:00,19.32,19.35,18.77,18.95,51201600
8/17/2018 16:56:00,18.75,18.86,18.4,18.46,68328400
8/20/2018 16:56:00,18.37,18.51,18.09,18.36,56315600
8/21/2018 16:56:00,18.27,18.53,17.65,17.72,68735300
8/22/2018 16:56:00,17.7,18.38,17.65,18.35,56623700
8/23/2018 16:56:00,18.35,18.52,17.88,17.95,56284100
8/24/2018 16:56:00,18.35,18.44,18.05,18.3,37893000
8/27/2018 16:56:00,18.41,18.76,18.3,18.71,35428000
8/28/2018 16:56:00,18.76,18.85,18.34,18.35,38079200
8/29/2018 16:56:00,18.5,19.31,18.45,19.3,71434300
8/30/2018 16:56:00,19.15,19.54,18.68,18.8,63981900
8/31/2018 16:56:00,18.95,19.43,18.91,19.26,75767400
9/3/2018 16:56:00,18.99,19.13,18.76,19,25401600
9/4/2018 16:56:00,19.13,19.19,18.62,18.65,39759800
9/5/2018 16:56:00,18.56,18.8,18.23,18.75,53967300
9/6/2018 16:56:00,18.99,19.02,18.48,18.99,54304300
9/10/2018 16:56:00,19.36,19.6,19.05,19.26,58578100
9/11/2018 16:56:00,18.87,18.89,18.43,18.5,56495200
9/12/2018 16:56:00,18.81,19.22,18.64,18.95,59695700
9/13/2018 16:56:00,19.03,19.13,18.62,18.71,36808700
9/14/2018 16:56:00,18.8,18.96,18.48,18.79,55756300
9/17/2018 16:56:00,18.63,19.49,18.63,19.4,71289500
9/18/2018 16:56:00,19.5,20.25,19.47,20.25,72959100
9/19/2018 16:56:00,19.93,20.46,19.83,19.98,60563700
9/20/2018 16:56:00,20.26,20.35,19.75,19.87,56206900
9/21/2018 16:56:00,20.15,20.3,19.95,20.14,58517300
9/24/2018 16:56:00,20.2,20.41,19.92,20,54332900
9/25/2018 16:56:00,19.7,20.15,19.53,20.08,54462300
9/26/2018 16:56:00,20.24,20.3,19.97,20.19,60060800
9/27/2018 16:56:00,20.5,21.46,20.47,21.46,104177300
9/28/2018 16:56:00,21.13,21.94,21.02,21.09,91254600
10/1/2018 16:56:00,21.25,21.36,20.8,21,56540400
10/2/2018 16:56:00,22,22.82,21.9,22.82,127231800
10/3/2018 16:56:00,25.25,25.42,23.46,23.79,152189200
10/4/2018 16:56:00,23.45,24.52,23.21,24.02,99743300
10/5/2018 16:56:00,24.49,24.59,23.66,23.96,104693400
10/8/2018 16:56:00,26.94,26.97,25.75,26.6,188109000
10/9/2018 16:56:00,26.48,27,26.28,26.82,90128800
10/10/2018 16:56:00,26.31,26.39,25.65,26.05,82688000
10/11/2018 16:56:00,26.55,26.75,25.06,25.29,119307500
10/15/2018 16:56:00,25.9,26.12,25.55,25.77,92331900
10/16/2018 16:56:00,26.2,26.73,26.09,26.73,74144800
10/17/2018 16:56:00,26.44,26.63,26.26,26.45,80990300
10/18/2018 16:56:00,26.29,26.34,25.7,25.7,56268900
10/19/2018 16:56:00,26.29,26.34,25.7,25.92,61858300
10/22/2018 16:56:00,26.27,26.6,26.27,26.53,63678000
10/23/2018 16:56:00,26.15,26.48,25.81,26.2,77457300
10/24/2018 16:56:00,26.41,26.99,25.68,25.68,93377100
10/25/2018 16:56:00,26.18,26.64,25.69,26.32,79732200
10/26/2018 16:56:00,26.65,27.6,26.12,27.6,110184900
10/29/2018 16:56:00,26.75,27.27,25.97,26.42,160890100
10/30/2018 16:56:00,26.7,28,26.42,28,107525500
10/31/2018 16:56:00,28.26,28.33,27.3,27.62,84131500
11/1/2018 16:56:00,27.76,28.02,27.11,27.32,98037100
11/5/2018 16:56:00,27.5,28.16,27.41,28.16,60389900
11/6/2018 16:56:00,27.3,28.3,26.99,27.19,95344400
11/7/2018 16:56:00,27.61,27.65,26.26,26.3,95817100
11/8/2018 16:56:00,26.8,27.03,25.35,25.35,119096300
11/9/2018 16:56:00,25.2,25.72,24.68,25.46,94206400
11/12/2018 16:56:00,25.54,25.92,25.29,25.33,63162600
11/13/2018 16:56:00,25.32,25.32,23.95,24.24,112776300
11/14/2018 16:56:00,24.24,25.19,23.91,25.1,104423900
11/16/2018 16:56:00,25.39,26.04,25.17,25.8,100628900
11/19/2018 16:56:00,25.56,26.29,25.43,26,79946400
11/21/2018 16:56:00,25.1,25.48,25.01,25.17,77228100
11/22/2018 16:56:00,25.28,25.36,25.07,25.15,31253600
11/23/2018 16:56:00,24.65,24.8,24.01,24.37,77961200
11/26/2018 16:56:00,24.8,24.99,24.05,24.25,62111600
11/27/2018 16:56:00,24.37,25.7,24.27,25.53,90759000
11/28/2018 16:56:00,25.5,25.87,25.05,25.38,92811300
11/29/2018 16:56:00,24.96,25.5,24.88,25.17,65584300
11/30/2018 16:56:00,25.11,25.56,25.07,25.46,90874500
12/3/2018 16:56:00,26.3,26.53,25.8,25.94,90530000
12/4/2018 16:56:00,26.25,26.33,25.34,25.34,66867500
12/5/2018 16:56:00,25.47,25.72,24.95,25.56,54183300
12/6/2018 16:56:00,24.99,25.12,24.31,24.59,99037200
12/7/2018 16:56:00,24.52,25.47,24.45,24.77,87994700
12/10/2018 16:56:00,24.77,24.9,23.44,23.44,73871100
12/11/2018 16:56:00,23.92,24.07,23.07,23.29,64017600
12/12/2018 16:56:00,23.74,23.9,23.2,23.3,63296400
12/13/2018 16:56:00,23.29,23.45,22.96,23.36,61946100
12/14/2018 16:56:00,23.08,23.33,22.96,23.05,45231700
12/17/2018 16:56:00,23.22,23.27,22.8,22.87,53832000
12/18/2018 16:56:00,22.78,22.8,22,22,74740000
12/19/2018 16:56:00,22.5,23.05,22.06,22.25,171157500
12/20/2018 16:56:00,22.31,22.32,21.35,21.49,141767000
12/21/2018 16:56:00,21.4,21.98,21.25,21.55,90384300
12/26/2018 16:56:00,20.59,21.68,20.42,21.68,77104200
12/27/2018 16:56:00,21.52,21.98,21.28,21.67,74083700
12/28/2018 16:56:00,22.11,22.83,22.08,22.68,61634700
1/2/2019 16:56:00,22.55,24.2,22.28,24.06,104534800
1/3/2019 16:56:00,23.96,24.82,23.8,24.65,95206400
1/4/2019 16:56:00,24.85,24.94,24.47,24.72,72119800
1/7/2019 16:56:00,24.85,25.92,24.7,25.11,121711900
1/8/2019 16:56:00,25.4,25.42,24.77,24.96,68761800
1/9/2019 16:56:00,25.3,25.5,25.15,25.48,70177600
1/10/2019 16:56:00,25.26,25.41,25.07,25.26,54763700
1/11/2019 16:56:00,25.15,25.19,24.84,24.99,53980700
1/14/2019 16:56:00,24.82,25.09,24.66,24.85,46577300
1/15/2019 16:56:00,24.83,25.12,24.7,24.83,53731500
1/16/2019 16:56:00,24.8,24.9,24.66,24.82,40425000
1/17/2019 16:56:00,24.75,25.3,24.68,25.16,50359400
1/18/2019 16:56:00,25.44,25.56,25.28,25.4,67021300
1/21/2019 16:56:00,25.31,25.53,25.1,25.53,45336500
1/22/2019 16:56:00,25.26,25.5,25.02,25.13,61307000
1/23/2019 16:56:00,25.33,25.54,25.16,25.43,52931600
1/24/2019 16:56:00,25.4,25.54,25.32,25.54,40109000
1/28/2019 16:56:00,25.29,25.53,24.74,24.77,65079900
1/29/2019 16:56:00,25.25,25.56,25.11,25.37,59419200
1/30/2019 16:56:00,25.81,25.93,25.47,25.62,62607500
1/31/2019 16:56:00,25.87,25.96,25.56,25.58,63253600
2/1/2019 16:56:00,25.5,25.85,25.37,25.8,47957400
2/4/2019 16:56:00,25.84,26.12,25.6,26.03,53874900
2/5/2019 16:56:00,25.91,26.1,25.81,26.08,40989100
2/6/2019 16:56:00,25.8,25.84,25.32,25.49,64527000
2/7/2019 16:56:00,25.6,25.85,24.66,25.09,55614100
2/8/2019 16:56:00,24.8,25.28,24.73,25.13,40153900
2/11/2019 16:56:00,25.17,25.17,24.54,24.84,39617300
2/12/2019 16:56:00,25.32,25.85,25.23,25.72,72467200
2/13/2019 16:56:00,26.02,26.21,25.85,26.05,69042200
2/14/2019 16:56:00,26.17,26.95,26,26.95,81125500
2/15/2019 16:56:00,26.86,27.02,26.71,26.84,63841800
2/18/2019 16:56:00,26.59,26.79,26.41,26.76,43379000
2/19/2019 16:56:00,26.86,27.4,26.84,27.38,58041900
2/20/2019 16:56:00,27.5,27.66,26.87,27.04,55114500
2/21/2019 16:56:00,27.18,27.49,26.82,27.4,46559400
2/22/2019 16:56:00,27.55,27.7,27.13,27.13,36602000
2/25/2019 16:56:00,27,27.03,26.63,26.7,54190800
2/26/2019 16:56:00,26.76,27.14,26.57,26.58,46504200
2/27/2019 16:56:00,26.84,27.25,26.63,27.08,49131400
2/28/2019 16:56:00,27.72,27.75,26.6,27.06,93065100
3/1/2019 16:56:00,27.14,27.25,26.63,26.7,41978700
3/6/2019 16:56:00,26.55,26.76,26.47,26.76,18423400
3/7/2019 16:56:00,26.8,26.91,26.49,26.77,32835300
3/8/2019 16:56:00,26.49,26.75,26.22,26.67,49564400
3/11/2019 16:56:00,27.02,27.78,27.01,27.75,66742800
3/12/2019 16:56:00,27.79,27.96,27.25,27.5,64287300
3/13/2019 16:56:00,27.59,28.13,27.52,28.1,61057200
3/14/2019 16:56:00,28.15,28.2,27.91,28.19,42777800
3/15/2019 16:56:00,28.16,28.39,28.11,28.25,61041100
3/18/2019 16:56:00,28.35,28.79,28.26,28.74,91920600
3/19/2019 16:56:00,28.85,29.5,28.6,29.2,69423600
3/20/2019 16:56:00,29.2,29.6,28.9,28.97,68878000
3/21/2019 16:56:00,28.84,28.97,27.92,28.56,80121300
3/22/2019 16:56:00,27.94,28.14,27,27,104731100
3/25/2019 16:56:00,26.83,27.59,26.82,27.34,104772900
3/26/2019 16:56:00,27.74,28.68,27.72,28.63,91549100
3/27/2019 16:56:00,28.21,28.21,27.34,27.34,66415400
3/28/2019 16:56:00,27.25,28.06,26.95,28.06,69412700
3/29/2019 16:56:00,28.45,28.53,27.74,28.06,51587400
4/1/2019 16:56:00,28.4,28.42,27.87,28,42289800
4/2/2019 16:56:00,28.14,28.3,27.86,28.29,38460600
4/3/2019 16:56:00,28.53,28.56,27.54,27.54,55120900
4/4/2019 16:56:00,27.77,28.47,27.37,28.47,52248100
4/5/2019 16:56:00,28.54,28.89,28.21,28.78,54708900
4/8/2019 16:56:00,29.06,29.39,28.98,29.25,55270000
4/9/2019 16:56:00,29.03,29.24,28.67,29.16,43863700
4/10/2019 16:56:00,29.55,29.57,28.78,28.78,62005200
4/11/2019 16:56:00,28.7,28.7,27.87,28,56126400
4/12/2019 16:56:00,26.47,26.97,25.57,25.83,227307600
4/15/2019 16:56:00,26.35,26.58,25.55,25.93,117567200
4/16/2019 16:56:00,25.95,27.06,25.63,26.72,95149300
4/17/2019 16:56:00,27.12,27.34,26.22,26.75,103988400
4/18/2019 16:56:00,27.36,27.89,27.25,27.6,100942100
4/22/2019 16:56:00,27.69,27.89,27.32,27.44,45321900
4/23/2019 16:56:00,27.72,28,27.68,27.68,52199500
4/24/2019 16:56:00,27.72,27.89,27.21,27.6,57704700
4/25/2019 16:56:00,27.45,28.07,27.43,27.8,55201700
4/26/2019 16:56:00,27.68,27.77,27.06,27.25,52616600
4/29/2019 16:56:00,27.55,27.62,27.34,27.37,27689800
4/30/2019 16:56:00,27.52,27.66,26.98,27.11,39570700
5/2/2019 16:56:00,26.8,26.82,26.52,26.73,37820300
5/3/2019 16:56:00,26.9,27.07,26.85,26.85,33334800
5/6/2019 16:56:00,26.39,26.77,26.36,26.77,31715900
5/7/2019 16:56:00,26.65,26.66,26.12,26.35,52454400
5/8/2019 16:56:00,26.31,27.47,26.29,27.37,71780300
5/9/2019 16:56:00,27.1,27.12,26.64,26.83,46663300
5/10/2019 16:56:00,26.87,26.92,26.42,26.68,33336000
5/13/2019 16:56:00,26.21,26.47,25.82,25.9,43146100
5/14/2019 16:56:00,26.17,26.23,25.85,26,34968600
5/15/2019 16:56:00,25.74,25.89,25.66,25.88,37053900
5/16/2019 16:56:00,25.77,26.04,25.24,25.27,46502200
5/17/2019 16:56:00,25.05,25.42,24.47,24.68,67291200
5/20/2019 16:56:00,24.68,25.52,24.64,25.52,54472000
5/21/2019 16:56:00,25.7,26.49,25.42,26.49,57846700
5/22/2019 16:56:00,26.34,26.47,25.96,26.29,48439300
5/23/2019 16:56:00,25.9,25.92,25.52,25.84,49527400
5/24/2019 16:56:00,26.15,26.36,25.93,26.09,35915100
5/27/2019 16:56:00,26.3,26.54,26.17,26.24,33892000
5/28/2019 16:56:00,26.13,26.8,26.13,26.8,60774600
5/29/2019 16:56:00,26.49,26.71,26.26,26.5,43124400
5/30/2019 16:56:00,26.51,26.86,25.99,26.15,71847200
5/31/2019 16:56:00,25.79,26.27,25.42,25.55,63137200
6/3/2019 16:56:00,25.88,26.32,25.85,25.99,53470600
6/4/2019 16:56:00,26.29,26.37,26.03,26.2,37331100
6/5/2019 16:56:00,26.18,26.29,25.56,25.86,65282100
6/6/2019 16:56:00,26.17,26.63,25.72,26.28,87836900
6/7/2019 16:56:00,26.69,26.83,26.37,26.76,52235500
6/10/2019 16:56:00,26.6,26.89,26.52,26.65,39666800
6/11/2019 16:56:00,26.89,27.29,26.71,27.16,52437000
6/12/2019 16:56:00,27.02,27.12,26.64,26.85,43392200
6/13/2019 16:56:00,27.15,27.39,27.08,27.18,48981600
6/14/2019 16:56:00,27.2,27.25,26.9,27.06,42802400
6/17/2019 16:56:00,27.08,27.43,26.96,27.11,49290000
6/18/2019 16:56:00,27.3,27.52,27.25,27.45,31332800
6/19/2019 16:56:00,27.35,27.59,27.22,27.52,33286300
6/21/2019 16:56:00,27.95,28.39,27.95,28.28,58424700
6/24/2019 16:56:00,28.32,28.38,28.12,28.25,27365000
6/25/2019 16:56:00,28.14,28.16,27.38,27.51,56472100
6/26/2019 16:56:00,27.55,27.93,27.52,27.67,48901500
6/27/2019 16:56:00,27.44,27.55,27.01,27.23,55219200
6/28/2019 16:56:00,27.45,27.61,27.11,27.41,40262000
7/1/2019 16:56:00,27.84,28.03,27.21,27.26,46759100
7/2/2019 16:56:00,27.26,27.26,26.65,26.82,57954200
7/3/2019 16:56:00,27.04,27.2,26.89,27.13,33975800
7/4/2019 16:56:00,27.38,27.58,27.32,27.39,28577400
7/5/2019 16:56:00,27.27,27.59,27.13,27.4,27414700
7/8/2019 16:56:00,27.5,27.72,27.44,27.65,25318200
7/10/2019 16:56:00,28,28.27,27.97,28.07,50715800
7/11/2019 16:56:00,28.2,28.51,28.16,28.4,48206900
7/12/2019 16:56:00,28.54,28.74,28.41,28.53,40908900
7/15/2019 16:56:00,28.59,28.65,28.18,28.18,36592400
7/16/2019 16:56:00,28.28,28.33,27.6,27.83,54789300
7/17/2019 16:56:00,27.99,28,27.64,27.68,28923500
7/18/2019 16:56:00,27.76,27.81,27.43,27.51,35830700
7/19/2019 16:56:00,27.5,27.6,27.37,27.44,28418900
7/22/2019 16:56:00,27.62,27.75,27.36,27.49,22304400
7/23/2019 16:56:00,27.51,27.63,27.4,27.52,21124400
7/24/2019 16:56:00,27.59,27.64,27.3,27.35,27939600
7/25/2019 16:56:00,27.47,27.5,26.81,26.89,26892300
7/26/2019 16:56:00,26.8,26.8,26.1,26.14,75644000
7/29/2019 16:56:00,26.22,26.44,25.96,26.38,26493300
7/30/2019 16:56:00,26.35,26.49,26.18,26.24,38201600
7/31/2019 16:56:00,26.39,26.5,26.02,26.08,39890200
8/1/2019 16:56:00,26.3,26.56,25.16,26.25,91345800
8/2/2019 16:56:00,26.37,26.89,26.28,26.52,64112900
8/5/2019 16:56:00,25.8,26.13,25.52,25.55,48277000
8/6/2019 16:56:00,25.9,26.22,25.68,25.88,44208100
8/7/2019 16:56:00,25.44,25.73,25,25.6,67698500
8/8/2019 16:56:00,26.1,26.35,25.86,26.35,50256700
8/9/2019 16:56:00,26.3,26.69,26.1,26.28,36641500
8/12/2019 16:56:00,25.92,25.92,25.54,25.65,36122000
8/13/2019 16:56:00,25.36,26.13,25.23,25.79,45330500
8/14/2019 16:56:00,25.26,25.38,24.78,24.92,54401100
8/15/2019 16:56:00,24.99,25,24.14,24.23,53894500
8/16/2019 16:56:00,24.72,24.77,23.89,23.91,56782000
8/19/2019 16:56:00,24.3,24.5,23.85,24.03,50699300
8/20/2019 16:56:00,23.91,24.19,23.68,24.02,37141700
8/21/2019 16:56:00,24.35,25.99,24.18,25.45,87840800
8/22/2019 16:56:00,25.5,25.72,25.16,25.22,40808800
8/23/2019 16:56:00,24.78,25.37,24.23,24.28,58032300
8/26/2019 16:56:00,24.58,24.68,23.77,23.96,39688800
8/27/2019 16:56:00,24.17,24.82,23.81,24.34,70475200
8/28/2019 16:56:00,24.2,24.7,24.12,24.59,41981500
8/29/2019 16:56:00,24.9,25.5,24.68,25.5,61008800
8/30/2019 16:56:00,25.53,25.69,25.17,25.5,54958200
9/2/2019 16:56:00,25.39,25.58,25.25,25.3,19049900
9/3/2019 16:56:00,25.11,25.66,25.03,25.6,47829600
9/4/2019 16:56:00,26.16,26.37,26,26.26,56179000
9/5/2019 16:56:00,26.6,26.79,26.34,26.39,48586800
9/6/2019 16:56:00,26.4,26.86,26.2,26.52,48502200
9/9/2019 16:56:00,26.75,27.02,26.7,26.93,37303000
9/10/2019 16:56:00,27.05,27.35,26.78,27.1,44109400
9/11/2019 16:56:00,27.35,27.35,26.83,26.87,51540400
9/12/2019 16:56:00,26.86,27.14,26.64,27.06,41028300
9/13/2019 16:56:00,27.12,27.2,26.82,26.88,24709400
9/16/2019 16:56:00,28.12,28.24,27.69,28.06,167634600
9/17/2019 16:56:00,27.66,27.75,27.16,27.69,67414800
9/18/2019 16:56:00,27.37,27.49,27.22,27.22,40567100
9/19/2019 16:56:00,27.83,27.85,27.22,27.29,42155100
9/20/2019 16:56:00,27.35,27.43,27,27,51946900
9/23/2019 16:56:00,27,27.49,26.92,27.48,32643100
9/24/2019 16:56:00,27.42,27.54,27.15,27.27,36643400
9/25/2019 16:56:00,27.03,27.35,26.78,27.34,29038400
9/26/2019 16:56:00,27.4,27.7,27.23,27.7,33705900
9/27/2019 16:56:00,27.55,27.95,27.52,27.66,31886800
9/30/2019 16:56:00,27.56,27.64,27.4,27.55,23143400
10/1/2019 16:56:00,27.6,27.73,27.36,27.51,32423200
10/2/2019 16:56:00,27.22,27.26,26.61,26.72,51261200
10/3/2019 16:56:00,26.75,26.81,26.28,26.74,46076300
10/4/2019 16:56:00,26.85,26.92,26.27,26.51,47951600
10/7/2019 16:56:00,26.37,26.6,26.1,26.17,26252500
10/8/2019 16:56:00,26.17,26.44,25.95,26.02,30418900
10/9/2019 16:56:00,26.35,26.71,26.15,26.52,35141400
10/10/2019 16:56:00,26.59,26.88,26.54,26.74,31056500
10/11/2019 16:56:00,26.93,27.36,26.93,27.26,37055300
10/14/2019 16:56:00,27.04,27.33,26.94,27.31,20809900
10/15/2019 16:56:00,27.31,27.88,27.31,27.6,30455300
10/16/2019 16:56:00,27.55,27.97,27.36,27.93,31381300
10/17/2019 16:56:00,27.93,28,27.59,27.66,31405400
10/18/2019 16:56:00,27.89,27.99,27.6,27.6,36070900
10/21/2019 16:56:00,27.75,27.81,27.6,27.77,43337700
10/22/2019 16:56:00,27.8,28.68,27.77,28.57,64228700
10/23/2019 16:56:00,28.53,29.08,28.45,28.95,45930600
10/24/2019 16:56:00,29.15,29.25,28.23,28.32,60529900
10/25/2019 16:56:00,29.2,29.55,29.01,29.25,74476900
10/28/2019 16:56:00,29.22,29.66,29.12,29.6,37461800
10/29/2019 16:56:00,29.4,29.94,29.26,29.82,49994200
10/30/2019 16:56:00,29.77,30.09,29.47,30.08,63001200
10/31/2019 16:56:00,29.86,30.46,29.64,30.39,67070400
11/1/2019 16:56:00,30.59,31.23,29.84,30.43,101210200
11/4/2019 16:56:00,30.89,31.22,29.96,30.36,81023400
11/5/2019 16:56:00,30.41,30.6,29.58,29.65,92980900
11/6/2019 16:56:00,30.05,30.7,28.1,29.71,154003100
11/7/2019 16:56:00,30,31.07,29.54,30.9,96329000
11/8/2019 16:56:00,30.45,30.79,29.93,30.02,61567700
11/11/2019 16:56:00,29.85,30.45,29.79,30.45,30570500
11/12/2019 16:56:00,30.04,30.61,30.01,30.02,41655600
11/13/2019 16:56:00,29.95,30.13,29.61,29.9,41827700
11/14/2019 16:56:00,29.88,30.1,29.27,29.3,44595200
