Date,Open,High,Low,Close,Volume,sent_value
4/1/2016 16:56:00,8.36,8.36,8.36,8.36,374500,0.0
4/4/2016 16:56:00,7.54,7.54,7.54,7.54,865300,0.0
4/5/2016 16:56:00,7.8,7.8,7.8,7.8,684100,0.0
4/6/2016 16:56:00,7.58,7.58,7.58,7.58,457400,0.0
4/7/2016 16:56:00,7.7,7.7,7.7,7.7,324800,0.0
4/8/2016 16:56:00,8.13,8.34,8.04,8.26,84448200,0.0
4/11/2016 16:56:00,8.39,8.39,8.39,8.39,449600,0.0
4/12/2016 16:56:00,9.04,9.04,9.04,9.04,648900,0.0
4/13/2016 16:56:00,9.49,9.49,9.49,9.49,782300,0.0
4/14/2016 16:56:00,9.73,9.77,9.12,9.16,77355500,0.0
4/15/2016 16:56:00,9.25,9.83,9.07,9.69,95590000,0.0
4/18/2016 16:56:00,9.65,9.72,8.89,9.24,88873100,0.0
4/19/2016 16:56:00,9.61,9.61,9.61,9.61,370500,0.0
4/20/2016 16:56:00,9.4,9.64,9.34,9.48,53295800,0.0
4/21/2016 16:56:00,9.5,9.5,9.5,9.5,352100,0.0
4/22/2016 16:56:00,9.32,9.93,9.29,9.75,63322900,0.0
4/25/2016 16:56:00,9.71,9.9,9.33,9.33,56585400,-0.550797
4/26/2016 16:56:00,9.48,9.74,9.34,9.67,40460400,0.0
4/27/2016 16:56:00,9.85,10.3,9.77,10.25,86397900,0.0
4/29/2016 16:56:00,10.23,10.54,10.01,10.23,53931300,0.0
5/2/2016 16:56:00,10.25,10.36,9.93,10.17,48618800,0.0
5/3/2016 16:56:00,10.01,10.09,9.71,9.78,47074700,0.0
5/4/2016 16:56:00,9.85,10.15,9.85,9.92,43389500,0.0
5/5/2016 16:56:00,10.28,10.3,9.6,9.81,65074500,0.0
5/6/2016 16:56:00,9.63,10.13,9.58,10.08,45330900,-0.612096
5/9/2016 16:56:00,10.01,10.05,8.84,9.48,94688100,0.0
5/10/2016 16:56:00,9.82,10.21,9.72,10.21,53055800,0.0
5/11/2016 16:56:00,10.39,10.5,9.99,10.25,74542300,0.0
5/12/2016 16:56:00,10.4,10.47,9.79,9.79,67229100,0.0
5/13/2016 16:56:00,9.93,10.06,9.39,9.46,70472200,0.0
5/16/2016 16:56:00,9.55,9.85,9.52,9.75,61487700,0.0
5/17/2016 16:56:00,9.83,9.88,9.46,9.5,46379500,-0.73563
5/18/2016 16:56:00,9.31,9.65,9.27,9.32,51929100,0.0
5/19/2016 16:56:00,9.25,9.25,8.65,8.96,75430200,-0.719283
5/20/2016 16:56:00,9.2,9.46,8.9,8.9,65173100,0.0
5/23/2016 16:56:00,8.55,8.67,8.42,8.5,51330000,0.0
5/24/2016 16:56:00,8.69,8.85,8.45,8.53,44823400,-0.734571
5/25/2016 16:56:00,8.68,8.94,8.59,8.67,45512600,0.0
5/27/2016 16:56:00,8.5,8.57,8.23,8.23,47488600,0.0
5/30/2016 16:56:00,8.18,8.62,8.06,8.38,32281900,0.0
5/31/2016 16:56:00,8.36,8.57,8.04,8.04,58662600,0.0
6/1/2016 16:56:00,8.09,8.25,7.86,8.18,45884400,-0.649319
6/2/2016 16:56:00,8.19,8.41,8.03,8.32,52835100,0.0
6/3/2016 16:56:00,8.51,8.67,8.45,8.57,45595300,0.0
6/6/2016 16:56:00,8.7,8.78,8.45,8.46,37117600,0.0
6/7/2016 16:56:00,8.42,8.72,8.39,8.62,34401600,0.0
6/8/2016 16:56:00,8.8,9.41,8.8,9.39,77194700,0.0
6/9/2016 16:56:00,9.28,9.38,9.05,9.18,46539900,0.0
6/10/2016 16:56:00,8.97,8.99,8.78,8.78,38859900,0.0
6/13/2016 16:56:00,8.58,8.84,8.52,8.62,37094100,0.638036
6/14/2016 16:56:00,8.6,8.77,8.25,8.3,66180300,0.61774
6/15/2016 16:56:00,8.3,8.69,8.27,8.51,84556900,-0.742015
6/16/2016 16:56:00,8.41,8.54,8.28,8.5,46834500,0.0
6/17/2016 16:56:00,8.75,8.95,8.73,8.95,63144100,0.0
6/20/2016 16:56:00,9.22,9.37,9.12,9.18,63791500,0.642903
6/21/2016 16:56:00,9.09,9.54,8.94,9.53,53703900,0.0
6/22/2016 16:56:00,9.61,9.75,9.34,9.34,61983000,0.0
6/23/2016 16:56:00,9.59,9.7,9.51,9.67,48031300,0.0
6/24/2016 16:56:00,9.0,9.33,8.92,9.25,75974900,0.0
6/27/2016 16:56:00,9.22,9.34,8.78,8.78,58818400,0.0
6/28/2016 16:56:00,9.1,9.28,9.07,9.2,45291700,0.0
6/29/2016 16:56:00,9.43,9.57,9.32,9.5,56093600,0.0
6/30/2016 16:56:00,9.42,9.49,9.24,9.42,43741300,0.0
7/1/2016 16:56:00,9.48,9.85,9.37,9.82,49290800,0.0
7/4/2016 16:56:00,9.95,10.05,9.79,9.87,24505100,0.615986
7/5/2016 16:56:00,9.65,9.67,9.23,9.29,69691200,0.0
7/6/2016 16:56:00,9.09,9.52,8.95,9.5,68781500,0.0
7/7/2016 16:56:00,9.66,9.98,9.52,9.56,81610300,0.0
7/8/2016 16:56:00,9.85,9.94,9.67,9.84,42647600,0.0
7/11/2016 16:56:00,10.0,10.37,9.98,10.36,66717300,0.0
7/12/2016 16:56:00,10.61,10.8,10.58,10.65,58174200,0.0
7/13/2016 16:56:00,10.47,10.63,10.21,10.63,64252100,0.0
7/14/2016 16:56:00,10.92,10.98,10.66,10.93,53059500,0.0
7/15/2016 16:56:00,10.91,11.06,10.82,11.02,51223500,0.0
7/18/2016 16:56:00,10.97,11.74,10.87,11.55,77358900,0.0
7/19/2016 16:56:00,11.51,11.97,11.5,11.78,53692000,0.0
7/20/2016 16:56:00,11.82,11.9,11.54,11.82,49261200,0.0
7/21/2016 16:56:00,11.77,11.99,11.73,11.85,37748600,0.0
7/22/2016 16:56:00,11.84,11.97,11.72,11.94,33938400,0.0
7/25/2016 16:56:00,11.98,12.25,11.91,12.03,47192000,0.0
7/26/2016 16:56:00,11.95,12.07,11.85,11.88,38304800,-0.471082
7/27/2016 16:56:00,11.99,12.04,11.51,11.51,51952100,0.0
7/28/2016 16:56:00,11.4,11.55,11.15,11.44,40663100,0.0
7/29/2016 16:56:00,11.76,11.98,11.61,11.87,60740000,-0.56492
8/1/2016 16:56:00,11.93,11.97,11.22,11.25,52012300,0.0
8/2/2016 16:56:00,11.33,11.62,11.1,11.36,49134600,0.0
8/3/2016 16:56:00,11.58,11.9,11.33,11.9,55695500,0.0
8/4/2016 16:56:00,11.93,12.12,11.87,12.01,63207500,0.0
8/5/2016 16:56:00,12.12,12.17,11.65,11.65,54225900,0.0
8/8/2016 16:56:00,11.79,11.97,11.7,11.91,41552000,0.0
8/9/2016 16:56:00,11.92,12.07,11.75,11.88,33596200,0.0
8/10/2016 16:56:00,11.95,11.97,11.56,11.56,41638400,0.0
8/11/2016 16:56:00,11.63,12.1,11.6,12.1,55881500,0.0
8/12/2016 16:56:00,12.05,12.44,11.98,12.0,71281300,0.0
8/15/2016 16:56:00,12.19,12.37,12.07,12.31,53568000,0.0
8/16/2016 16:56:00,12.31,12.56,12.14,12.49,48218700,0.0
8/17/2016 16:56:00,12.47,12.76,12.32,12.76,46809100,0.0
8/18/2016 16:56:00,12.8,13.03,12.78,12.88,44941100,0.0
8/19/2016 16:56:00,12.82,12.92,12.7,12.79,33360000,-0.682373
8/22/2016 16:56:00,12.63,12.63,12.3,12.35,43258900,0.0
8/23/2016 16:56:00,12.48,12.86,12.42,12.67,61048000,0.0
8/24/2016 16:56:00,12.5,12.71,12.37,12.4,44694700,0.0
8/25/2016 16:56:00,12.42,12.64,12.35,12.53,40290500,-0.828471
8/26/2016 16:56:00,12.69,12.9,12.45,12.55,50650500,0.0
8/29/2016 16:56:00,12.5,12.96,12.45,12.87,36990100,0.0
8/30/2016 16:56:00,13.04,13.23,12.97,13.09,51893700,0.0
8/31/2016 16:56:00,13.13,13.22,12.71,12.85,61016100,0.0
9/1/2016 16:56:00,12.97,13.09,12.76,13.0,45370000,0.0
9/2/2016 16:56:00,13.22,13.58,13.15,13.57,57017000,0.0
9/5/2016 16:56:00,13.79,13.93,13.73,13.83,26292200,0.0
9/6/2016 16:56:00,13.69,13.98,13.53,13.98,42086900,0.0
9/8/2016 16:56:00,14.07,14.29,13.96,14.22,42797300,0.0
9/9/2016 16:56:00,13.96,14.02,13.51,13.51,43155300,0.0
9/12/2016 16:56:00,13.32,13.95,13.27,13.95,44141000,0.0
9/13/2016 16:56:00,13.7,13.85,12.94,13.01,64134000,0.0
9/14/2016 16:56:00,13.15,13.36,12.97,13.11,43932500,-0.607321
9/15/2016 16:56:00,13.21,13.56,13.16,13.51,42169100,0.0
9/16/2016 16:56:00,13.34,13.42,13.16,13.16,44651900,0.0
9/19/2016 16:56:00,13.42,13.54,13.02,13.05,51105500,-0.636739
9/20/2016 16:56:00,13.45,13.63,13.33,13.5,52063100,0.0
9/21/2016 16:56:00,13.6,13.69,13.4,13.66,61094100,0.0
9/22/2016 16:56:00,13.89,14.09,13.84,14.0,47574500,0.0
9/23/2016 16:56:00,13.98,13.98,13.54,13.69,53264300,0.0
9/26/2016 16:56:00,13.59,13.69,13.39,13.4,35545800,0.0
9/27/2016 16:56:00,13.4,13.4,12.87,13.12,58098200,0.0
9/28/2016 16:56:00,13.3,13.85,13.12,13.85,69032100,0.0
9/29/2016 16:56:00,13.8,13.9,13.43,13.43,53143200,0.0
9/30/2016 16:56:00,13.53,13.77,13.44,13.57,39275000,0.0
10/3/2016 16:56:00,13.67,13.97,13.62,13.97,34444500,0.0
10/4/2016 16:56:00,13.98,14.12,13.83,14.02,39717400,0.0
10/5/2016 16:56:00,14.19,14.64,14.16,14.58,65242200,-0.629759
10/6/2016 16:56:00,14.71,15.1,14.62,15.1,77003800,0.0
10/7/2016 16:56:00,15.23,15.38,14.97,15.26,71691000,0.0
10/10/2016 16:56:00,15.52,15.77,15.51,15.73,38724300,0.0
10/11/2016 16:56:00,15.61,15.66,15.29,15.39,69314500,-0.692863
10/13/2016 16:56:00,15.19,15.82,15.03,15.76,58212500,0.0
10/14/2016 16:56:00,16.01,16.29,15.98,16.26,66150000,0.0
10/17/2016 16:56:00,16.24,16.9,16.07,16.9,75002000,0.0
10/18/2016 16:56:00,17.21,17.64,17.18,17.42,76995000,0.0
10/19/2016 16:56:00,17.72,17.79,17.34,17.62,65212400,0.0
10/20/2016 16:56:00,17.31,17.74,17.22,17.74,62901500,0.0
10/21/2016 16:56:00,17.65,18.09,17.48,17.95,47961800,0.0
10/24/2016 16:56:00,18.26,18.43,18.0,18.2,51678900,0.0
10/25/2016 16:56:00,18.22,18.29,17.71,18.0,57674100,0.0
10/26/2016 16:56:00,17.7,18.25,17.61,18.1,51424400,0.0
10/27/2016 16:56:00,18.11,18.49,18.09,18.09,43645900,0.0
10/28/2016 16:56:00,17.99,18.29,17.95,18.09,37689700,0.0
10/31/2016 16:56:00,18.03,18.17,17.61,17.69,42059100,0.0
11/1/2016 16:56:00,17.88,17.88,16.56,16.86,68718800,0.0
11/3/2016 16:56:00,16.63,17.03,16.13,16.13,56998700,-0.664508
11/4/2016 16:56:00,16.47,16.58,15.91,15.99,61347700,0.0
11/7/2016 16:56:00,16.71,17.21,16.71,17.21,51625300,0.0
11/8/2016 16:56:00,17.1,17.48,16.73,17.04,56241000,0.0
11/9/2016 16:56:00,15.85,17.1,15.81,16.65,111417100,0.0
11/10/2016 16:56:00,17.1,17.18,15.5,15.5,94683900,0.0
11/11/2016 16:56:00,15.18,15.46,13.94,14.01,129811400,0.0
11/14/2016 16:56:00,13.8,14.18,13.33,14.0,86623000,-0.612343
11/16/2016 16:56:00,14.55,14.96,14.18,14.74,77406600,0.0
11/17/2016 16:56:00,15.15,15.32,14.29,14.29,51535300,0.0
11/18/2016 16:56:00,14.37,14.69,14.21,14.52,55041300,0.0
11/21/2016 16:56:00,15.05,15.58,14.88,15.58,59122000,0.0
11/22/2016 16:56:00,15.93,16.08,15.25,15.93,58636100,0.0
11/23/2016 16:56:00,15.72,15.99,15.53,15.85,42490100,0.0
11/24/2016 16:56:00,15.9,15.9,15.58,15.58,14725000,0.0
11/25/2016 16:56:00,15.25,15.52,15.05,15.3,47630600,0.0
11/28/2016 16:56:00,15.2,15.56,15.2,15.46,38747500,0.0
11/29/2016 16:56:00,15.3,15.38,14.59,14.66,54075900,0.0
11/30/2016 16:56:00,15.9,16.19,15.61,16.0,82547300,0.0
12/1/2016 16:56:00,16.0,16.35,15.33,15.44,66775400,0.0
12/2/2016 16:56:00,15.12,15.91,14.75,15.83,58381500,0.0
12/5/2016 16:56:00,16.01,16.09,15.55,15.66,47586500,0.0
12/6/2016 16:56:00,16.0,16.2,15.74,16.15,63916700,0.0
12/7/2016 16:56:00,16.3,16.33,15.77,15.86,50247400,0.0
12/8/2016 16:56:00,15.97,16.0,15.52,15.7,41104800,0.0
12/9/2016 16:56:00,15.88,15.9,15.52,15.58,37161200,0.0
12/12/2016 16:56:00,15.79,15.95,15.48,15.6,35436700,0.0
12/13/2016 16:56:00,15.55,15.69,15.38,15.45,33455000,-0.713204
12/14/2016 16:56:00,15.43,15.47,14.74,14.74,44215700,0.0
12/15/2016 16:56:00,14.78,14.91,14.33,14.85,43338800,0.0
12/16/2016 16:56:00,14.9,15.14,14.76,14.76,37876200,0.0
12/19/2016 16:56:00,14.88,14.89,14.35,14.36,39128600,-0.790396
12/20/2016 16:56:00,14.46,14.59,14.1,14.35,31810000,0.0
12/21/2016 16:56:00,14.45,14.48,14.04,14.34,32856800,0.0
12/22/2016 16:56:00,14.46,14.46,14.01,14.01,42240500,0.0
12/23/2016 16:56:00,14.05,14.35,14.01,14.24,21776900,0.0
12/26/2016 16:56:00,14.32,14.45,14.27,14.42,5734300,0.0
12/27/2016 16:56:00,14.5,14.55,14.26,14.41,14949200,0.0
12/28/2016 16:56:00,14.43,14.81,14.36,14.78,18979900,0.0
12/29/2016 16:56:00,14.85,14.88,14.52,14.87,18090600,0.0
1/2/2017 16:56:00,14.64,14.7,14.6,14.66,7525700,0.0
1/3/2017 16:56:00,14.95,15.65,14.95,15.5,39947800,0.0
1/4/2017 16:56:00,15.45,15.68,15.31,15.5,37071700,0.0
1/5/2017 16:56:00,15.7,15.91,15.62,15.75,47586300,0.0
1/6/2017 16:56:00,15.78,15.92,15.5,15.66,25592000,0.0
1/9/2017 16:56:00,15.5,15.6,15.33,15.33,25599000,0.0
1/10/2017 16:56:00,15.6,15.68,15.39,15.48,26239900,0.0
1/11/2017 16:56:00,15.64,15.68,15.27,15.66,34399300,0.0
1/12/2017 16:56:00,16.15,16.25,15.9,15.9,49890300,0.0
1/13/2017 16:56:00,15.77,15.95,15.57,15.68,34450000,0.0
1/16/2017 16:56:00,15.7,15.75,15.58,15.75,20069600,-0.599079
1/17/2017 16:56:00,15.73,15.97,15.72,15.82,28663300,0.0
1/18/2017 16:56:00,15.8,15.93,15.71,15.79,24725200,0.0
1/19/2017 16:56:00,15.82,15.88,15.58,15.77,21677600,0.0
1/20/2017 16:56:00,15.84,16.19,15.81,16.0,34863500,0.0
1/23/2017 16:56:00,15.94,16.09,15.79,15.99,25139100,-0.474574
1/24/2017 16:56:00,16.12,16.43,15.97,16.04,49710600,0.0
1/26/2017 16:56:00,16.15,16.19,15.8,15.8,37391900,0.0
1/27/2017 16:56:00,15.73,15.87,15.54,15.62,23275300,-0.47036
1/30/2017 16:56:00,15.51,15.53,14.84,14.84,26779500,-0.7687
1/31/2017 16:56:00,14.99,15.37,14.9,15.02,30807200,0.0
2/1/2017 16:56:00,15.26,15.41,14.91,15.02,35977000,0.0
2/2/2017 16:56:00,14.99,15.28,14.86,14.89,39306700,-0.830817
2/3/2017 16:56:00,14.92,15.34,14.77,15.34,40213400,0.0
2/6/2017 16:56:00,15.38,15.47,14.95,14.96,29686500,0.0
2/7/2017 16:56:00,15.1,15.16,14.7,14.7,29163900,0.0
2/8/2017 16:56:00,14.77,15.1,14.27,15.1,58912900,0.0
2/9/2017 16:56:00,15.18,15.24,14.96,15.05,33910300,-0.642574
2/10/2017 16:56:00,15.2,15.63,15.14,15.58,44467000,0.0
2/13/2017 16:56:00,15.77,15.91,15.55,15.62,36439100,0.0
2/14/2017 16:56:00,15.74,15.95,15.56,15.82,34417400,0.0
2/15/2017 16:56:00,15.91,16.05,15.78,15.84,47953300,0.483628
2/16/2017 16:56:00,15.84,16.07,15.75,15.86,37276900,0.0
2/17/2017 16:56:00,15.74,15.9,15.6,15.61,24866600,0.0
2/20/2017 16:56:00,15.74,15.98,15.65,15.92,33514000,0.0
2/21/2017 16:56:00,16.1,16.23,16.04,16.09,33685800,0.0
2/22/2017 16:56:00,16.0,16.02,15.57,15.7,45255400,0.0
2/23/2017 16:56:00,15.94,16.1,15.48,15.56,41208700,0.0
2/24/2017 16:56:00,15.35,15.47,15.1,15.18,30412200,0.0
3/1/2017 16:56:00,15.51,15.55,15.32,15.52,25661000,0.0
3/2/2017 16:56:00,15.44,15.45,14.99,15.11,38490800,0.0
3/3/2017 16:56:00,15.22,15.34,15.04,15.32,24516800,0.0
3/6/2017 16:56:00,15.11,15.47,15.04,15.1,23325000,0.0
3/7/2017 16:56:00,15.18,15.38,15.12,15.18,30927300,0.0
3/8/2017 16:56:00,15.16,15.18,14.55,14.55,49300700,0.0
3/9/2017 16:56:00,14.34,14.59,14.17,14.5,46467600,0.0
3/10/2017 16:56:00,14.72,14.88,14.24,14.31,42454600,0.0
3/13/2017 16:56:00,14.33,14.4,14.16,14.37,28295100,0.0
3/14/2017 16:56:00,14.07,14.1,13.59,13.59,67172700,0.0
3/15/2017 16:56:00,13.86,14.2,13.55,14.2,55593200,0.0
3/16/2017 16:56:00,14.26,14.32,13.68,13.71,35362300,0.0
3/17/2017 16:56:00,13.81,13.88,13.05,13.16,81797400,-0.766509
3/20/2017 16:56:00,12.98,13.67,12.91,13.6,52351600,0.0
3/21/2017 16:56:00,13.61,13.63,12.82,13.0,46384300,-0.617833
3/22/2017 16:56:00,13.2,13.72,13.03,13.66,62807700,-0.760539
3/23/2017 16:56:00,13.48,13.82,13.42,13.57,36467200,0.0
3/24/2017 16:56:00,13.7,13.77,13.34,13.48,30084700,0.0
3/27/2017 16:56:00,13.24,13.79,13.02,13.77,32021200,0.0
3/28/2017 16:56:00,13.9,14.11,13.77,13.95,44850600,0.0
3/29/2017 16:56:00,14.04,14.49,13.93,14.45,43051400,0.0
3/30/2017 16:56:00,14.55,14.64,14.35,14.45,32928600,0.0
3/31/2017 16:56:00,14.36,14.65,14.26,14.49,33553000,0.0
4/3/2017 16:56:00,14.54,14.75,14.53,14.67,39427200,0.0
4/4/2017 16:56:00,14.67,14.89,14.57,14.85,24132000,0.0
4/5/2017 16:56:00,15.05,15.16,14.5,14.57,49920900,0.886958
4/6/2017 16:56:00,14.62,14.87,14.42,14.53,34602700,0.0
4/7/2017 16:56:00,14.61,14.9,14.6,14.7,33024900,0.0
4/10/2017 16:56:00,14.9,14.94,14.7,14.94,37906000,0.0
4/11/2017 16:56:00,14.97,14.99,14.55,14.68,38593200,0.0
4/12/2017 16:56:00,14.6,14.83,14.58,14.65,42628900,0.0
4/13/2017 16:56:00,14.65,14.69,14.08,14.08,44572600,0.0
4/17/2017 16:56:00,14.14,14.35,13.97,14.28,46459500,0.0
4/18/2017 16:56:00,14.15,14.37,13.95,14.1,45349800,0.0
4/19/2017 16:56:00,14.24,14.28,13.55,13.6,41014100,0.0
4/20/2017 16:56:00,13.8,13.9,13.63,13.88,28227600,0.0
4/24/2017 16:56:00,14.13,14.16,13.92,14.03,27546200,0.0
4/25/2017 16:56:00,13.9,14.34,13.8,14.34,32268100,-0.79376
4/26/2017 16:56:00,14.16,14.49,14.0,14.0,37045000,0.0
4/27/2017 16:56:00,13.99,14.03,13.56,13.73,29078500,0.0
4/28/2017 16:56:00,13.85,14.1,13.69,13.97,31061200,-0.913456
5/2/2017 16:56:00,14.06,14.34,13.85,13.99,37830100,0.0
5/3/2017 16:56:00,14.04,14.25,13.95,14.16,38357600,0.0
5/4/2017 16:56:00,14.0,14.0,13.58,13.6,37695400,0.736032
5/5/2017 16:56:00,13.69,14.21,13.66,14.21,32788100,0.0
5/8/2017 16:56:00,14.13,14.35,13.98,14.08,36464300,0.0
5/9/2017 16:56:00,14.15,14.24,14.04,14.14,28008600,0.0
5/10/2017 16:56:00,14.34,14.75,14.31,14.73,46271700,-0.833893
5/11/2017 16:56:00,14.88,14.92,14.64,14.82,29318000,0.0
5/12/2017 16:56:00,15.5,15.58,15.35,15.45,83518200,0.0
5/15/2017 16:56:00,15.77,15.87,15.65,15.68,46914700,0.0
5/16/2017 16:56:00,15.77,15.78,15.52,15.7,34469300,0.0
5/17/2017 16:56:00,15.56,15.72,15.51,15.61,30023400,0.0
5/18/2017 16:56:00,12.45,14.0,12.45,13.15,142924900,0.0
5/19/2017 16:56:00,13.75,13.9,13.46,13.62,70983900,0.0
5/22/2017 16:56:00,13.35,13.51,13.0,13.4,55014900,0.0
5/23/2017 16:56:00,13.45,13.6,13.38,13.49,48520100,0.0
5/24/2017 16:56:00,13.75,14.09,13.69,14.05,54065800,-0.623302
5/25/2017 16:56:00,13.97,14.19,13.63,13.74,45030800,0.0
5/26/2017 16:56:00,13.47,13.79,13.4,13.68,63326900,-0.58345
5/29/2017 16:56:00,13.59,13.77,13.55,13.57,16139200,0.0
5/30/2017 16:56:00,13.55,13.64,13.36,13.36,34663800,0.0
5/31/2017 16:56:00,13.21,13.31,12.95,12.96,45628800,0.0
6/1/2017 16:56:00,13.16,13.29,12.82,12.82,42873400,0.0
6/2/2017 16:56:00,12.79,13.05,12.68,13.05,43192600,0.0
6/5/2017 16:56:00,12.96,13.24,12.92,13.18,31419400,0.0
6/6/2017 16:56:00,13.23,13.33,13.03,13.18,35558700,0.0
6/7/2017 16:56:00,13.28,13.34,12.81,12.87,44355600,0.0
6/8/2017 16:56:00,12.78,12.96,12.71,12.84,27749200,-0.755845
6/9/2017 16:56:00,12.96,13.1,12.83,12.85,30382100,0.0
6/12/2017 16:56:00,12.97,13.03,12.77,12.9,30680700,0.0
6/13/2017 16:56:00,12.95,13.02,12.77,12.94,22891000,0.0
6/14/2017 16:56:00,12.94,13.04,12.61,12.62,67382800,0.0
6/16/2017 16:56:00,12.58,12.59,12.21,12.28,73551400,0.0
6/19/2017 16:56:00,12.31,12.47,12.22,12.29,45926200,0.0
6/20/2017 16:56:00,12.12,12.13,11.76,11.86,54014700,0.0
6/21/2017 16:56:00,11.95,12.12,11.59,11.64,58778300,0.0
6/22/2017 16:56:00,11.76,12.04,11.72,12.04,42284600,0.0
6/23/2017 16:56:00,12.11,12.15,11.87,11.93,33601000,-0.776627
6/26/2017 16:56:00,12.1,12.3,12.04,12.27,42731300,0.0
6/27/2017 16:56:00,12.34,12.48,12.13,12.21,45097600,0.723731
6/28/2017 16:56:00,12.27,12.32,12.01,12.08,32077400,0.0
6/29/2017 16:56:00,12.26,12.3,12.09,12.18,24380300,0.0
6/30/2017 16:56:00,12.25,12.48,12.19,12.37,29687600,-0.759964
7/3/2017 16:56:00,12.28,12.41,12.22,12.36,31542500,0.0
7/4/2017 16:56:00,12.34,12.43,12.32,12.43,12523500,-1.0
7/5/2017 16:56:00,12.38,12.52,12.12,12.21,41958400,0.0
7/6/2017 16:56:00,12.28,12.36,12.08,12.17,51976900,0.0
7/7/2017 16:56:00,12.13,12.17,11.85,11.93,42677000,0.0
7/10/2017 16:56:00,11.83,12.01,11.74,11.98,21748800,0.0
7/11/2017 16:56:00,11.95,12.45,11.9,12.33,45500900,0.0
7/12/2017 16:56:00,12.64,12.99,12.51,12.94,66332200,0.754944
7/13/2017 16:56:00,12.96,13.04,12.8,12.87,32983300,0.0
7/14/2017 16:56:00,12.96,13.06,12.91,13.05,35977500,0.0
7/17/2017 16:56:00,13.03,13.05,12.87,12.89,28118700,0.0
7/18/2017 16:56:00,13.0,13.02,12.83,12.94,19300700,0.0
7/19/2017 16:56:00,13.0,13.27,12.97,13.23,36513700,0.0
7/20/2017 16:56:00,13.29,13.35,13.03,13.1,30114300,0.0
7/21/2017 16:56:00,13.0,13.04,12.67,12.69,38738300,-0.669165
7/24/2017 16:56:00,12.83,12.92,12.77,12.88,16250400,0.0
7/25/2017 16:56:00,13.01,13.25,13.01,13.22,29930100,0.820002
7/26/2017 16:56:00,13.3,13.34,12.98,13.06,29333000,0.0
7/27/2017 16:56:00,13.05,13.17,13.0,13.0,21825900,0.0
7/28/2017 16:56:00,12.98,13.13,12.91,13.13,20980200,0.0
7/31/2017 16:56:00,13.22,13.31,13.07,13.29,31397700,0.0
8/1/2017 16:56:00,13.3,13.32,13.08,13.12,22999400,0.0
8/2/2017 16:56:00,13.13,13.61,13.08,13.51,46342000,0.0
8/3/2017 16:56:00,13.57,13.66,13.31,13.31,31300700,0.0
8/4/2017 16:56:00,13.41,13.48,13.26,13.4,21560500,-0.522777
8/7/2017 16:56:00,13.35,13.62,13.33,13.55,29832200,0.0
8/8/2017 16:56:00,13.5,13.69,13.46,13.49,28907900,0.0
8/9/2017 16:56:00,13.51,13.61,13.44,13.52,26980300,0.0
8/10/2017 16:56:00,13.6,13.66,13.15,13.19,56194400,0.0
8/11/2017 16:56:00,13.14,13.2,12.94,12.95,43025100,0.0
8/14/2017 16:56:00,12.98,13.22,12.91,13.08,31607400,0.0
8/15/2017 16:56:00,13.08,13.24,13.05,13.15,24737300,0.0
8/16/2017 16:56:00,13.3,13.38,13.1,13.13,44946600,0.0
8/17/2017 16:56:00,13.12,13.26,13.02,13.05,23503300,0.0
8/18/2017 16:56:00,13.16,13.6,13.16,13.6,66263500,0.0
8/21/2017 16:56:00,13.64,13.66,13.28,13.34,40485900,0.0
8/22/2017 16:56:00,13.7,13.87,13.64,13.79,55240700,0.0
8/23/2017 16:56:00,13.78,13.93,13.65,13.76,47679700,0.0
8/24/2017 16:56:00,13.78,13.89,13.68,13.8,32300600,-0.565615
8/25/2017 16:56:00,13.87,13.94,13.81,13.88,24185600,0.0
8/28/2017 16:56:00,13.93,14.03,13.76,13.87,27208100,0.0
8/29/2017 16:56:00,13.76,13.85,13.68,13.85,27306400,0.0
8/30/2017 16:56:00,13.79,13.9,13.44,13.45,58871700,0.0
8/31/2017 16:56:00,13.53,13.77,13.47,13.65,82909400,0.0
9/1/2017 16:56:00,13.85,14.19,13.82,14.02,60260300,0.0
9/4/2017 16:56:00,13.96,14.18,13.94,14.17,18139300,0.0
9/5/2017 16:56:00,14.57,14.65,14.23,14.41,56476800,0.0
9/6/2017 16:56:00,14.65,15.02,14.51,15.02,68418200,0.0
9/8/2017 16:56:00,15.1,15.15,14.69,14.71,36337400,-0.597904
9/11/2017 16:56:00,14.88,15.05,14.81,14.99,34915900,0.0
9/12/2017 16:56:00,14.98,15.16,14.86,14.87,49702800,0.0
9/13/2017 16:56:00,14.94,15.1,14.81,15.03,37010200,0.0
9/14/2017 16:56:00,15.03,15.26,15.02,15.04,34413800,0.0
9/15/2017 16:56:00,15.07,15.17,14.99,15.04,47784700,-0.687118
9/18/2017 16:56:00,15.02,15.19,14.98,15.04,47601200,0.0
9/19/2017 16:56:00,15.1,15.17,14.92,15.14,35822100,0.390961
9/20/2017 16:56:00,15.25,15.88,15.07,15.87,80267000,0.0
9/21/2017 16:56:00,15.85,15.96,15.58,15.67,46258800,0.0
9/22/2017 16:56:00,15.6,15.8,15.43,15.69,40928300,0.0
9/25/2017 16:56:00,15.79,15.96,15.7,15.84,36733200,0.0
9/26/2017 16:56:00,15.86,15.9,15.56,15.56,37874200,0.0
9/27/2017 16:56:00,15.7,15.72,15.11,15.31,41819300,0.0
9/28/2017 16:56:00,15.37,15.5,15.22,15.34,33829000,-0.568516
9/29/2017 16:56:00,15.5,15.52,15.3,15.3,28638300,0.0
10/2/2017 16:56:00,15.19,15.4,15.06,15.4,29826200,0.0
10/3/2017 16:56:00,15.6,15.98,15.52,15.98,50636700,-0.544098
10/4/2017 16:56:00,15.9,15.94,15.65,15.66,47798600,-0.586351
10/5/2017 16:56:00,15.88,16.11,15.85,15.9,55361300,-0.576842
10/6/2017 16:56:00,15.66,15.77,15.54,15.69,41741300,0.0
10/9/2017 16:56:00,15.61,15.89,15.59,15.89,27904700,-0.811814
10/10/2017 16:56:00,16.13,16.19,16.01,16.19,47066600,0.0
10/11/2017 16:56:00,16.17,16.25,16.01,16.08,40422100,0.0
10/13/2017 16:56:00,16.23,16.29,16.06,16.08,24210000,0.0
10/16/2017 16:56:00,16.16,16.26,16.0,16.12,44699700,-0.689843
10/17/2017 16:56:00,16.14,16.22,16.07,16.13,25524800,0.0
10/18/2017 16:56:00,16.22,16.28,16.13,16.16,25706200,0.0
10/19/2017 16:56:00,16.0,16.16,15.9,16.15,24672800,0.0
10/20/2017 16:56:00,16.19,16.39,16.17,16.22,32417500,0.0
10/24/2017 16:56:00,16.29,16.51,16.12,16.51,46249500,0.0
10/25/2017 16:56:00,16.53,16.73,16.45,16.72,37608200,-0.520203
10/26/2017 16:56:00,16.78,16.89,16.66,16.73,37848300,0.0
10/27/2017 16:56:00,16.77,17.09,16.65,17.03,45640100,0.0
10/30/2017 16:56:00,16.97,17.17,16.74,16.78,55355600,0.0
10/31/2017 16:56:00,16.9,16.95,16.72,16.77,32249000,0.0
11/1/2017 16:56:00,16.99,17.1,16.88,16.9,38876600,-0.880809
11/3/2017 16:56:00,16.96,17.01,16.68,16.94,32605400,-0.62394
11/6/2017 16:56:00,17.05,17.44,16.98,17.43,46056100,0.0
11/7/2017 16:56:00,17.31,17.35,16.5,16.5,61098400,0.0
11/8/2017 16:56:00,16.69,16.95,16.51,16.95,41179600,0.0
11/9/2017 16:56:00,16.89,16.94,16.72,16.72,29399400,-0.630377
11/10/2017 16:56:00,16.71,16.81,16.51,16.72,35959400,0.0
11/13/2017 16:56:00,16.69,16.77,16.39,16.64,28697700,0.0
11/14/2017 16:56:00,16.5,16.5,15.28,15.35,88765600,0.0
11/16/2017 16:56:00,15.62,16.04,15.48,15.81,42703800,0.0
11/17/2017 16:56:00,15.92,16.12,15.81,16.02,38376900,0.647567
11/21/2017 16:56:00,16.15,16.31,15.85,15.9,45817800,0.0
11/22/2017 16:56:00,16.09,16.24,15.93,16.11,37444900,0.0
11/23/2017 16:56:00,15.98,16.26,15.94,16.19,15403600,-0.600371
11/24/2017 16:56:00,16.25,16.37,16.04,16.1,18790700,-0.700092
11/27/2017 16:56:00,16.01,16.02,15.78,15.87,28445800,0.0
11/28/2017 16:56:00,15.93,16.04,15.81,15.84,30429600,0.0
11/29/2017 16:56:00,15.87,15.92,15.32,15.33,45973000,0.0
11/30/2017 16:56:00,15.3,15.47,14.99,15.38,52811400,0.0
12/1/2017 16:56:00,15.34,15.77,15.26,15.61,42703800,0.0
12/4/2017 16:56:00,15.65,15.8,15.46,15.48,43821500,0.0
12/5/2017 16:56:00,15.5,15.83,15.21,15.31,30228000,0.0
12/6/2017 16:56:00,15.22,15.7,15.14,15.52,39238500,0.0
12/7/2017 16:56:00,15.3,15.49,15.07,15.26,37281400,0.0
12/8/2017 16:56:00,15.51,15.68,15.35,15.35,39584500,-0.749892
12/11/2017 16:56:00,15.48,15.57,15.37,15.38,21281600,0.0
12/12/2017 16:56:00,15.36,15.49,15.18,15.49,36201200,0.0
12/13/2017 16:56:00,15.65,15.68,15.11,15.18,46828900,0.0
12/14/2017 16:56:00,15.1,15.31,15.0,15.01,37177300,0.0
12/15/2017 16:56:00,15.05,15.24,14.95,14.95,55668300,0.0
12/18/2017 16:56:00,15.16,15.33,15.13,15.22,42760400,0.0
12/19/2017 16:56:00,15.18,15.25,15.06,15.14,22639700,0.0
12/20/2017 16:56:00,15.21,15.3,15.17,15.24,20149700,0.0
12/21/2017 16:56:00,15.31,15.87,15.3,15.86,47219400,-0.552166
12/22/2017 16:56:00,15.75,15.89,15.69,15.75,18708500,-0.786656
12/26/2017 16:56:00,15.75,15.99,15.69,15.97,22173100,-0.656799
12/27/2017 16:56:00,15.99,16.14,15.98,16.05,23552200,0.0
12/28/2017 16:56:00,16.1,16.13,16.0,16.1,19011500,0.0
1/2/2018 16:56:00,16.19,16.55,16.19,16.55,33461800,0.0
1/3/2018 16:56:00,16.49,16.72,16.37,16.7,55940900,0.0
1/4/2018 16:56:00,16.78,16.96,16.62,16.73,37064900,0.0
1/5/2018 16:56:00,16.7,16.86,16.57,16.83,26958200,0.0
1/8/2018 16:56:00,16.74,17.03,16.71,17.03,28400000,0.0
1/9/2018 16:56:00,17.03,17.16,16.96,17.03,35070900,0.0
1/10/2018 16:56:00,16.92,17.05,16.77,16.8,28547700,0.0
1/11/2018 16:56:00,16.88,17.3,16.84,17.25,37921500,-0.623915
1/12/2018 16:56:00,17.04,17.41,17.02,17.3,45912100,-0.682039
1/15/2018 16:56:00,17.32,17.44,17.15,17.35,28945400,0.0
1/16/2018 16:56:00,17.35,17.84,17.3,17.65,58618300,0.0
1/17/2018 16:56:00,17.92,18.36,17.81,18.36,58488900,0.0
1/18/2018 16:56:00,18.35,18.53,17.93,18.22,48575800,0.0
1/19/2018 16:56:00,18.31,18.42,18.03,18.26,33470200,0.0
1/22/2018 16:56:00,18.26,18.47,18.09,18.47,33920000,0.0
1/23/2018 16:56:00,18.4,18.46,18.0,18.24,35567700,0.0
1/24/2018 16:56:00,18.42,19.63,18.42,19.34,89768200,0.0
1/26/2018 16:56:00,19.62,19.98,19.1,19.93,81989500,0.719329
1/29/2018 16:56:00,19.67,20.05,19.57,19.85,55726200,-0.594169
1/30/2018 16:56:00,19.77,19.77,19.36,19.49,46203000,0.0
1/31/2018 16:56:00,19.74,19.93,19.68,19.7,41576600,0.0
2/1/2018 16:56:00,19.76,20.62,19.76,20.52,51950200,0.0
2/2/2018 16:56:00,20.3,20.42,19.85,19.97,50657800,0.0
2/5/2018 16:56:00,19.65,19.97,19.04,19.04,62268600,0.0
2/6/2018 16:56:00,18.66,19.99,18.62,19.99,74146500,0.0
2/7/2018 16:56:00,19.97,20.22,19.36,19.44,61910300,0.0
2/8/2018 16:56:00,19.55,19.74,18.8,19.05,51115100,0.0
2/9/2018 16:56:00,19.03,19.39,18.51,18.77,68727600,0.0
2/14/2018 16:56:00,19.01,19.36,18.96,19.25,43402800,0.0
2/15/2018 16:56:00,19.5,19.54,19.17,19.4,31978000,-0.820025
2/16/2018 16:56:00,19.46,19.58,19.31,19.42,34736300,0.0
2/19/2018 16:56:00,19.55,20.1,19.55,20.05,40925500,0.0
2/20/2018 16:56:00,19.88,20.82,19.82,20.44,67418700,0.0
2/21/2018 16:56:00,20.59,20.88,20.25,20.25,55678400,0.0
2/22/2018 16:56:00,20.59,20.82,20.54,20.74,38170900,0.0
2/23/2018 16:56:00,20.95,21.14,20.62,21.12,55755600,0.0
2/26/2018 16:56:00,21.4,21.69,21.38,21.52,48160500,0.0
2/27/2018 16:56:00,21.47,21.85,21.34,21.5,42912500,0.0
2/28/2018 16:56:00,21.63,21.77,21.18,21.46,66229400,0.0
3/1/2018 16:56:00,21.4,21.46,20.76,21.03,66380900,0.0
3/2/2018 16:56:00,20.7,21.51,20.51,21.51,52682900,0.615083
3/5/2018 16:56:00,21.49,22.17,21.36,22.12,54242600,0.0
3/6/2018 16:56:00,22.5,22.63,21.86,21.9,57240800,0.0
3/7/2018 16:56:00,21.69,21.97,21.37,21.67,50956600,0.0
3/8/2018 16:56:00,21.85,21.88,21.32,21.7,36156800,0.0
3/9/2018 16:56:00,21.78,22.39,21.59,22.39,45560000,0.0
3/12/2018 16:56:00,22.54,22.59,22.23,22.33,32363900,0.0
3/13/2018 16:56:00,22.45,22.54,22.06,22.11,34732800,-0.833939
3/14/2018 16:56:00,22.3,22.44,22.09,22.38,31947600,0.0
3/15/2018 16:56:00,22.05,22.18,21.31,21.31,81097800,0.0
3/16/2018 16:56:00,21.47,21.74,21.23,21.43,57891900,0.0
3/19/2018 16:56:00,21.27,21.36,20.86,20.93,42218400,0.0
3/20/2018 16:56:00,21.18,21.41,21.11,21.16,30106800,0.0
3/21/2018 16:56:00,21.25,22.09,21.2,22.05,53106300,0.0
3/22/2018 16:56:00,21.86,22.04,21.58,21.72,50033300,0.0
3/23/2018 16:56:00,21.61,22.11,21.53,21.75,52815800,0.0
3/26/2018 16:56:00,22.07,22.2,21.84,22.03,30174900,0.0
3/27/2018 16:56:00,22.14,22.18,21.37,21.44,43568100,-0.860135
3/28/2018 16:56:00,21.26,21.41,20.99,21.2,38539300,0.0
3/29/2018 16:56:00,21.26,21.56,21.23,21.41,34318800,0.0
4/2/2018 16:56:00,21.36,21.46,20.77,20.9,37275000,0.0
4/3/2018 16:56:00,21.11,21.19,20.66,20.71,39245800,0.0
4/4/2018 16:56:00,20.31,20.6,20.11,20.38,58475700,0.0
4/5/2018 16:56:00,21.15,21.33,21.03,21.15,88599000,0.0
4/6/2018 16:56:00,20.98,21.28,20.83,21.28,47908900,0.0
4/9/2018 16:56:00,21.43,21.44,20.53,20.53,44248900,0.0
4/10/2018 16:56:00,20.91,21.51,20.76,21.4,58545100,0.0
4/11/2018 16:56:00,21.35,21.9,21.33,21.8,62378300,-0.759281
4/12/2018 16:56:00,21.79,21.94,21.68,21.68,36238700,-0.507331
4/13/2018 16:56:00,21.64,21.74,21.06,21.2,43347800,0.0
4/16/2018 16:56:00,21.05,21.24,20.6,20.62,48474200,0.0
4/17/2018 16:56:00,20.7,21.08,20.62,21.03,36570400,0.0
4/18/2018 16:56:00,21.35,21.87,21.31,21.8,65237400,0.0
4/19/2018 16:56:00,22.07,22.4,21.93,22.2,62475200,-0.676998
4/20/2018 16:56:00,22.06,22.46,21.9,22.36,61494800,0.0
4/23/2018 16:56:00,22.09,22.48,21.94,22.48,37023300,0.0
4/24/2018 16:56:00,22.6,22.77,22.23,22.4,46710300,0.0
4/25/2018 16:56:00,22.01,22.13,21.67,21.73,68160600,0.0
4/26/2018 16:56:00,22.0,22.63,21.97,22.63,56674700,0.0
4/27/2018 16:56:00,22.84,22.93,22.66,22.71,37858300,0.0
4/30/2018 16:56:00,22.73,23.02,22.63,22.97,23681500,0.0
5/2/2018 16:56:00,22.67,22.93,22.51,22.6,31778100,0.0
5/3/2018 16:56:00,22.54,22.64,21.97,22.45,48855700,0.0
5/4/2018 16:56:00,22.45,22.64,22.27,22.27,33599400,0.506181
5/7/2018 16:56:00,22.57,23.17,22.49,22.65,47815100,0.0
5/8/2018 16:56:00,23.06,23.15,22.52,22.91,81198700,-0.844925
5/9/2018 16:56:00,23.3,24.8,23.22,24.78,118032300,0.0
5/10/2018 16:56:00,25.14,26.49,24.92,25.75,126907200,0.0
5/11/2018 16:56:00,25.83,26.31,25.42,25.44,72996400,0.0
5/14/2018 16:56:00,25.85,26.48,25.81,26.24,66938700,0.0
5/15/2018 16:56:00,26.35,26.9,25.89,26.79,75230200,0.0
5/16/2018 16:56:00,26.87,27.53,26.84,27.39,64486500,-0.588214
5/17/2018 16:56:00,27.35,27.6,25.47,25.95,112487000,0.0
5/18/2018 16:56:00,25.01,26.17,24.96,25.65,83206900,0.0
5/21/2018 16:56:00,26.1,26.29,24.94,25.05,75971900,0.0
5/22/2018 16:56:00,24.81,25.29,24.15,24.71,88109900,0.0
5/23/2018 16:56:00,24.23,24.48,23.27,23.27,74622500,0.0
5/24/2018 16:56:00,20.05,20.75,19.65,20.08,240343800,0.0
5/25/2018 16:56:00,20.65,21.27,19.66,19.8,131188100,-0.794345
5/28/2018 16:56:00,19.2,19.2,16.91,16.91,134504900,-0.487461
5/29/2018 16:56:00,18.0,19.44,17.6,19.3,181509800,0.0
5/30/2018 16:56:00,18.39,19.97,18.13,18.98,125430000,0.0
6/1/2018 16:56:00,19.56,19.75,14.9,16.16,216954700,-0.842271
6/4/2018 16:56:00,17.29,17.64,17.05,17.53,93547600,0.0
6/5/2018 16:56:00,17.36,17.8,16.59,16.59,67006400,0.0
6/6/2018 16:56:00,16.47,16.68,15.87,16.33,69496800,0.0
6/7/2018 16:56:00,16.0,16.16,14.93,15.76,118752700,0.0
6/8/2018 16:56:00,15.81,16.19,15.06,15.25,91461500,-0.91286
6/11/2018 16:56:00,15.5,15.8,15.13,15.41,44872500,-0.823242
6/12/2018 16:56:00,15.48,15.68,15.24,15.46,69592600,-0.736897
6/13/2018 16:56:00,15.42,15.5,14.74,15.17,72301200,0.0
6/14/2018 16:56:00,15.33,15.55,15.05,15.1,57324600,0.0
6/15/2018 16:56:00,15.03,15.07,14.47,14.97,75239300,0.0
6/18/2018 16:56:00,14.77,14.89,14.5,14.5,47363800,0.0
6/19/2018 16:56:00,14.26,15.72,14.17,15.42,97301500,0.0
6/20/2018 16:56:00,15.84,16.48,15.8,16.21,88397300,0.0
6/21/2018 16:56:00,16.09,16.32,15.1,15.1,67884300,0.0
6/22/2018 16:56:00,15.41,15.68,15.01,15.11,52184500,-0.536965
6/25/2018 16:56:00,15.2,15.79,15.06,15.7,60347200,0.0
6/26/2018 16:56:00,15.9,16.12,15.53,16.04,59595900,0.0
6/27/2018 16:56:00,16.1,16.98,16.06,16.55,78095000,-0.793404
6/28/2018 16:56:00,16.72,17.07,16.33,16.6,94960700,0.0
6/29/2018 16:56:00,16.85,17.19,16.73,17.19,75735100,0.0
7/2/2018 16:56:00,16.99,17.48,16.9,17.47,54545600,0.0
7/3/2018 16:56:00,17.74,17.89,17.46,17.5,57456700,0.0
7/4/2018 16:56:00,17.38,18.45,17.24,17.61,54211000,-0.574727
7/5/2018 16:56:00,18.6,18.8,17.65,17.86,76084700,0.0
7/6/2018 16:56:00,17.97,18.09,17.65,17.94,33878700,-0.692893
7/10/2018 16:56:00,18.34,18.35,17.55,17.75,70886200,0.0
7/11/2018 16:56:00,17.49,18.08,17.3,17.41,85806300,0.0
7/12/2018 16:56:00,17.62,18.02,17.52,17.95,49397900,0.0
7/13/2018 16:56:00,17.99,18.18,17.78,18.11,44951900,0.0
7/16/2018 16:56:00,17.95,17.98,17.6,17.88,62798900,0.0
7/17/2018 16:56:00,17.79,18.4,17.71,18.29,40884300,-0.681219
7/18/2018 16:56:00,18.25,18.4,17.94,18.05,40643800,0.0
7/19/2018 16:56:00,17.84,18.4,17.74,18.4,60404900,0.0
7/20/2018 16:56:00,19.17,19.48,18.93,19.29,98035200,-0.312508
7/23/2018 16:56:00,19.3,19.47,19.21,19.26,35231500,0.0
7/24/2018 16:56:00,19.57,19.87,19.53,19.66,39934600,0.615222
7/25/2018 16:56:00,19.8,20.0,19.61,19.96,48759900,0.0
7/26/2018 16:56:00,19.95,19.95,19.37,19.41,48144300,0.699807
7/27/2018 16:56:00,19.6,19.81,19.55,19.77,36509400,0.0
7/30/2018 16:56:00,19.95,20.1,19.7,19.89,37053900,0.0
7/31/2018 16:56:00,19.62,19.79,19.47,19.72,38641200,0.0
8/1/2018 16:56:00,19.59,20.01,19.54,20.01,39141700,0.0
8/2/2018 16:56:00,19.99,20.78,19.95,20.41,69008900,0.0
8/3/2018 16:56:00,21.4,21.55,21.09,21.11,86908000,-0.607903
8/6/2018 16:56:00,21.15,21.47,20.98,21.04,44528300,0.0
8/7/2018 16:56:00,21.33,21.46,20.57,20.71,69136700,0.0
8/8/2018 16:56:00,20.81,21.07,20.12,20.14,58211500,0.0
8/9/2018 16:56:00,20.26,20.35,19.8,20.34,51253100,-0.70093
8/10/2018 16:56:00,20.1,20.15,19.36,19.59,61789800,0.0
8/13/2018 16:56:00,19.5,20.04,19.27,20.04,58306700,0.0
8/14/2018 16:56:00,20.28,20.31,19.73,19.98,55180600,0.0
8/15/2018 16:56:00,19.64,19.67,19.05,19.05,65651700,0.0
8/16/2018 16:56:00,19.32,19.35,18.77,18.95,51201600,0.0
8/17/2018 16:56:00,18.75,18.86,18.4,18.46,68328400,-0.52162
8/20/2018 16:56:00,18.37,18.51,18.09,18.36,56315600,0.0
8/21/2018 16:56:00,18.27,18.53,17.65,17.72,68735300,-0.865194
8/22/2018 16:56:00,17.7,18.38,17.65,18.35,56623700,-0.851458
8/23/2018 16:56:00,18.35,18.52,17.88,17.95,56284100,0.0
8/24/2018 16:56:00,18.35,18.44,18.05,18.3,37893000,0.0
8/27/2018 16:56:00,18.41,18.76,18.3,18.71,35428000,0.0
8/28/2018 16:56:00,18.76,18.85,18.34,18.35,38079200,0.0
8/29/2018 16:56:00,18.5,19.31,18.45,19.3,71434300,0.0
8/30/2018 16:56:00,19.15,19.54,18.68,18.8,63981900,0.0
8/31/2018 16:56:00,18.95,19.43,18.91,19.26,75767400,0.0
9/3/2018 16:56:00,18.99,19.13,18.76,19.0,25401600,0.0
9/4/2018 16:56:00,19.13,19.19,18.62,18.65,39759800,0.0
9/5/2018 16:56:00,18.56,18.8,18.23,18.75,53967300,0.0
9/6/2018 16:56:00,18.99,19.02,18.48,18.99,54304300,0.0
9/10/2018 16:56:00,19.36,19.6,19.05,19.26,58578100,0.0
9/11/2018 16:56:00,18.87,18.89,18.43,18.5,56495200,0.0
9/12/2018 16:56:00,18.81,19.22,18.64,18.95,59695700,-0.593523
9/13/2018 16:56:00,19.03,19.13,18.62,18.71,36808700,0.0
9/14/2018 16:56:00,18.8,18.96,18.48,18.79,55756300,0.0
9/17/2018 16:56:00,18.63,19.49,18.63,19.4,71289500,0.0
9/18/2018 16:56:00,19.5,20.25,19.47,20.25,72959100,0.0
9/19/2018 16:56:00,19.93,20.46,19.83,19.98,60563700,0.0
9/20/2018 16:56:00,20.26,20.35,19.75,19.87,56206900,0.0
9/21/2018 16:56:00,20.15,20.3,19.95,20.14,58517300,0.0
9/24/2018 16:56:00,20.2,20.41,19.92,20.0,54332900,0.0
9/25/2018 16:56:00,19.7,20.15,19.53,20.08,54462300,0.0
9/26/2018 16:56:00,20.24,20.3,19.97,20.19,60060800,0.0
9/27/2018 16:56:00,20.5,21.46,20.47,21.46,104177300,0.0
9/28/2018 16:56:00,21.13,21.94,21.02,21.09,91254600,0.0
10/1/2018 16:56:00,21.25,21.36,20.8,21.0,56540400,-0.638356
10/2/2018 16:56:00,22.0,22.82,21.9,22.82,127231800,0.0
10/3/2018 16:56:00,25.25,25.42,23.46,23.79,152189200,0.0
10/4/2018 16:56:00,23.45,24.52,23.21,24.02,99743300,0.0
10/5/2018 16:56:00,24.49,24.59,23.66,23.96,104693400,0.0
10/8/2018 16:56:00,26.94,26.97,25.75,26.6,188109000,0.0
10/9/2018 16:56:00,26.48,27.0,26.28,26.82,90128800,0.0
10/10/2018 16:56:00,26.31,26.39,25.65,26.05,82688000,0.0
10/11/2018 16:56:00,26.55,26.75,25.06,25.29,119307500,-0.830713
10/15/2018 16:56:00,25.9,26.12,25.55,25.77,92331900,0.0
10/16/2018 16:56:00,26.2,26.73,26.09,26.73,74144800,0.0
10/17/2018 16:56:00,26.44,26.63,26.26,26.45,80990300,0.0
10/18/2018 16:56:00,26.29,26.34,25.7,25.7,56268900,0.0
10/19/2018 16:56:00,26.29,26.34,25.7,25.92,61858300,0.0
10/22/2018 16:56:00,26.27,26.6,26.27,26.53,63678000,0.0
10/23/2018 16:56:00,26.15,26.48,25.81,26.2,77457300,0.0
10/24/2018 16:56:00,26.41,26.99,25.68,25.68,93377100,0.0
10/25/2018 16:56:00,26.18,26.64,25.69,26.32,79732200,0.0
10/26/2018 16:56:00,26.65,27.6,26.12,27.6,110184900,0.0
10/29/2018 16:56:00,26.75,27.27,25.97,26.42,160890100,0.0
10/30/2018 16:56:00,26.7,28.0,26.42,28.0,107525500,0.0
10/31/2018 16:56:00,28.26,28.33,27.3,27.62,84131500,0.0
11/1/2018 16:56:00,27.76,28.02,27.11,27.32,98037100,0.0
11/5/2018 16:56:00,27.5,28.16,27.41,28.16,60389900,0.0
11/6/2018 16:56:00,27.3,28.3,26.99,27.19,95344400,0.0
11/7/2018 16:56:00,27.61,27.65,26.26,26.3,95817100,-0.593116
11/8/2018 16:56:00,26.8,27.03,25.35,25.35,119096300,-0.642548
11/9/2018 16:56:00,25.2,25.72,24.68,25.46,94206400,0.0
11/12/2018 16:56:00,25.54,25.92,25.29,25.33,63162600,0.0
11/13/2018 16:56:00,25.32,25.32,23.95,24.24,112776300,-0.615827
11/14/2018 16:56:00,24.24,25.19,23.91,25.1,104423900,0.0
11/16/2018 16:56:00,25.39,26.04,25.17,25.8,100628900,0.0
11/19/2018 16:56:00,25.56,26.29,25.43,26.0,79946400,0.0
11/21/2018 16:56:00,25.1,25.48,25.01,25.17,77228100,0.0
11/22/2018 16:56:00,25.28,25.36,25.07,25.15,31253600,0.0
11/23/2018 16:56:00,24.65,24.8,24.01,24.37,77961200,-0.663938
11/26/2018 16:56:00,24.8,24.99,24.05,24.25,62111600,0.0
11/27/2018 16:56:00,24.37,25.7,24.27,25.53,90759000,0.0
11/28/2018 16:56:00,25.5,25.87,25.05,25.38,92811300,0.0
11/29/2018 16:56:00,24.96,25.5,24.88,25.17,65584300,0.0
11/30/2018 16:56:00,25.11,25.56,25.07,25.46,90874500,0.0
12/3/2018 16:56:00,26.3,26.53,25.8,25.94,90530000,0.0
12/4/2018 16:56:00,26.25,26.33,25.34,25.34,66867500,-0.964614
12/5/2018 16:56:00,25.47,25.72,24.95,25.56,54183300,0.0
12/6/2018 16:56:00,24.99,25.12,24.31,24.59,99037200,0.0
12/7/2018 16:56:00,24.52,25.47,24.45,24.77,87994700,0.0
12/10/2018 16:56:00,24.77,24.9,23.44,23.44,73871100,0.0
12/11/2018 16:56:00,23.92,24.07,23.07,23.29,64017600,0.0
12/12/2018 16:56:00,23.74,23.9,23.2,23.3,63296400,0.0
12/13/2018 16:56:00,23.29,23.45,22.96,23.36,61946100,0.0
12/14/2018 16:56:00,23.08,23.33,22.96,23.05,45231700,0.0
12/17/2018 16:56:00,23.22,23.27,22.8,22.87,53832000,-0.716991
12/18/2018 16:56:00,22.78,22.8,22.0,22.0,74740000,0.0
12/19/2018 16:56:00,22.5,23.05,22.06,22.25,171157500,0.0
12/20/2018 16:56:00,22.31,22.32,21.35,21.49,141767000,0.0
12/21/2018 16:56:00,21.4,21.98,21.25,21.55,90384300,0.0
12/26/2018 16:56:00,20.59,21.68,20.42,21.68,77104200,-0.794276
12/27/2018 16:56:00,21.52,21.98,21.28,21.67,74083700,0.0
12/28/2018 16:56:00,22.11,22.83,22.08,22.68,61634700,0.597058
1/2/2019 16:56:00,22.55,24.2,22.28,24.06,104534800,0.0
1/3/2019 16:56:00,23.96,24.82,23.8,24.65,95206400,0.0
1/4/2019 16:56:00,24.85,24.94,24.47,24.72,72119800,0.0
1/7/2019 16:56:00,24.85,25.92,24.7,25.11,121711900,0.0
1/8/2019 16:56:00,25.4,25.42,24.77,24.96,68761800,0.0
1/9/2019 16:56:00,25.3,25.5,25.15,25.48,70177600,0.0
1/10/2019 16:56:00,25.26,25.41,25.07,25.26,54763700,0.0
1/11/2019 16:56:00,25.15,25.19,24.84,24.99,53980700,0.0
1/14/2019 16:56:00,24.82,25.09,24.66,24.85,46577300,0.0
1/15/2019 16:56:00,24.83,25.12,24.7,24.83,53731500,0.0
1/16/2019 16:56:00,24.8,24.9,24.66,24.82,40425000,0.0
1/17/2019 16:56:00,24.75,25.3,24.68,25.16,50359400,0.0
1/18/2019 16:56:00,25.44,25.56,25.28,25.4,67021300,0.0
1/21/2019 16:56:00,25.31,25.53,25.1,25.53,45336500,0.880991
1/22/2019 16:56:00,25.26,25.5,25.02,25.13,61307000,-0.750981
1/23/2019 16:56:00,25.33,25.54,25.16,25.43,52931600,0.604628
1/24/2019 16:56:00,25.4,25.54,25.32,25.54,40109000,0.0
1/28/2019 16:56:00,25.29,25.53,24.74,24.77,65079900,0.0
1/29/2019 16:56:00,25.25,25.56,25.11,25.37,59419200,0.0
1/30/2019 16:56:00,25.81,25.93,25.47,25.62,62607500,-0.823734
1/31/2019 16:56:00,25.87,25.96,25.56,25.58,63253600,0.0
2/1/2019 16:56:00,25.5,25.85,25.37,25.8,47957400,-0.736379
2/4/2019 16:56:00,25.84,26.12,25.6,26.03,53874900,0.0
2/5/2019 16:56:00,25.91,26.1,25.81,26.08,40989100,0.0
2/6/2019 16:56:00,25.8,25.84,25.32,25.49,64527000,0.0
2/7/2019 16:56:00,25.6,25.85,24.66,25.09,55614100,0.0
2/8/2019 16:56:00,24.8,25.28,24.73,25.13,40153900,0.0
2/11/2019 16:56:00,25.17,25.17,24.54,24.84,39617300,0.0
2/12/2019 16:56:00,25.32,25.85,25.23,25.72,72467200,-0.514594
2/13/2019 16:56:00,26.02,26.21,25.85,26.05,69042200,0.0
2/14/2019 16:56:00,26.17,26.95,26.0,26.95,81125500,0.0
2/15/2019 16:56:00,26.86,27.02,26.71,26.84,63841800,0.0
2/18/2019 16:56:00,26.59,26.79,26.41,26.76,43379000,0.0
2/19/2019 16:56:00,26.86,27.4,26.84,27.38,58041900,0.0
2/20/2019 16:56:00,27.5,27.66,26.87,27.04,55114500,0.0
2/21/2019 16:56:00,27.18,27.49,26.82,27.4,46559400,0.0
2/22/2019 16:56:00,27.55,27.7,27.13,27.13,36602000,0.0
2/25/2019 16:56:00,27.0,27.03,26.63,26.7,54190800,-0.646464
2/26/2019 16:56:00,26.76,27.14,26.57,26.58,46504200,0.0
2/27/2019 16:56:00,26.84,27.25,26.63,27.08,49131400,0.0
2/28/2019 16:56:00,27.72,27.75,26.6,27.06,93065100,0.0
3/1/2019 16:56:00,27.14,27.25,26.63,26.7,41978700,0.0
3/6/2019 16:56:00,26.55,26.76,26.47,26.76,18423400,0.0
3/7/2019 16:56:00,26.8,26.91,26.49,26.77,32835300,0.0
3/8/2019 16:56:00,26.49,26.75,26.22,26.67,49564400,0.0
3/11/2019 16:56:00,27.02,27.78,27.01,27.75,66742800,0.0
3/12/2019 16:56:00,27.79,27.96,27.25,27.5,64287300,0.0
3/13/2019 16:56:00,27.59,28.13,27.52,28.1,61057200,0.0
3/14/2019 16:56:00,28.15,28.2,27.91,28.19,42777800,0.0
3/15/2019 16:56:00,28.16,28.39,28.11,28.25,61041100,0.0
3/18/2019 16:56:00,28.35,28.79,28.26,28.74,91920600,0.0
3/19/2019 16:56:00,28.85,29.5,28.6,29.2,69423600,0.0
3/20/2019 16:56:00,29.2,29.6,28.9,28.97,68878000,0.0
3/21/2019 16:56:00,28.84,28.97,27.92,28.56,80121300,-0.435637
3/22/2019 16:56:00,27.94,28.14,27.0,27.0,104731100,-0.695383
3/25/2019 16:56:00,26.83,27.59,26.82,27.34,104772900,0.0
3/26/2019 16:56:00,27.74,28.68,27.72,28.63,91549100,0.0
3/27/2019 16:56:00,28.21,28.21,27.34,27.34,66415400,0.0
3/28/2019 16:56:00,27.25,28.06,26.95,28.06,69412700,0.0
3/29/2019 16:56:00,28.45,28.53,27.74,28.06,51587400,0.0
4/1/2019 16:56:00,28.4,28.42,27.87,28.0,42289800,0.0
4/2/2019 16:56:00,28.14,28.3,27.86,28.29,38460600,0.0
4/3/2019 16:56:00,28.53,28.56,27.54,27.54,55120900,0.0
4/4/2019 16:56:00,27.77,28.47,27.37,28.47,52248100,-0.664559
4/5/2019 16:56:00,28.54,28.89,28.21,28.78,54708900,0.0
4/8/2019 16:56:00,29.06,29.39,28.98,29.25,55270000,-0.520282
4/9/2019 16:56:00,29.03,29.24,28.67,29.16,43863700,-0.612892
4/10/2019 16:56:00,29.55,29.57,28.78,28.78,62005200,0.0
4/11/2019 16:56:00,28.7,28.7,27.87,28.0,56126400,0.0
4/12/2019 16:56:00,26.47,26.97,25.57,25.83,227307600,0.0
4/15/2019 16:56:00,26.35,26.58,25.55,25.93,117567200,0.0
4/16/2019 16:56:00,25.95,27.06,25.63,26.72,95149300,0.0
4/17/2019 16:56:00,27.12,27.34,26.22,26.75,103988400,-0.793934
4/18/2019 16:56:00,27.36,27.89,27.25,27.6,100942100,0.647707
4/22/2019 16:56:00,27.69,27.89,27.32,27.44,45321900,0.0
4/23/2019 16:56:00,27.72,28.0,27.68,27.68,52199500,-0.613737
4/24/2019 16:56:00,27.72,27.89,27.21,27.6,57704700,-0.644626
4/25/2019 16:56:00,27.45,28.07,27.43,27.8,55201700,0.0
4/26/2019 16:56:00,27.68,27.77,27.06,27.25,52616600,0.0
4/29/2019 16:56:00,27.55,27.62,27.34,27.37,27689800,0.0
4/30/2019 16:56:00,27.52,27.66,26.98,27.11,39570700,-0.761146
5/2/2019 16:56:00,26.8,26.82,26.52,26.73,37820300,0.0
5/3/2019 16:56:00,26.9,27.07,26.85,26.85,33334800,-0.692325
5/6/2019 16:56:00,26.39,26.77,26.36,26.77,31715900,0.0
5/7/2019 16:56:00,26.65,26.66,26.12,26.35,52454400,0.0
5/8/2019 16:56:00,26.31,27.47,26.29,27.37,71780300,0.75934
5/9/2019 16:56:00,27.1,27.12,26.64,26.83,46663300,0.0
5/10/2019 16:56:00,26.87,26.92,26.42,26.68,33336000,0.0
5/13/2019 16:56:00,26.21,26.47,25.82,25.9,43146100,0.0
5/14/2019 16:56:00,26.17,26.23,25.85,26.0,34968600,0.0
5/15/2019 16:56:00,25.74,25.89,25.66,25.88,37053900,-0.654674
5/16/2019 16:56:00,25.77,26.04,25.24,25.27,46502200,0.0
5/17/2019 16:56:00,25.05,25.42,24.47,24.68,67291200,-0.611518
5/20/2019 16:56:00,24.68,25.52,24.64,25.52,54472000,-0.624694
5/21/2019 16:56:00,25.7,26.49,25.42,26.49,57846700,0.0
5/22/2019 16:56:00,26.34,26.47,25.96,26.29,48439300,0.0
5/23/2019 16:56:00,25.9,25.92,25.52,25.84,49527400,0.0
5/24/2019 16:56:00,26.15,26.36,25.93,26.09,35915100,0.0
5/27/2019 16:56:00,26.3,26.54,26.17,26.24,33892000,0.0
5/28/2019 16:56:00,26.13,26.8,26.13,26.8,60774600,-0.671481
5/29/2019 16:56:00,26.49,26.71,26.26,26.5,43124400,-0.543406
5/30/2019 16:56:00,26.51,26.86,25.99,26.15,71847200,0.0
5/31/2019 16:56:00,25.79,26.27,25.42,25.55,63137200,0.0
6/3/2019 16:56:00,25.88,26.32,25.85,25.99,53470600,-0.714995
6/4/2019 16:56:00,26.29,26.37,26.03,26.2,37331100,0.0
6/5/2019 16:56:00,26.18,26.29,25.56,25.86,65282100,0.0
6/6/2019 16:56:00,26.17,26.63,25.72,26.28,87836900,0.0
6/7/2019 16:56:00,26.69,26.83,26.37,26.76,52235500,0.0
6/10/2019 16:56:00,26.6,26.89,26.52,26.65,39666800,-0.882035
6/11/2019 16:56:00,26.89,27.29,26.71,27.16,52437000,0.0
6/12/2019 16:56:00,27.02,27.12,26.64,26.85,43392200,0.0
6/13/2019 16:56:00,27.15,27.39,27.08,27.18,48981600,0.0
6/14/2019 16:56:00,27.2,27.25,26.9,27.06,42802400,0.0
6/17/2019 16:56:00,27.08,27.43,26.96,27.11,49290000,0.0
6/18/2019 16:56:00,27.3,27.52,27.25,27.45,31332800,-0.688584
6/19/2019 16:56:00,27.35,27.59,27.22,27.52,33286300,0.0
6/21/2019 16:56:00,27.95,28.39,27.95,28.28,58424700,0.0
6/24/2019 16:56:00,28.32,28.38,28.12,28.25,27365000,0.0
6/25/2019 16:56:00,28.14,28.16,27.38,27.51,56472100,0.0
6/26/2019 16:56:00,27.55,27.93,27.52,27.67,48901500,0.0
6/27/2019 16:56:00,27.44,27.55,27.01,27.23,55219200,0.0
6/28/2019 16:56:00,27.45,27.61,27.11,27.41,40262000,0.0
7/1/2019 16:56:00,27.84,28.03,27.21,27.26,46759100,0.0
7/2/2019 16:56:00,27.26,27.26,26.65,26.82,57954200,0.0
7/3/2019 16:56:00,27.04,27.2,26.89,27.13,33975800,-0.59589
7/4/2019 16:56:00,27.38,27.58,27.32,27.39,28577400,-0.687478
7/5/2019 16:56:00,27.27,27.59,27.13,27.4,27414700,0.0
7/8/2019 16:56:00,27.5,27.72,27.44,27.65,25318200,0.0
7/10/2019 16:56:00,28.0,28.27,27.97,28.07,50715800,0.0
7/11/2019 16:56:00,28.2,28.51,28.16,28.4,48206900,0.0
7/12/2019 16:56:00,28.54,28.74,28.41,28.53,40908900,0.0
7/15/2019 16:56:00,28.59,28.65,28.18,28.18,36592400,0.0
7/16/2019 16:56:00,28.28,28.33,27.6,27.83,54789300,0.0
7/17/2019 16:56:00,27.99,28.0,27.64,27.68,28923500,-0.678682
7/18/2019 16:56:00,27.76,27.81,27.43,27.51,35830700,0.0
7/19/2019 16:56:00,27.5,27.6,27.37,27.44,28418900,0.0
7/22/2019 16:56:00,27.62,27.75,27.36,27.49,22304400,0.0
7/23/2019 16:56:00,27.51,27.63,27.4,27.52,21124400,0.0
7/24/2019 16:56:00,27.59,27.64,27.3,27.35,27939600,0.0
7/25/2019 16:56:00,27.47,27.5,26.81,26.89,26892300,-0.860266
7/26/2019 16:56:00,26.8,26.8,26.1,26.14,75644000,0.0
7/29/2019 16:56:00,26.22,26.44,25.96,26.38,26493300,0.0
7/30/2019 16:56:00,26.35,26.49,26.18,26.24,38201600,0.0
7/31/2019 16:56:00,26.39,26.5,26.02,26.08,39890200,0.0
8/1/2019 16:56:00,26.3,26.56,25.16,26.25,91345800,0.0
8/2/2019 16:56:00,26.37,26.89,26.28,26.52,64112900,0.0
8/5/2019 16:56:00,25.8,26.13,25.52,25.55,48277000,0.0
8/6/2019 16:56:00,25.9,26.22,25.68,25.88,44208100,0.0
8/7/2019 16:56:00,25.44,25.73,25.0,25.6,67698500,0.0
8/8/2019 16:56:00,26.1,26.35,25.86,26.35,50256700,0.0
8/9/2019 16:56:00,26.3,26.69,26.1,26.28,36641500,0.0
8/12/2019 16:56:00,25.92,25.92,25.54,25.65,36122000,0.0
8/13/2019 16:56:00,25.36,26.13,25.23,25.79,45330500,0.0
8/14/2019 16:56:00,25.26,25.38,24.78,24.92,54401100,-0.81987
8/15/2019 16:56:00,24.99,25.0,24.14,24.23,53894500,0.0
8/16/2019 16:56:00,24.72,24.77,23.89,23.91,56782000,0.0
8/19/2019 16:56:00,24.3,24.5,23.85,24.03,50699300,0.0
8/20/2019 16:56:00,23.91,24.19,23.68,24.02,37141700,0.0
8/21/2019 16:56:00,24.35,25.99,24.18,25.45,87840800,0.0
8/22/2019 16:56:00,25.5,25.72,25.16,25.22,40808800,0.0
8/23/2019 16:56:00,24.78,25.37,24.23,24.28,58032300,0.0
8/26/2019 16:56:00,24.58,24.68,23.77,23.96,39688800,0.0
8/27/2019 16:56:00,24.17,24.82,23.81,24.34,70475200,0.0
8/28/2019 16:56:00,24.2,24.7,24.12,24.59,41981500,0.0
8/29/2019 16:56:00,24.9,25.5,24.68,25.5,61008800,0.0
8/30/2019 16:56:00,25.53,25.69,25.17,25.5,54958200,0.0
9/2/2019 16:56:00,25.39,25.58,25.25,25.3,19049900,0.0
9/3/2019 16:56:00,25.11,25.66,25.03,25.6,47829600,0.0
9/4/2019 16:56:00,26.16,26.37,26.0,26.26,56179000,0.0
9/5/2019 16:56:00,26.6,26.79,26.34,26.39,48586800,0.0
9/6/2019 16:56:00,26.4,26.86,26.2,26.52,48502200,0.0
9/9/2019 16:56:00,26.75,27.02,26.7,26.93,37303000,0.0
9/10/2019 16:56:00,27.05,27.35,26.78,27.1,44109400,-0.610184
9/11/2019 16:56:00,27.35,27.35,26.83,26.87,51540400,-0.517943
9/12/2019 16:56:00,26.86,27.14,26.64,27.06,41028300,0.0
9/13/2019 16:56:00,27.12,27.2,26.82,26.88,24709400,0.0
9/16/2019 16:56:00,28.12,28.24,27.69,28.06,167634600,0.0
9/17/2019 16:56:00,27.66,27.75,27.16,27.69,67414800,0.0
9/18/2019 16:56:00,27.37,27.49,27.22,27.22,40567100,0.0
9/19/2019 16:56:00,27.83,27.85,27.22,27.29,42155100,0.0
9/20/2019 16:56:00,27.35,27.43,27.0,27.0,51946900,0.0
9/23/2019 16:56:00,27.0,27.49,26.92,27.48,32643100,0.0
9/24/2019 16:56:00,27.42,27.54,27.15,27.27,36643400,0.0
9/25/2019 16:56:00,27.03,27.35,26.78,27.34,29038400,-0.612847
9/26/2019 16:56:00,27.4,27.7,27.23,27.7,33705900,0.0
9/27/2019 16:56:00,27.55,27.95,27.52,27.66,31886800,0.0
9/30/2019 16:56:00,27.56,27.64,27.4,27.55,23143400,0.0
10/1/2019 16:56:00,27.6,27.73,27.36,27.51,32423200,0.0
10/2/2019 16:56:00,27.22,27.26,26.61,26.72,51261200,0.0
10/3/2019 16:56:00,26.75,26.81,26.28,26.74,46076300,-0.659104
10/4/2019 16:56:00,26.85,26.92,26.27,26.51,47951600,0.0
10/7/2019 16:56:00,26.37,26.6,26.1,26.17,26252500,0.0
10/8/2019 16:56:00,26.17,26.44,25.95,26.02,30418900,-0.796278
10/9/2019 16:56:00,26.35,26.71,26.15,26.52,35141400,0.0
10/10/2019 16:56:00,26.59,26.88,26.54,26.74,31056500,0.0
10/11/2019 16:56:00,26.93,27.36,26.93,27.26,37055300,0.0
10/14/2019 16:56:00,27.04,27.33,26.94,27.31,20809900,0.0
10/15/2019 16:56:00,27.31,27.88,27.31,27.6,30455300,-0.597682
10/16/2019 16:56:00,27.55,27.97,27.36,27.93,31381300,-0.743934
10/17/2019 16:56:00,27.93,28.0,27.59,27.66,31405400,0.0
10/18/2019 16:56:00,27.89,27.99,27.6,27.6,36070900,0.0
10/21/2019 16:56:00,27.75,27.81,27.6,27.77,43337700,0.0
10/22/2019 16:56:00,27.8,28.68,27.77,28.57,64228700,-0.675819
10/23/2019 16:56:00,28.53,29.08,28.45,28.95,45930600,0.0
10/24/2019 16:56:00,29.15,29.25,28.23,28.32,60529900,0.0
10/25/2019 16:56:00,29.2,29.55,29.01,29.25,74476900,0.0
10/28/2019 16:56:00,29.22,29.66,29.12,29.6,37461800,0.0
10/29/2019 16:56:00,29.4,29.94,29.26,29.82,49994200,-0.719933
10/30/2019 16:56:00,29.77,30.09,29.47,30.08,63001200,0.0
10/31/2019 16:56:00,29.86,30.46,29.64,30.39,67070400,0.0
11/1/2019 16:56:00,30.59,31.23,29.84,30.43,101210200,0.0
11/4/2019 16:56:00,30.89,31.22,29.96,30.36,81023400,0.0
11/5/2019 16:56:00,30.41,30.6,29.58,29.65,92980900,-0.742096
11/6/2019 16:56:00,30.05,30.7,28.1,29.71,154003100,-0.619952
11/7/2019 16:56:00,30.0,31.07,29.54,30.9,96329000,0.0
11/8/2019 16:56:00,30.45,30.79,29.93,30.02,61567700,0.0
11/11/2019 16:56:00,29.85,30.45,29.79,30.45,30570500,0.0
11/12/2019 16:56:00,30.04,30.61,30.01,30.02,41655600,0.0
11/13/2019 16:56:00,29.95,30.13,29.61,29.9,41827700,0.0
11/14/2019 16:56:00,29.88,30.1,29.27,29.3,44595200,-0.271013
11/18/2019 16:56:00,29.7,29.85,29.07,29.08,54468100,0.0
11/19/2019 16:56:00,29.25,29.49,28.73,28.78,33740200,0.0
11/21/2019 16:56:00,28.93,29.85,28.88,29.85,53033100,0.0
11/22/2019 16:56:00,29.76,30.34,29.56,29.98,34786000,0.0
11/25/2019 16:56:00,29.92,30.1,29.63,29.73,29868400,-0.721647
11/26/2019 16:56:00,29.62,29.73,29.1,29.19,54147800,0.0
11/27/2019 16:56:00,29.35,29.65,29.14,29.33,33072500,0.694926
11/28/2019 16:56:00,29.32,29.54,28.81,29.53,46602800,0.0
11/29/2019 16:56:00,29.49,29.56,29.01,29.15,37699000,-0.497894
12/2/2019 16:56:00,29.4,29.5,29.07,29.07,31353600,0.0
12/3/2019 16:56:00,29.17,29.19,28.73,28.98,29194000,-0.287955
12/4/2019 16:56:00,29.26,29.66,29.11,29.66,44960000,0.0
12/5/2019 16:56:00,29.64,30.39,29.52,30.05,50447000,0.0
12/6/2019 16:56:00,30.15,30.59,30.13,30.35,44348600,0.0
12/9/2019 16:56:00,30.3,30.48,30.12,30.21,34694100,0.0
12/10/2019 16:56:00,30.1,30.44,29.9,30.44,27532700,0.0
12/11/2019 16:56:00,30.51,30.71,30.26,30.4,38458300,-0.530885
12/12/2019 16:56:00,30.64,31.05,30.48,30.97,47797800,0.0
12/13/2019 16:56:00,30.89,30.97,29.87,29.98,105004400,0.0
12/16/2019 16:56:00,30.05,30.17,29.41,29.41,68871000,0.0
12/17/2019 16:56:00,29.64,29.9,29.43,29.85,40679900,0.0
12/18/2019 16:56:00,29.75,30.57,29.7,30.54,64201600,0.0
12/19/2019 16:56:00,30.45,30.75,30.42,30.61,39696000,0.0
12/20/2019 16:56:00,30.6,30.6,30.02,30.26,93064900,0.0
12/23/2019 16:56:00,30.19,30.5,30.03,30.5,21970200,0.0
12/26/2019 16:56:00,30.59,30.93,30.5,30.91,24810500,0.0
12/27/2019 16:56:00,30.69,30.92,30.29,30.52,24995100,0.0
12/30/2019 16:56:00,30.55,30.71,30.15,30.18,22111600,0.0
1/2/2020 16:56:00,30.51,30.7,30.31,30.7,37774500,0.0
1/3/2020 17:50:00,30.88,31.24,30.45,30.45,71595600,0.0
1/6/2020 16:56:00,30.43,30.94,29.95,30.81,81844000,0.0
1/7/2020 16:56:00,30.6,30.6,30.6,30.69,32822000,0.0
1/8/2020 16:56:00,30.69,30.77,30.24,30.5,48215600,0.0
1/9/2020 16:56:00,30.47,30.62,30.25,30.4,36102700,0.0
1/10/2020 16:56:00,30.39,30.44,30.13,30.27,25397500,0.0
1/13/2020 16:56:00,30.35,30.43,30.21,30.33,30676800,0.0
1/14/2020 16:56:00,30.23,30.27,29.77,30.0,39796500,0.0
1/15/2020 16:56:00,29.9,29.93,29.54,29.55,34405700,0.0
1/16/2020 16:56:00,29.6,29.7,29.33,29.52,28997400,0.0
1/17/2020 16:56:00,29.72,29.85,29.54,29.85,34908000,0.0
1/20/2020 16:56:00,29.7,30.1,29.65,30.0,31241400,-0.848555
1/21/2020 16:56:00,29.8,29.94,29.55,29.62,28577400,0.0
1/22/2020 16:56:00,29.73,29.81,29.27,29.29,32491500,0.0
1/23/2020 16:56:00,29.09,29.76,28.82,29.65,53752100,-0.805031
1/24/2020 16:56:00,29.56,29.78,29.14,29.3,36898700,0.0
1/27/2020 16:56:00,28.63,28.64,27.67,28.03,66105300,0.0
1/28/2020 16:56:00,28.43,29.14,28.42,28.8,47259100,0.0
1/29/2020 16:56:00,29.0,29.08,28.67,28.85,42297500,0.0
1/30/2020 16:56:00,28.28,29.04,28.18,28.94,44266800,0.0
1/31/2020 16:56:00,28.63,28.84,28.31,28.45,55446700,0.0
2/3/2020 16:56:00,28.52,28.73,28.16,28.18,39452800,-0.45967
2/4/2020 16:56:00,28.65,29.04,28.56,28.63,57658400,0.0
2/5/2020 16:56:00,29.05,29.22,28.39,28.39,67994500,0.0
2/6/2020 16:56:00,28.7,29.51,28.12,29.18,126114000,0.0
2/7/2020 16:56:00,29.0,29.35,28.73,28.93,54514600,0.0
2/10/2020 16:56:00,28.89,29.13,28.64,29.13,45328100,0.0
2/11/2020 16:56:00,29.4,29.63,29.26,29.48,37518200,-0.674114
2/12/2020 16:56:00,29.64,30.28,29.63,30.13,64851000,0.0
2/13/2020 16:56:00,29.77,30.21,29.64,29.72,55277100,-0.626352
2/14/2020 16:56:00,29.86,29.96,29.34,29.42,30399900,-0.47383
2/17/2020 16:56:00,29.63,29.77,29.31,29.36,38684900,0.0
2/18/2020 16:56:00,29.06,29.77,28.95,29.75,33890900,0.0
2/19/2020 16:56:00,29.87,30.55,29.76,30.55,44181800,-0.699817
2/20/2020 16:56:00,30.8,30.89,29.75,29.92,73522900,0.0
2/21/2020 16:56:00,29.51,29.68,29.03,29.14,47805100,-0.800036
2/26/2020 16:56:00,27.04,27.39,26.03,26.21,89207100,-0.727046
2/27/2020 16:56:00,25.72,26.53,24.89,25.3,100112100,0.0
2/28/2020 16:56:00,25.16,25.56,24.62,25.34,89095300,-0.654878
3/2/2020 16:56:00,25.5,26.75,25.48,26.53,71596400,0.0
3/3/2020 16:56:00,26.57,27.48,25.76,26.05,86855700,0.0
3/4/2020 16:56:00,26.91,26.94,26.24,26.89,42320500,0.0
3/5/2020 16:56:00,26.33,26.67,24.71,25.29,69722300,-0.656555
3/6/2020 16:56:00,24.1,24.13,22.55,22.83,138597600,-0.762395
3/9/2020 16:56:00,17.81,18.23,15.41,16.05,254813800,-0.821322
3/10/2020 16:56:00,18.65,18.65,16.37,17.56,170478000,0.0
3/11/2020 16:56:00,16.7,17.13,15.0,15.85,132482400,0.0
3/12/2020 16:56:00,13.66,13.86,11.08,12.6,151535900,-0.62389
3/13/2020 16:56:00,15.1,15.4,12.7,15.4,174972600,0.0
3/16/2020 16:56:00,12.91,14.1,12.55,13.09,126432800,0.0
3/17/2020 16:56:00,13.6,13.84,13.0,13.0,149228500,0.0
3/18/2020 16:56:00,11.79,12.27,10.87,11.29,162515200,-0.609108
3/19/2020 16:56:00,11.07,13.07,10.85,12.21,157065200,0.0
3/20/2020 16:56:00,13.11,13.5,11.83,12.0,149029900,-0.610273
3/23/2020 16:56:00,12.11,12.18,11.28,11.5,107092400,0.0
3/24/2020 16:56:00,12.57,13.54,12.28,13.25,114259200,-0.596828
3/25/2020 16:56:00,13.24,14.79,12.83,14.32,158286200,-0.768231
3/26/2020 16:56:00,14.4,15.19,13.81,14.39,130618400,0.0
3/27/2020 16:56:00,13.3,13.69,13.25,13.3,101405900,0.0
3/30/2020 16:56:00,13.15,13.74,12.83,13.38,110947200,0.395025
3/31/2020 16:56:00,13.6,14.54,13.6,13.99,156116500,-0.572728
4/1/2020 16:56:00,13.45,14.55,13.32,14.3,114455000,0.0
4/2/2020 16:56:00,15.4,16.55,15.01,15.51,234951200,0.0
4/3/2020 16:56:00,16.3,16.36,14.93,15.34,142898700,0.0
